/*******************************************************************************
 * Size: 18 px
 * Bpp: 4
 * Opts: --font /System/Library/Fonts/Supplemental/Arial Unicode.ttf --range 0x20-0x7F --symbols %-=°℃≋☀☁☔⚡❄、。一三上下不与个中串主事于云亮仅今代令以仪件任优位低体使保值停光克入关具内册冲击分创初到刷前力加务动勒化占卡原及发口可号同后向否听启和器回因在地均块声处备外多天失始字存完实室家容对小就居屏展峰已帧常幕度建开异当录待循心志忙态总情成扬指按据排接控提摸播放效数断斯新方无日旧时明是显晴暂更最有服未本机条来板染查标概模次止正步每气水污法注测温渲湿源灭点版状率环现理用由界的目相看知硬确示离空等箱粒线组细络绪续缓编网置背能自良节落行表览角触认设证诊试话详语说请调负责败质起路轻载输运近连邮采重量钮链闲间队降集雨雪雷雾靠面音页频颗风食首验高麦默，： --size 18 --bpp 4 --format lvgl --lv-include lvgl.h --lv-font-name ui_font_p4home_zh_18 -o firmware/components/ui_pages/fonts/ui_font_p4home_zh_18.c
 ******************************************************************************/

#ifdef LV_LVGL_H_INCLUDE_SIMPLE
#include "lvgl.h"
#else
#include "lvgl.h"
#endif

#ifndef UI_FONT_P4HOME_ZH_18
#define UI_FONT_P4HOME_ZH_18 1
#endif

#if UI_FONT_P4HOME_ZH_18

/*-----------------
 *    BITMAPS
 *----------------*/

/*Store the image of the glyphs*/
static LV_ATTRIBUTE_LARGE_CONST const uint8_t glyph_bitmap[] = {
    /* U+0020 " " */

    /* U+0021 "!" */
    0x7f, 0x70, 0xf, 0xe2, 0x1, 0x10, 0x1b, 0x80,
    0x88, 0x1c, 0xc0, 0x44, 0x6, 0x1a, 0x20, 0x40,
    0xbc, 0xa6, 0x26,

    /* U+0022 "\"" */
    0x4f, 0x82, 0xfa, 0x0, 0xf3, 0x87, 0x98, 0x19,
    0x80, 0x84, 0x3c, 0x11, 0xc1, 0x54,

    /* U+0023 "#" */
    0x0, 0x9f, 0x40, 0xd, 0xc0, 0x1b, 0x5c, 0x1,
    0xea, 0x1, 0x9f, 0x40, 0xa, 0x60, 0x18, 0x8c,
    0x0, 0x7a, 0x19, 0xfe, 0xb, 0xff, 0x5, 0x6c,
    0x52, 0x8d, 0x51, 0x82, 0xa5, 0x14, 0xd5, 0x61,
    0x35, 0x40, 0x2, 0x98, 0x0, 0xd4, 0x2, 0x13,
    0xe1, 0x12, 0xf0, 0x8b, 0x38, 0x27, 0xb8, 0x31,
    0xd9, 0xee, 0x17, 0x68, 0xb, 0xb7, 0x18, 0x1a,
    0x20, 0x9, 0x10, 0x60, 0x88, 0x0, 0x63, 0x80,
    0x63, 0xd0, 0x2, 0xe8, 0x4,

    /* U+0024 "$" */
    0x0, 0xd1, 0x0, 0xf, 0x3f, 0x3b, 0xb9, 0x80,
    0x26, 0x84, 0x66, 0x14, 0xa0, 0x2, 0xce, 0xbb,
    0x9a, 0x1e, 0x0, 0x25, 0x0, 0x86, 0xe4, 0x0,
    0x2a, 0x1, 0x90, 0x80, 0x12, 0x77, 0xa0, 0x1e,
    0x77, 0x22, 0xc5, 0x18, 0x6, 0x8f, 0x52, 0x5c,
    0x50, 0xe, 0xda, 0xd1, 0xb0, 0x1, 0x8, 0x4,
    0x4c, 0x24, 0x7a, 0xc0, 0x1b, 0xc0, 0xcc, 0x14,
    0x1, 0xa8, 0x44, 0x12, 0x59, 0x98, 0xac, 0x0,
    0xd4, 0x8, 0x81, 0x95, 0x0, 0x97, 0x22, 0x1a,
    0xc0, 0x1e, 0x44, 0x0, 0x60,

    /* U+0025 "%" */
    0x6, 0xee, 0x38, 0x6, 0x5e, 0x0, 0x8e, 0x62,
    0xe1, 0x0, 0x28, 0x80, 0x5, 0x64, 0xca, 0xae,
    0x0, 0x29, 0xb0, 0x4, 0x4c, 0x0, 0x36, 0x0,
    0x44, 0x0, 0x31, 0xb8, 0x0, 0xd8, 0x18, 0xd8,
    0x3, 0x69, 0x98, 0x93, 0x2, 0xe0, 0x3, 0x91,
    0xb3, 0x51, 0x98, 0x6c, 0x1, 0xe9, 0xee, 0x50,
    0x5c, 0x3, 0xee, 0x98, 0x2, 0x11, 0x3, 0x1b,
    0x24, 0x45, 0x28, 0x1, 0xd7, 0x1, 0xc8, 0xaa,
    0x4d, 0x0, 0xcc, 0x6c, 0x2, 0x20, 0x0, 0x90,
    0x6, 0x88, 0x0, 0x8, 0x40, 0x2, 0x20, 0x9,
    0x81, 0x80, 0x1a, 0x89, 0xb8, 0x2, 0x88, 0x0,
    0x49, 0x15, 0x48, 0x40,

    /* U+0026 "&" */
    0x0, 0x8f, 0x3f, 0x50, 0x3, 0xc5, 0x81, 0x23,
    0x66, 0x1, 0xd4, 0x1a, 0xdc, 0x16, 0x1, 0xf1,
    0x0, 0x5e, 0x1, 0xd6, 0x1c, 0x3c, 0xc, 0x1,
    0xc6, 0xe5, 0xc5, 0x82, 0x1, 0xc6, 0x80, 0x8,
    0x30, 0xe, 0x3c, 0x1b, 0x19, 0x20, 0x83, 0x0,
    0x70, 0xe2, 0x50, 0x7a, 0x3a, 0x1, 0x11, 0xc4,
    0x12, 0xa, 0xc1, 0x40, 0x3e, 0x74, 0x4, 0x20,
    0x21, 0x62, 0x0, 0x12, 0x82, 0x20, 0x1, 0x61,
    0x93, 0x2d, 0x19, 0xb, 0x40, 0x5b, 0x26, 0x75,
    0xd6, 0xc2, 0x50, 0x2, 0x67, 0xf5, 0x10, 0x1e,
    0x88,

    /* U+0027 "'" */
    0x3f, 0x90, 0x8, 0x40, 0x48, 0x38, 0x15, 0x40,

    /* U+0028 "(" */
    0x0, 0x17, 0x8, 0x2, 0x58, 0x41, 0x11, 0x20,
    0xf, 0x51, 0x2, 0x4f, 0x0, 0x20, 0x20, 0x3,
    0x4, 0x40, 0x6, 0x20, 0x8, 0x9c, 0x3, 0x38,
    0x4, 0x42, 0x1, 0x31, 0x80, 0x58, 0x24, 0x0,
    0x40, 0x40, 0x1, 0x26, 0x80, 0x5e, 0x82, 0x0,
    0x44, 0x40, 0x5, 0x2c, 0x20,

    /* U+0029 ")" */
    0x1e, 0x20, 0x0, 0xbc, 0x80, 0x50, 0x88, 0x0,
    0xa, 0x78, 0x5, 0xa8, 0x20, 0x4, 0x7, 0x0,
    0x10, 0x60, 0x4, 0x4c, 0x1, 0x8, 0x80, 0x27,
    0x0, 0xcc, 0x20, 0x11, 0xb0, 0x0, 0x45, 0x80,
    0x4, 0x7, 0x0, 0x7a, 0x8, 0xa, 0xf8, 0x2,
    0x51, 0x0, 0x2d, 0x20, 0x0,

    /* U+002A "*" */
    0x0, 0xf, 0x88, 0x4, 0xc0, 0x13, 0x1, 0xcf,
    0x87, 0xc1, 0x9b, 0xd0, 0x1f, 0x8c, 0x15, 0x56,
    0xca, 0x0, 0x79, 0x49, 0x70,

    /* U+002B "+" */
    0x0, 0x9f, 0xc0, 0x3f, 0xfa, 0x7f, 0xf4, 0x7,
    0xfd, 0xe, 0xf1, 0x83, 0xbd, 0x91, 0x15, 0x84,
    0x44, 0x80, 0x1f, 0xfc, 0x60,

    /* U+002C "," */
    0x5e, 0x63, 0x10, 0x67, 0x31, 0x54, 0x39, 0x10,

    /* U+002D "-" */
    0x4a, 0xac, 0x84, 0xab, 0x88,

    /* U+002E "." */
    0x5e, 0x53, 0x13,

    /* U+002F "/" */
    0x0, 0x9b, 0x40, 0x2c, 0x40, 0x9, 0x30, 0x0,
    0x62, 0x80, 0x4, 0x31, 0x0, 0x62, 0x0, 0x49,
    0x80, 0x4, 0x4, 0x0, 0x62, 0x0, 0x49, 0x80,
    0x1, 0x34, 0x0, 0x20, 0x98, 0x3, 0x10, 0x2,
    0x4c, 0x0, 0x80,

    /* U+0030 "0" */
    0x0, 0xd, 0x7f, 0xa8, 0x80, 0x36, 0x24, 0x41,
    0x30, 0x40, 0xe, 0x5a, 0xee, 0xd1, 0x60, 0x5,
    0x99, 0x80, 0x6, 0x6a, 0x0, 0x1a, 0x80, 0x65,
    0x20, 0x10, 0xe0, 0xd, 0xc0, 0x46, 0x2, 0x1,
    0xfc, 0x20, 0x1f, 0xfc, 0x52, 0xe, 0x0, 0xdc,
    0x4, 0x6, 0xa0, 0x19, 0x4c, 0x1, 0x66, 0x60,
    0x1, 0x9a, 0xc0, 0xc, 0x3a, 0xee, 0xd2, 0x70,
    0x0, 0xe2, 0x44, 0x13, 0x0, 0x0,

    /* U+0031 "1" */
    0x0, 0xa7, 0x0, 0xa, 0xc0, 0x7, 0xa0, 0x6,
    0x42, 0x90, 0xd, 0x50, 0x1, 0xaa, 0x1, 0xff,
    0xdf,

    /* U+0032 "2" */
    0x0, 0x1d, 0xff, 0xb1, 0x0, 0x23, 0xc6, 0x88,
    0xd, 0xa0, 0x3, 0xc7, 0x5d, 0xd8, 0x30, 0x0,
    0x37, 0x0, 0x85, 0xcc, 0x1, 0xd0, 0x1, 0x88,
    0x2, 0x11, 0x0, 0x44, 0x8a, 0x1, 0xf7, 0x4,
    0x80, 0x7a, 0xce, 0xc, 0x3, 0xad, 0x1d, 0xc0,
    0x18, 0x71, 0x22, 0x0, 0x1d, 0xa7, 0x2e, 0x1,
    0xd2, 0x72, 0xc0, 0x1c, 0x2c, 0x1f, 0x33, 0xc0,
    0x80, 0x6, 0x6f, 0x8,

    /* U+0033 "3" */
    0x0, 0x1d, 0xff, 0x50, 0x80, 0x45, 0x8d, 0x2c,
    0xb8, 0x1, 0x48, 0xe3, 0x45, 0x13, 0x0, 0x4e,
    0x20, 0x4, 0xf, 0x0, 0x5c, 0x80, 0x44, 0x1e,
    0x1, 0xe4, 0xd2, 0x60, 0xe, 0xfb, 0x1b, 0x0,
    0xf5, 0x51, 0x26, 0x0, 0x39, 0x55, 0x64, 0xe0,
    0x1f, 0x94, 0xc, 0x7a, 0x0, 0x30, 0x80, 0x88,
    0xd8, 0x2, 0x17, 0x22, 0x4, 0x8e, 0xbb, 0xbc,
    0x78, 0x0, 0x96, 0x31, 0x5, 0xd3, 0x0,

    /* U+0034 "4" */
    0x0, 0xe3, 0xf7, 0x0, 0xfb, 0x80, 0x3f, 0x39,
    0x0, 0x7c, 0x51, 0x0, 0xf, 0xb9, 0x54, 0x1,
    0xe7, 0x3b, 0x0, 0xf1, 0x44, 0x88, 0x7, 0xa4,
    0xd8, 0x3, 0xcc, 0x9c, 0x1, 0xf6, 0x86, 0xff,
    0xb4, 0x23, 0xcb, 0x5d, 0xf3, 0x2, 0x39, 0xb4,
    0x46, 0xb0, 0xc8, 0x10, 0xf, 0xfe, 0x40,

    /* U+0035 "5" */
    0x0, 0x67, 0xff, 0x50, 0x4, 0x66, 0x66, 0xd8,
    0x0, 0x20, 0xa9, 0x9c, 0xc0, 0x6, 0x5, 0x0,
    0xf8, 0xc0, 0xc0, 0x40, 0x3b, 0x46, 0xbf, 0xb8,
    0xc0, 0x13, 0x88, 0xa6, 0xe, 0x5c, 0x1, 0x51,
    0x6c, 0xf8, 0x30, 0x0, 0x77, 0x0, 0x42, 0xc0,
    0x60, 0x1f, 0x78, 0x38, 0xeb, 0x80, 0x6e, 0x6,
    0x13, 0x90, 0x8, 0x98, 0xc8, 0x2c, 0x75, 0xe3,
    0x3, 0x80, 0xb, 0x63, 0xe, 0xba, 0x40,

    /* U+0036 "6" */
    0x0, 0xa3, 0xbf, 0x10, 0x3, 0x63, 0xb4, 0x85,
    0xa0, 0x1, 0x8e, 0xa1, 0xb0, 0x60, 0x1, 0x46,
    0xa0, 0x15, 0xd0, 0x0, 0xd0, 0x0, 0x20, 0xac,
    0x4, 0x1d, 0x1f, 0xdc, 0x60, 0x0, 0x85, 0xb4,
    0x49, 0x4b, 0x0, 0x45, 0x8e, 0xd8, 0x50, 0x1,
    0x21, 0x0, 0x4a, 0x24, 0x40, 0x20, 0xd, 0xc0,
    0x23, 0x28, 0x6, 0xe0, 0x20, 0x73, 0x40, 0x0,
    0xb1, 0x88, 0x41, 0x5c, 0x3e, 0xf, 0x80, 0x7,
    0x19, 0x90, 0x36, 0x60,

    /* U+0037 "7" */
    0x2f, 0xff, 0xc6, 0x66, 0x6f, 0x0, 0x90, 0xcc,
    0xf7, 0x85, 0x8, 0x7, 0xc, 0xaa, 0x0, 0x7a,
    0xc2, 0xc0, 0x3c, 0x4a, 0xc2, 0x1, 0xeb, 0xb,
    0x0, 0xf9, 0x90, 0x80, 0x3c, 0xa1, 0xc0, 0x1f,
    0x78, 0x20, 0x7, 0xc8, 0x62, 0x1, 0xe1, 0x12,
    0x80, 0x7c, 0x41, 0xc0, 0x1f, 0x38, 0x10, 0x7,
    0x0,

    /* U+0038 "8" */
    0x0, 0x15, 0xff, 0xac, 0x80, 0x21, 0xc5, 0x88,
    0x2e, 0x8, 0x2, 0x47, 0x5d, 0xda, 0x32, 0x0,
    0x30, 0x30, 0x1, 0x81, 0x0, 0x8, 0x4, 0x0,
    0x20, 0x40, 0xa, 0xa, 0x22, 0x68, 0xc8, 0x0,
    0xe9, 0x37, 0x47, 0x62, 0x0, 0x5a, 0x3a, 0xa1,
    0xd3, 0x80, 0x2c, 0xf1, 0x55, 0x85, 0x0, 0x63,
    0x60, 0x1a, 0x80, 0x80, 0x3f, 0xc6, 0x34, 0x1,
    0xa8, 0x48, 0x2c, 0xb5, 0xdd, 0xa5, 0x40, 0x5,
    0xb1, 0x88, 0x36, 0x20, 0x0,

    /* U+0039 "9" */
    0x0, 0x1e, 0x7f, 0x48, 0x80, 0x47, 0x85, 0x12,
    0xf8, 0x1, 0x78, 0x63, 0xbb, 0xa, 0x0, 0x4d,
    0x88, 0x0, 0x48, 0xc0, 0x41, 0xc0, 0x18, 0xc4,
    0x60, 0xf, 0x10, 0x19, 0xd, 0x0, 0x64, 0x1,
    0x9, 0x2b, 0x33, 0x60, 0x6, 0x76, 0x4c, 0xc3,
    0x40, 0x8, 0x2, 0x7a, 0xf6, 0xb8, 0x8, 0x14,
    0xc5, 0x8, 0x11, 0x0, 0x9, 0xe0, 0x9, 0xf,
    0x80, 0x12, 0x56, 0xd1, 0x68, 0xa0, 0x5, 0xa6,
    0x96, 0x7b, 0x0, 0x0,

    /* U+003A ":" */
    0x6f, 0x63, 0x10, 0x5e, 0x60, 0xf, 0xfe, 0x1a,
    0xf3, 0x18, 0x80,

    /* U+003B ";" */
    0x6f, 0x63, 0x10, 0x5e, 0x60, 0xf, 0xfe, 0x1a,
    0xf3, 0x18, 0x83, 0x39, 0x8a, 0xa1, 0xc8, 0x80,

    /* U+003C "<" */
    0x0, 0xff, 0xe1, 0xae, 0x40, 0x6, 0x7e, 0xa1,
    0xc0, 0x29, 0xf8, 0x5b, 0xd4, 0xad, 0x66, 0x6d,
    0xa0, 0x1, 0x42, 0x64, 0x40, 0x1a, 0x8e, 0x79,
    0xc4, 0x2, 0x5c, 0xc2, 0x47, 0x49, 0x80, 0x47,
    0x5a, 0xed, 0x8e, 0x1, 0x8a, 0x3e, 0x4,

    /* U+003D "=" */
    0xff, 0xfd, 0xe, 0xff, 0xb2, 0x23, 0xf2, 0x0,
    0x7f, 0x7f, 0xfe, 0x87, 0x7f, 0xd8,

    /* U+003E ">" */
    0x0, 0xfe, 0xf8, 0x20, 0xf, 0x2b, 0xed, 0x18,
    0x6, 0xae, 0x84, 0xcc, 0x28, 0x4, 0x2f, 0xd4,
    0x15, 0xa8, 0x1, 0x97, 0x50, 0xb0, 0x2, 0x4a,
    0xe4, 0x69, 0x6, 0xdb, 0x48, 0xe9, 0x1e, 0x91,
    0xae, 0x71, 0x0, 0x26, 0x61, 0x40, 0x38,

    /* U+003F "?" */
    0x0, 0x1d, 0xff, 0xb1, 0x0, 0x23, 0xc6, 0x88,
    0xd, 0xa8, 0x3, 0xc3, 0x1d, 0xda, 0x36, 0x0,
    0x35, 0x10, 0x9, 0x84, 0x41, 0xf4, 0x1, 0x88,
    0x4, 0x3, 0xc6, 0xaa, 0x0, 0xf1, 0xe1, 0x58,
    0x7, 0xe, 0x8e, 0x8, 0x7, 0x48, 0xe0, 0x80,
    0x79, 0xc, 0x80, 0x3e, 0x4b, 0x0, 0xfd, 0xe,
    0x1, 0xfb, 0x30, 0x1, 0xf8, 0x88, 0x1, 0x80,

    /* U+0040 "@" */
    0x0, 0xe6, 0xbe, 0xfe, 0xc8, 0x10, 0xf, 0x93,
    0xa4, 0x66, 0xa1, 0x5b, 0x98, 0x3, 0x9a, 0xd3,
    0xa9, 0xd5, 0xa7, 0x9e, 0x5c, 0x2, 0x39, 0x7a,
    0x10, 0xf, 0x44, 0x46, 0x0, 0xf4, 0x80, 0x1a,
    0xfe, 0x73, 0xf5, 0x73, 0x80, 0x33, 0x48, 0xe,
    0x24, 0x4c, 0xbc, 0x1c, 0x25, 0x2, 0xcc, 0x82,
    0xcb, 0x1d, 0xd4, 0x60, 0x40, 0xe0, 0x48, 0x80,
    0x25, 0x62, 0x0, 0x20, 0x18, 0x0, 0xc0, 0x4b,
    0x41, 0x42, 0x80, 0x39, 0x0, 0x4, 0x4, 0x20,
    0xe, 0x3, 0x0, 0x88, 0x34, 0x1, 0x62, 0x31,
    0x80, 0x80, 0x80, 0x56, 0xe, 0x2, 0xf2, 0x5,
    0xc1, 0xa0, 0xe0, 0x5, 0x60, 0x21, 0xd2, 0x70,
    0x45, 0x5, 0x29, 0xaa, 0x88, 0x2b, 0xcb, 0xc0,
    0x14, 0x4a, 0x1e, 0x6a, 0xd9, 0x2, 0x8f, 0xe4,
    0x62, 0x4d, 0x64, 0x4c, 0xfc, 0x35, 0xee, 0x48,
    0xc6, 0x10, 0x49, 0x6b, 0x0, 0x7c, 0x34, 0xf2,
    0x60, 0xc, 0x69, 0xea, 0x76, 0x64, 0x67, 0x25,
    0xb0, 0x6, 0x9d, 0x66, 0x4c, 0xcc, 0xf3, 0xc8,
    0x0,

    /* U+0041 "A" */
    0x0, 0xe3, 0xfe, 0x0, 0xff, 0xa8, 0x5, 0x40,
    0x3f, 0xce, 0xc3, 0xc0, 0x1f, 0xc8, 0x38, 0x88,
    0x10, 0xf, 0xdc, 0x9, 0xe0, 0xc0, 0x1f, 0x94,
    0xc5, 0x42, 0x80, 0x3e, 0x50, 0xb0, 0x2, 0x11,
    0x80, 0x7b, 0x81, 0x40, 0x1a, 0x14, 0x1, 0xc2,
    0x84, 0x62, 0x25, 0x7, 0x0, 0xe7, 0x2, 0xee,
    0xb0, 0x5, 0x40, 0x35, 0x5, 0x5d, 0xe8, 0xe,
    0x0, 0x88, 0xd1, 0x51, 0x33, 0x8a, 0x8, 0x1,
    0x43, 0x80, 0x3c, 0xc0, 0xc0, 0xa, 0x5, 0x0,
    0xf4, 0x85, 0x0,

    /* U+0042 "B" */
    0xaf, 0xfe, 0xd8, 0x0, 0xe5, 0x66, 0x28, 0x3d,
    0x80, 0x6a, 0x99, 0x56, 0xb2, 0x18, 0x7, 0xed,
    0x5, 0x0, 0xfc, 0x20, 0x40, 0x1f, 0x1c, 0x1a,
    0x0, 0x5f, 0xfb, 0xf, 0x80, 0x32, 0xb3, 0x14,
    0xc7, 0xc, 0x2, 0xa9, 0x95, 0x65, 0x8f, 0x80,
    0x7e, 0x43, 0x30, 0x7, 0xff, 0x1c, 0xce, 0x0,
    0xaa, 0x66, 0xbc, 0xf, 0x0, 0x95, 0x9a, 0x55,
    0x61, 0x80,

    /* U+0043 "C" */
    0x0, 0xcf, 0x9f, 0xec, 0x60, 0xe, 0x2d, 0x80,
    0x66, 0x14, 0xd0, 0x6, 0xf2, 0xbc, 0x99, 0x72,
    0xa9, 0x80, 0xc, 0x50, 0x80, 0x1a, 0x86, 0xc0,
    0x14, 0xe, 0x1, 0xed, 0xc0, 0x1, 0x98, 0x3,
    0xe3, 0x10, 0x9, 0xc0, 0x3f, 0xf9, 0xac, 0x1,
    0xff, 0x21, 0x0, 0x7d, 0x16, 0x21, 0xa0, 0xe0,
    0x1e, 0x65, 0x10, 0x62, 0x84, 0x0, 0xd4, 0x32,
    0x1, 0x78, 0xde, 0x4d, 0x72, 0xa9, 0xc0, 0x22,
    0xf7, 0x16, 0x52, 0x9a, 0x0, 0x0,

    /* U+0044 "D" */
    0x9f, 0xfe, 0xeb, 0x30, 0xe, 0x56, 0x62, 0xa9,
    0x31, 0x40, 0x34, 0x4c, 0xaa, 0xf4, 0x68, 0x40,
    0x3f, 0x15, 0x84, 0x80, 0x7f, 0x28, 0xa8, 0x7,
    0xf8, 0x88, 0x1, 0xfe, 0x70, 0x10, 0xf, 0xf8,
    0x40, 0x3f, 0x9c, 0x3, 0xfe, 0x33, 0x0, 0x7f,
    0x30, 0x58, 0x7, 0xe3, 0x80, 0x60, 0xa, 0x26,
    0x55, 0x98, 0x1b, 0x10, 0x9, 0x59, 0x8a, 0x2d,
    0xa8, 0x0,

    /* U+0045 "E" */
    0x9f, 0xff, 0xd8, 0x1, 0x2b, 0x37, 0xac, 0x2,
    0x89, 0x9f, 0x38, 0x7, 0xff, 0x62, 0x26, 0x7c,
    0x40, 0x12, 0xb3, 0x7c, 0x1, 0x6f, 0xff, 0x90,
    0x3, 0xff, 0xb1, 0x13, 0x3f, 0x0, 0x4a, 0xcd,
    0xf0, 0x0,

    /* U+0046 "F" */
    0x9f, 0xff, 0xc4, 0x0, 0x56, 0x6f, 0x18, 0x2,
    0x26, 0x7c, 0x20, 0x1f, 0xfd, 0x48, 0x99, 0xe1,
    0x0, 0x95, 0x9b, 0x88, 0x2, 0xdf, 0xfe, 0x30,
    0xf, 0xff, 0x38,

    /* U+0047 "G" */
    0x0, 0xcb, 0x7d, 0xfd, 0x46, 0x1, 0x87, 0x29,
    0x9d, 0x95, 0x58, 0xc0, 0x15, 0x1c, 0x6c, 0xca,
    0xf4, 0x64, 0x41, 0x10, 0xce, 0x1, 0x8a, 0x81,
    0x83, 0x82, 0x0, 0x3c, 0x92, 0xc0, 0x84, 0x20,
    0x1f, 0x30, 0x80, 0xb0, 0x7, 0xff, 0x16, 0x7f,
    0xf6, 0x80, 0xb0, 0x6, 0xc6, 0x68, 0x40, 0xa,
    0x42, 0x1, 0x2c, 0xcc, 0x40, 0xe, 0xb, 0x0,
    0xff, 0x2a, 0x2c, 0x88, 0x4, 0x30, 0x60, 0x15,
    0xa3, 0x75, 0xd5, 0xf3, 0x97, 0x80, 0x57, 0x48,
    0xab, 0x25, 0x69, 0x0,

    /* U+0048 "H" */
    0x9f, 0x20, 0xe, 0x2f, 0x90, 0xf, 0xff, 0x6e,
    0xff, 0xf6, 0x80, 0x65, 0x66, 0xe5, 0x0, 0xd1,
    0x33, 0xd0, 0x1, 0xff, 0xed,

    /* U+0049 "I" */
    0x5f, 0x50, 0xf, 0xfe, 0xd8,

    /* U+004A "J" */
    0x0, 0xe2, 0xf9, 0x0, 0xff, 0xfa, 0xa, 0x0,
    0x70, 0xb5, 0x88, 0x0, 0x43, 0xc8, 0x18, 0x0,
    0x80, 0x6a, 0x31, 0x76, 0x82, 0x40, 0xc4, 0x4d,
    0xe0,

    /* U+004B "K" */
    0xbf, 0x0, 0xe2, 0xef, 0x40, 0xf, 0xf, 0x8d,
    0x20, 0x7, 0xb4, 0xa9, 0x40, 0x3d, 0x87, 0x2a,
    0x1, 0xeb, 0x38, 0x60, 0xf, 0x52, 0x33, 0x80,
    0x7a, 0x54, 0x10, 0x3, 0xe6, 0x64, 0x14, 0x80,
    0x79, 0x65, 0xcd, 0x90, 0x3, 0xa8, 0x1, 0xe1,
    0x40, 0x1f, 0x8d, 0xc6, 0x40, 0x3f, 0x41, 0x32,
    0x0, 0x7e, 0x90, 0xa1, 0x0, 0xf9, 0x18, 0x6c,

    /* U+004C "L" */
    0xaf, 0x10, 0xf, 0xff, 0xf8, 0x7, 0xff, 0x52,
    0xe6, 0x78, 0xc0, 0xa, 0xcd, 0xca,

    /* U+004D "M" */
    0xaf, 0xf0, 0x80, 0x7b, 0x3e, 0x80, 0x27, 0x0,
    0xe1, 0x30, 0xc, 0x5a, 0x1, 0xce, 0x20, 0x19,
    0x50, 0x3, 0xb5, 0xc0, 0x35, 0x82, 0x0, 0x42,
    0x9a, 0x1, 0x8c, 0x74, 0x2, 0x71, 0x40, 0xe,
    0x77, 0x0, 0x5a, 0x80, 0x1e, 0xd1, 0x30, 0x2,
    0x78, 0x7, 0x90, 0x2c, 0x14, 0x14, 0x3, 0xe5,
    0x50, 0x7a, 0x80, 0x7e, 0xf2, 0x22, 0x78, 0x7,
    0xe5, 0x9, 0x14, 0x0, 0xfe, 0x44, 0x84, 0x3,
    0xfb, 0x43, 0x40, 0x38,

    /* U+004E "N" */
    0x9f, 0x70, 0xe, 0x1f, 0x90, 0x4, 0x10, 0x7,
    0xfa, 0x40, 0x3f, 0x95, 0x10, 0x1, 0xfa, 0x6,
    0x80, 0x3f, 0x14, 0xc, 0x0, 0x7e, 0x63, 0x72,
    0x0, 0xfd, 0xe1, 0xc0, 0x1f, 0x8d, 0xcd, 0x40,
    0x3f, 0x40, 0xd9, 0x80, 0x7e, 0xb1, 0x80, 0xf,
    0xca, 0x8a, 0x1, 0xfd, 0x20, 0x1f, 0xe2, 0x80,
    0x0,

    /* U+004F "O" */
    0x0, 0xcf, 0x9f, 0xec, 0x70, 0xf, 0xe, 0xc0,
    0xb3, 0x2, 0x34, 0x40, 0x36, 0x14, 0xec, 0xcb,
    0x24, 0xb0, 0x2, 0x62, 0x86, 0x0, 0xcd, 0x4,
    0xe0, 0xa, 0x7, 0x0, 0xf3, 0x85, 0x0, 0xc,
    0xc0, 0x1f, 0x90, 0x80, 0x41, 0x80, 0x3f, 0x8,
    0x11, 0x80, 0x7f, 0xf0, 0x48, 0x4, 0x3, 0xf0,
    0x81, 0x1, 0xa0, 0x7, 0xe4, 0x20, 0x5, 0x3,
    0x80, 0x79, 0xc2, 0x80, 0xc, 0x70, 0xc0, 0x19,
    0x60, 0x9c, 0x2, 0xd2, 0x9c, 0x99, 0x65, 0x17,
    0x80, 0x61, 0xd8, 0x6, 0x60, 0xc6, 0x90, 0x0,

    /* U+0050 "P" */
    0x9f, 0xff, 0x62, 0x80, 0x65, 0x66, 0x94, 0xe9,
    0x80, 0x2b, 0x99, 0xab, 0x42, 0x0, 0x3f, 0x12,
    0x89, 0x0, 0x7e, 0x30, 0x10, 0xf, 0xc8, 0x6,
    0x1, 0xe2, 0x92, 0x50, 0xb, 0xbf, 0xed, 0x63,
    0xb0, 0x9, 0x59, 0xa7, 0xbc, 0x10, 0xa, 0xe6,
    0x68, 0x40, 0xf, 0xff, 0x18,

    /* U+0051 "Q" */
    0x0, 0xcf, 0x9f, 0xec, 0x70, 0xf, 0xe, 0xc0,
    0x33, 0x2, 0x34, 0x40, 0x36, 0x15, 0x64, 0xcb,
    0x28, 0xb0, 0x2, 0x62, 0x85, 0x0, 0xcb, 0x4,
    0xc0, 0xa, 0x7, 0x0, 0xf3, 0x85, 0x80, 0xd,
    0x0, 0x3f, 0x21, 0x0, 0x80, 0x80, 0x7e, 0x10,
    0x20, 0xf, 0xfe, 0x10, 0x80, 0x80, 0x7e, 0x10,
    0x20, 0x34, 0x0, 0xfc, 0x86, 0x0, 0xa0, 0x70,
    0xa, 0x64, 0x2e, 0x16, 0x0, 0x63, 0x86, 0x0,
    0x73, 0xfc, 0x13, 0x80, 0x5a, 0x53, 0xb3, 0xc6,
    0x20, 0x80, 0x18, 0x76, 0x5, 0x9c, 0x66, 0x4d,
    0xa4, 0x1, 0x9f, 0x3f, 0xb1, 0x99, 0xa8, 0x60,

    /* U+0052 "R" */
    0x9f, 0xff, 0x75, 0x10, 0x6, 0x78, 0x89, 0xd5,
    0x58, 0x20, 0x15, 0x3b, 0xd1, 0x70, 0x2c, 0x1,
    0xfc, 0xc1, 0x80, 0x1f, 0xc6, 0x2, 0x1, 0xfd,
    0x61, 0x80, 0x14, 0x4c, 0xd5, 0xac, 0x8c, 0x1,
    0x2b, 0x34, 0xad, 0x56, 0x1, 0xb7, 0xfd, 0x62,
    0xac, 0x1, 0xf9, 0x34, 0x74, 0x40, 0x3f, 0x1c,
    0xd, 0x80, 0x7f, 0x39, 0x2a, 0x0, 0x7f, 0x48,
    0x48, 0x7, 0xf2, 0x29, 0x38,

    /* U+0053 "S" */
    0x0, 0xa3, 0x7f, 0xd8, 0xc0, 0x1d, 0xae, 0xa,
    0x85, 0x34, 0x1, 0x39, 0x4e, 0xd5, 0xf2, 0xac,
    0x0, 0xd0, 0x60, 0xd, 0x1, 0x80, 0x2, 0x3,
    0x0, 0xc5, 0xb2, 0x0, 0xa0, 0xca, 0x51, 0x0,
    0x10, 0x4, 0x56, 0x4b, 0x5d, 0xae, 0x20, 0x19,
    0x37, 0x1c, 0xca, 0x3c, 0x80, 0x38, 0xe3, 0x39,
    0xc7, 0x80, 0x69, 0x40, 0x30, 0xc2, 0x18, 0xa,
    0xc8, 0x7, 0x84, 0x2, 0x53, 0x80, 0xc, 0x8a,
    0x80, 0xb, 0x27, 0xeb, 0xac, 0xb1, 0x90, 0x0,
    0xec, 0x12, 0x29, 0x37, 0x90, 0x0,

    /* U+0054 "T" */
    0x9f, 0xff, 0xe9, 0xc6, 0x68, 0xc1, 0x19, 0xac,
    0x59, 0x9a, 0x83, 0xa6, 0x65, 0x0, 0xff, 0xff,
    0x80, 0x7f, 0xf8, 0x80,

    /* U+0055 "U" */
    0x9f, 0x20, 0xe, 0x2f, 0x90, 0xf, 0xff, 0xf8,
    0x8, 0x80, 0x3f, 0xde, 0x2, 0x1, 0xcc, 0x1e,
    0x40, 0x80, 0x1c, 0x60, 0x48, 0x12, 0x40, 0x11,
    0x48, 0xa8, 0xc8, 0xed, 0xd6, 0x68, 0xd8, 0x1,
    0xad, 0x15, 0x44, 0x98, 0xa0,

    /* U+0056 "V" */
    0xbf, 0x10, 0xf, 0xbe, 0xf8, 0x1c, 0x3, 0xca,
    0x1c, 0xa1, 0x40, 0x1e, 0xe0, 0x50, 0x53, 0x10,
    0xc, 0x28, 0xa0, 0xe, 0x7, 0x0, 0xce, 0x1c,
    0x0, 0x41, 0xa0, 0xd, 0xa2, 0x80, 0x13, 0x98,
    0x80, 0x5, 0x18, 0x3, 0x50, 0x38, 0x1, 0xc2,
    0x80, 0x31, 0x96, 0x80, 0x28, 0x88, 0x1, 0xca,
    0x82, 0x23, 0xa0, 0xf, 0x50, 0x3b, 0x81, 0x80,
    0x3c, 0x47, 0xba, 0x41, 0x0, 0xfa, 0xd1, 0x1a,
    0x1, 0xf9, 0x80, 0xc, 0x1, 0x80,

    /* U+0057 "W" */
    0xaf, 0x10, 0xd, 0x5f, 0x60, 0x1d, 0xf5, 0x80,
    0xa0, 0x19, 0x1, 0x0, 0x32, 0x6, 0x20, 0x60,
    0x4, 0x42, 0xc0, 0x60, 0x11, 0x82, 0x10, 0x98,
    0x4, 0xa1, 0x60, 0x80, 0x16, 0x9, 0x2, 0x20,
    0x2, 0xc2, 0x2b, 0x0, 0x25, 0x40, 0x6, 0x1,
    0x80, 0x11, 0x0, 0xa8, 0x0, 0x21, 0xc0, 0x2,
    0x82, 0x82, 0x6, 0x86, 0x2, 0x2, 0x2, 0x0,
    0xc, 0x70, 0x30, 0x14, 0x10, 0x30, 0x3c, 0x48,
    0x2, 0x57, 0x4, 0x31, 0x0, 0x19, 0x81, 0x10,
    0x1, 0xb0, 0x88, 0x68, 0x1, 0x22, 0x4, 0xb0,
    0x3, 0x20, 0x50, 0x60, 0x5, 0x80, 0xe0, 0x80,
    0x18, 0xc1, 0x81, 0x0, 0x24, 0xa, 0x12, 0x0,
    0xe4, 0x13, 0x0, 0xe3, 0x32, 0x0, 0x7b, 0x1,
    0x0, 0x39, 0x3, 0x0, 0x20,

    /* U+0058 "X" */
    0x1e, 0xe0, 0x80, 0x75, 0x79, 0x8d, 0x8d, 0x80,
    0x65, 0x53, 0x98, 0x2a, 0xe0, 0x0, 0xd1, 0xc0,
    0x5, 0x63, 0x62, 0x14, 0x1c, 0x1, 0x86, 0xc6,
    0x19, 0x20, 0x80, 0x39, 0x51, 0xa4, 0xdc, 0x3,
    0xea, 0x0, 0x78, 0x7, 0xe6, 0x0, 0x50, 0x7,
    0xc5, 0x8, 0x86, 0x40, 0xf, 0x70, 0x4c, 0x82,
    0x80, 0x3a, 0xe, 0x8, 0x90, 0x32, 0x1, 0x1b,
    0x9b, 0x80, 0x1c, 0x99, 0x0, 0x1c, 0x1c, 0x1,
    0xb8, 0x24, 0x24, 0xa0, 0x80, 0x31, 0xb9, 0x48,

    /* U+0059 "Y" */
    0x9f, 0x70, 0xf, 0x37, 0xcc, 0xc, 0x8, 0x6,
    0x18, 0x19, 0x1b, 0xb, 0x0, 0xd0, 0x34, 0x0,
    0x53, 0x54, 0x0, 0x1b, 0x2a, 0x0, 0x5c, 0x12,
    0x0, 0xf1, 0xb0, 0xc, 0x4e, 0x4c, 0xc3, 0x81,
    0x0, 0xe8, 0x28, 0x81, 0xb0, 0x7, 0xd2, 0x22,
    0xe0, 0xf, 0xc8, 0x6, 0x40, 0x1f, 0xff, 0x40,

    /* U+005A "Z" */
    0xf, 0xff, 0xe4, 0x6, 0x6f, 0x80, 0xe, 0x13,
    0x3e, 0xe0, 0x53, 0x0, 0xf2, 0x41, 0x50, 0x7,
    0x86, 0x83, 0xc0, 0x3e, 0xa1, 0x92, 0x0, 0xf3,
    0x22, 0xb0, 0x7, 0x8a, 0x4a, 0x80, 0x3e, 0xf0,
    0xe0, 0xf, 0xa4, 0xa0, 0xc0, 0x3c, 0xac, 0x8e,
    0x1, 0xe2, 0xa1, 0xa0, 0xf, 0xa0, 0xa, 0x26,
    0x7c, 0xa0, 0x3, 0x66, 0xfb, 0x40,

    /* U+005B "[" */
    0xcf, 0xf5, 0x81, 0x4f, 0x80, 0xb2, 0x0, 0x7f,
    0xfa, 0x49, 0x90, 0x6, 0x7c,

    /* U+005C "\\" */
    0xd6, 0x0, 0x93, 0x0, 0x2c, 0x40, 0x9, 0x4,
    0xc0, 0x2, 0x68, 0x1, 0x26, 0x0, 0x58, 0x80,
    0x12, 0x2, 0x0, 0x49, 0x80, 0x16, 0x20, 0x4,
    0x86, 0x20, 0x3, 0x14, 0x0, 0x93, 0x0, 0x2c,
    0x40,

    /* U+005D "]" */
    0xbf, 0xf6, 0x7c, 0x90, 0x23, 0x8, 0x7, 0xff,
    0xa5, 0x18, 0x83, 0xe4, 0x40,

    /* U+005E "^" */
    0x0, 0x91, 0xc0, 0x3d, 0x30, 0x80, 0x18, 0xc8,
    0x9e, 0x1, 0xa4, 0xe1, 0x4, 0x0, 0x2b, 0x4a,
    0x12, 0x0, 0x60, 0x70, 0x66, 0x0, 0x25, 0x44,
    0x28, 0x55, 0x43, 0xc0, 0x3, 0x29,

    /* U+005F "_" */
    0x1f, 0xff, 0xe1,

    /* U+0060 "`" */
    0x9, 0x80, 0x7, 0xba, 0x83, 0x2c, 0x80,

    /* U+0061 "a" */
    0x0, 0x2e, 0x77, 0xeb, 0x80, 0x4d, 0x4f, 0x12,
    0xd0, 0xe0, 0xb, 0x3b, 0x66, 0x58, 0xe0, 0x3,
    0x34, 0x3, 0x1b, 0x80, 0x4, 0xa2, 0xb7, 0xc8,
    0x2, 0x9c, 0x61, 0x5b, 0x20, 0x1, 0x32, 0x75,
    0xc2, 0x18, 0x1, 0x83, 0x40, 0x23, 0x10, 0x2,
    0x8d, 0x99, 0x2e, 0x80, 0x80, 0xe8, 0xe6, 0xf5,
    0x39, 0x8,

    /* U+0062 "b" */
    0xcc, 0x0, 0x7f, 0xf6, 0x17, 0x7f, 0x10, 0x2,
    0x3a, 0xa4, 0x85, 0xa0, 0x5, 0x4e, 0xd8, 0x32,
    0x0, 0x25, 0x0, 0x98, 0x88, 0xc, 0x1, 0xb4,
    0x18, 0x3, 0xc6, 0x1, 0x38, 0x6, 0xe0, 0x60,
    0x33, 0x0, 0x5, 0x88, 0x80, 0x39, 0xf, 0x83,
    0xc0, 0x5, 0x96, 0x81, 0xc3, 0x0,

    /* U+0063 "c" */
    0x0, 0x1d, 0xff, 0x51, 0x0, 0x13, 0x1a, 0x20,
    0x98, 0x21, 0x23, 0xae, 0xd8, 0x2c, 0x44, 0x60,
    0x8, 0xb5, 0xd8, 0x38, 0x3, 0x10, 0x7, 0xf9,
    0x83, 0x80, 0x34, 0xb9, 0x11, 0x80, 0x22, 0x6f,
    0x9, 0x1d, 0x77, 0x60, 0xc8, 0x25, 0x8c, 0x4a,
    0x78, 0x80,

    /* U+0064 "d" */
    0x0, 0xfb, 0x70, 0x3, 0xff, 0xa2, 0xbb, 0xfa,
    0xa0, 0x12, 0xd0, 0xcd, 0x50, 0x80, 0x16, 0x58,
    0xcf, 0x40, 0x3, 0x1a, 0x0, 0x94, 0x41, 0x80,
    0x80, 0x31, 0x0, 0x42, 0x1, 0x9c, 0x1c, 0x8,
    0x3, 0x30, 0x11, 0x28, 0x2, 0x32, 0x0, 0x49,
    0xd1, 0xa6, 0x80, 0x49, 0x6d, 0x95, 0x28, 0x0,

    /* U+0065 "e" */
    0x0, 0x1d, 0xff, 0xac, 0xc0, 0x23, 0xc6, 0x89,
    0x7c, 0x40, 0x7, 0x8e, 0xbb, 0x61, 0xc8, 0x9,
    0xb8, 0x8e, 0xb2, 0x22, 0x83, 0x77, 0x68, 0x6,
    0x0, 0x35, 0xdf, 0x95, 0x80, 0x8, 0x99, 0x80,
    0x48, 0x8c, 0x20, 0x17, 0x50, 0x2, 0x43, 0xe1,
    0xb0, 0xe0, 0x0, 0x98, 0xaf, 0x21, 0x4c, 0x0,

    /* U+0066 "f" */
    0x0, 0x47, 0x7b, 0x82, 0x39, 0xb2, 0x1, 0x7,
    0x49, 0x80, 0x80, 0x80, 0x36, 0x3, 0x7c, 0x39,
    0x82, 0xac, 0xf, 0x81, 0xd0, 0x3, 0xff, 0xbe,

    /* U+0067 "g" */
    0x0, 0x2e, 0xfe, 0xb4, 0xe8, 0x2d, 0xc, 0xac,
    0xb8, 0x2, 0xcb, 0x1a, 0x2c, 0x40, 0xc6, 0x80,
    0x24, 0x20, 0x60, 0x30, 0xc, 0xc0, 0x1f, 0x84,
    0x18, 0x8, 0x3, 0x38, 0x18, 0xd0, 0x4, 0x64,
    0x0, 0xb3, 0xc6, 0x8c, 0x0, 0x96, 0x86, 0x56,
    0x4c, 0x0, 0x2b, 0xbf, 0xac, 0x2c, 0x1d, 0x20,
    0x11, 0x10, 0xc1, 0x5a, 0x59, 0xf0, 0x64, 0x29,
    0xd2, 0x64, 0x9e, 0x20,

    /* U+0068 "h" */
    0xcc, 0x0, 0x7f, 0xf5, 0x13, 0x7f, 0x5c, 0x0,
    0x76, 0x90, 0x10, 0xc0, 0xb, 0x97, 0xc0, 0xd0,
    0x14, 0x0, 0x9, 0xb8, 0x10, 0x7, 0x8, 0x7,
    0xff, 0x70,

    /* U+0069 "i" */
    0xcc, 0x3b, 0x5d, 0x0, 0x33, 0x0, 0x1f, 0xfc,
    0x60,

    /* U+006A "j" */
    0x0, 0x66, 0x0, 0xe, 0xc0, 0xb, 0xa0, 0xf,
    0x66, 0x0, 0x3f, 0xfb, 0xc2, 0xe9, 0x4, 0x7c,
    0xe7, 0x20,

    /* U+006B "k" */
    0xdc, 0x0, 0xff, 0xeb, 0xe, 0xf1, 0x0, 0x6c,
    0x3c, 0x20, 0xb, 0xb, 0x48, 0x2, 0xb3, 0xb3,
    0x0, 0x8d, 0x0, 0xc0, 0x3a, 0xd2, 0x8, 0x2,
    0x34, 0x90, 0x90, 0xe, 0x27, 0x45, 0x0, 0xe8,
    0x1b, 0x10, 0xe, 0xb1, 0x80,

    /* U+006C "l" */
    0xcc, 0x0, 0x7f, 0xf3, 0x80,

    /* U+006D "m" */
    0xd9, 0x7d, 0xfd, 0x41, 0xaf, 0xe9, 0x0, 0x3d,
    0x45, 0x85, 0xe1, 0x5b, 0x31, 0xc0, 0x7d, 0x52,
    0xc1, 0xe1, 0x20, 0xb0, 0x8, 0x80, 0x2, 0xc,
    0x0, 0x85, 0x80, 0x40, 0x38, 0x80, 0x27, 0x0,
    0xff, 0xfb, 0x0,

    /* U+006E "n" */
    0xca, 0x5d, 0xfd, 0x70, 0x2, 0x44, 0x2d, 0xe1,
    0x80, 0x7d, 0x52, 0x83, 0x40, 0x88, 0x1, 0x1b,
    0x0, 0x80, 0x7f, 0xf8, 0x80,

    /* U+006F "o" */
    0x0, 0x1d, 0xff, 0xac, 0xc0, 0x25, 0xc6, 0x88,
    0x36, 0x20, 0x2, 0xcb, 0x5d, 0xda, 0x34, 0x6,
    0x34, 0x1, 0xa4, 0x4d, 0x80, 0xc0, 0x31, 0x83,
    0x0, 0x7f, 0x98, 0xc, 0x3, 0x18, 0x31, 0x8c,
    0x80, 0x69, 0x13, 0xb, 0x1d, 0x77, 0x68, 0xd8,
    0x1, 0x71, 0xa2, 0xd, 0x8a, 0x0,

    /* U+0070 "p" */
    0xca, 0x6d, 0xfd, 0x50, 0x9, 0x26, 0xa8, 0x34,
    0xa0, 0x1, 0xb7, 0x5c, 0x2b, 0x0, 0x12, 0x0,
    0x54, 0x24, 0xc, 0x1, 0x88, 0x18, 0x3, 0xfc,
    0xc0, 0x1b, 0x41, 0x80, 0x90, 0x2, 0x62, 0x20,
    0x2, 0xe1, 0xf4, 0x78, 0x0, 0x72, 0xd0, 0x38,
    0x60, 0x13, 0x77, 0xe1, 0x80, 0x7f, 0xf4, 0x40,

    /* U+0071 "q" */
    0x0, 0x2e, 0xfe, 0xb5, 0x60, 0x2d, 0xc, 0xd4,
    0xa0, 0x2, 0xb, 0x19, 0xe8, 0x40, 0x89, 0x40,
    0x12, 0x90, 0x30, 0x10, 0x6, 0x60, 0xf, 0xf3,
    0x1, 0x0, 0x66, 0x2, 0x39, 0x0, 0x90, 0x80,
    0x1e, 0x3a, 0xf1, 0x60, 0x11, 0xe0, 0xc3, 0x49,
    0x80, 0x47, 0x9f, 0xcc, 0x1, 0xff, 0xd1,

    /* U+0072 "r" */
    0xd9, 0x97, 0xe8, 0x83, 0xa3, 0xa0, 0x80, 0xfc,
    0x48, 0x0, 0x88, 0x1, 0x84, 0x3, 0x9c, 0x3,
    0xff, 0xa0,

    /* U+0073 "s" */
    0x1, 0xae, 0xfd, 0x70, 0xb, 0x52, 0x64, 0x91,
    0x0, 0x23, 0x87, 0x69, 0x52, 0x2, 0xb, 0x50,
    0x5, 0x50, 0x1, 0x25, 0x5f, 0x6c, 0x1, 0x37,
    0x4a, 0xaa, 0x70, 0x5, 0x5, 0xab, 0x98, 0xcc,
    0xb6, 0xc0, 0x17, 0x80, 0x10, 0xe6, 0x4d, 0x12,
    0x66, 0xd, 0x64, 0x95, 0x7d, 0x0,

    /* U+0074 "t" */
    0x0, 0x10, 0x4, 0xba, 0x1, 0x68, 0x7, 0xeb,
    0x70, 0xfa, 0x85, 0xa, 0x83, 0x20, 0x52, 0x0,
    0xff, 0xe5, 0x88, 0x3, 0x82, 0x98, 0x1c, 0xd3,
    0x40,

    /* U+0075 "u" */
    0xdc, 0x0, 0xdb, 0x80, 0x1f, 0xfd, 0xc1, 0x0,
    0xe3, 0x7, 0x20, 0x8, 0xc4, 0x34, 0x68, 0xdb,
    0x44, 0x1a, 0x1f, 0x2e, 0xc8, 0x0,

    /* U+0076 "v" */
    0x9f, 0x10, 0xd, 0xf3, 0x40, 0xe0, 0x12, 0x86,
    0x98, 0xe8, 0x5, 0xc2, 0x80, 0xc8, 0x20, 0x4,
    0x60, 0x5, 0x3, 0x82, 0x85, 0x80, 0x8, 0x9a,
    0x1c, 0x46, 0x1, 0x52, 0x12, 0x50, 0x6, 0x60,
    0x90, 0x50, 0xc, 0x26, 0x86, 0x40, 0x1d, 0x41,
    0x40, 0x10,

    /* U+0077 "w" */
    0xcd, 0x0, 0x9b, 0xdc, 0x2, 0xcc, 0x59, 0x8,
    0x3, 0x3, 0x0, 0x2, 0x76, 0x80, 0x80, 0x4,
    0x14, 0x0, 0x20, 0x29, 0x8f, 0x81, 0xc, 0x81,
    0x86, 0x9, 0x3, 0xa0, 0x20, 0x30, 0x20, 0x3b,
    0x80, 0x18, 0x25, 0x88, 0x27, 0x84, 0x3a, 0x0,
    0x40, 0x44, 0x60, 0x22, 0xa8, 0x10, 0x0, 0x27,
    0x42, 0x81, 0x83, 0x48, 0x1, 0xac, 0xc0, 0xc1,
    0x0, 0xb4, 0x3, 0x20, 0x20, 0x4, 0x60, 0xe0,
    0x0,

    /* U+0078 "x" */
    0x4f, 0xa0, 0xa, 0x7d, 0x10, 0xca, 0x80, 0x8c,
    0xc4, 0x8, 0x19, 0x19, 0x29, 0x0, 0xd, 0x16,
    0x17, 0x0, 0x64, 0x52, 0x63, 0x0, 0xe4, 0x4,
    0x0, 0xe9, 0x18, 0x29, 0x0, 0x8d, 0x98, 0xec,
    0xc3, 0x0, 0x70, 0xc0, 0x40, 0xf0, 0x41, 0x58,
    0x80, 0xc1, 0x40,

    /* U+0079 "y" */
    0x8f, 0x20, 0xd, 0xd5, 0x40, 0xa0, 0x9, 0x7,
    0xc8, 0x8a, 0x1, 0x68, 0x28, 0x51, 0x10, 0x0,
    0xea, 0x0, 0x60, 0xa0, 0x41, 0xe0, 0x0, 0x9a,
    0x86, 0x8a, 0x0, 0x54, 0x44, 0x77, 0x0, 0x67,
    0x8, 0x1a, 0x0, 0xc2, 0x8a, 0x46, 0x1, 0xdc,
    0xa, 0x1, 0xfa, 0x80, 0x3d, 0x26, 0x40, 0x1a,
    0xb0, 0xe4, 0x3, 0x9c, 0xdd, 0x40, 0x30,

    /* U+007A "z" */
    0x4f, 0xff, 0x95, 0x55, 0x5c, 0x2, 0x82, 0xab,
    0xbc, 0x34, 0x40, 0x33, 0xac, 0x98, 0x6, 0x48,
    0x56, 0x0, 0xc5, 0x45, 0x40, 0x1d, 0xe1, 0xe0,
    0x1d, 0x65, 0x44, 0x1, 0x9d, 0xc, 0x99, 0xb2,
    0x68, 0x1c, 0xcf, 0x70,

    /* U+007B "{" */
    0x0, 0xab, 0xa4, 0x0, 0xaa, 0x7d, 0x0, 0x60,
    0xca, 0x0, 0xc, 0x80, 0x3f, 0xc2, 0x1, 0xce,
    0xe0, 0x8, 0x4f, 0x0, 0x9, 0x84, 0xc0, 0xc,
    0x2a, 0x10, 0x4, 0x54, 0x20, 0x4, 0xa5, 0xc0,
    0x19, 0x98, 0x1, 0x84, 0x3, 0xfe, 0x31, 0x0,
    0xde, 0x52, 0x80, 0x6, 0x56, 0xd0,

    /* U+007C "|" */
    0x5f, 0x0, 0xff, 0xf4, 0x0,

    /* U+007D "}" */
    0x8e, 0xa0, 0xb, 0x1d, 0x58, 0x0, 0x92, 0x3e,
    0x1, 0x88, 0xc0, 0x3f, 0xe1, 0x0, 0xcc, 0xe0,
    0x1b, 0x4c, 0x40, 0x27, 0x2c, 0x40, 0xa, 0xcb,
    0x0, 0xb, 0x35, 0x0, 0xf, 0x25, 0x0, 0x85,
    0x80, 0x33, 0x80, 0x78, 0x40, 0x30, 0x98, 0x1,
    0x24, 0xbc, 0x1, 0x8e, 0xac, 0x0,

    /* U+007E "~" */
    0x0, 0xff, 0x9f, 0xbe, 0xd8, 0x0, 0x2e, 0x70,
    0x64, 0x93, 0xd9, 0xd8, 0x13, 0xbb, 0x39, 0x9d,
    0x6, 0xc0, 0x2, 0x8d, 0xfc, 0x30,

    /* U+00B0 "°" */
    0xa, 0xfc, 0x20, 0x93, 0xfa, 0xe0, 0x5b, 0x6,
    0x30, 0x5b, 0x6, 0x30, 0x93, 0xfa, 0xe0,

    /* U+2103 "℃" */
    0x0, 0xff, 0xe0, 0x8, 0x7, 0x93, 0x7a, 0x80,
    0x33, 0x67, 0xf7, 0xd9, 0x80, 0x55, 0xfc, 0x6e,
    0x0, 0xb9, 0x8, 0x97, 0x5c, 0x40, 0x22, 0x83,
    0x74, 0x12, 0x91, 0x8e, 0xd1, 0xe3, 0x62, 0x42,
    0xc7, 0x18, 0x2c, 0x6e, 0x1, 0x86, 0x5, 0x43,
    0xf3, 0xe9, 0x9c, 0x28, 0x3, 0xcd, 0xc8, 0x5,
    0x58, 0xc1, 0xc0, 0xa0, 0x1f, 0xfc, 0x31, 0x1,
    0x0, 0xff, 0xe1, 0x88, 0x8, 0x7, 0xff, 0xf,
    0x81, 0x40, 0x3e, 0x62, 0x0, 0xf3, 0x86, 0x80,
    0x79, 0x26, 0x80, 0x3c, 0x2c, 0x8c, 0x1, 0xd2,
    0x14, 0x1, 0xf4, 0x14, 0xd2, 0xa3, 0xf1, 0x49,
    0x0, 0x7c, 0x38, 0xcb, 0x57, 0x7, 0x4c, 0x1,
    0xfc, 0x33, 0xfb, 0x9d, 0xaa, 0x0,

    /* U+224B "≋" */
    0x5, 0x73, 0x0, 0xc5, 0xb5, 0x19, 0xd2, 0xd7,
    0x4f, 0xdf, 0x6e, 0xe9, 0x7a, 0xa2, 0xb3, 0x27,
    0xbf, 0xf, 0x2e, 0x77, 0x50, 0xb3, 0x27, 0xce,
    0xa6, 0x7a, 0x4b, 0xb0, 0x2a, 0x5f, 0xf6, 0x95,
    0xe5, 0xf6, 0x3a, 0xc4, 0xbd, 0xe4, 0x4, 0x5b,
    0x5e, 0x21, 0xbe, 0x76, 0xf1, 0x80,

    /* U+2600 "☀" */
    0x0, 0xff, 0xe1, 0x88, 0x38, 0x0, 0x80, 0x3c,
    0xc0, 0x60, 0x28, 0x1, 0x8c, 0x19, 0x7a, 0x55,
    0x80, 0xc0, 0x23, 0x8a, 0x56, 0xb6, 0x41, 0x0,
    0x18, 0x30, 0x6, 0x94, 0x20, 0x56, 0x50, 0xf,
    0x1b, 0xa2, 0xb2, 0x80, 0x78, 0xdd, 0x1, 0x41,
    0x80, 0x35, 0x22, 0x0, 0x8, 0x71, 0x6c, 0xf6,
    0xa8, 0xc0, 0x1, 0x6, 0x4c, 0x84, 0x60, 0x20,
    0xc, 0xc0, 0x60, 0x7, 0x0, 0x80,

    /* U+2601 "☁" */
    0x0, 0xfe, 0x57, 0x70, 0x80, 0x7e, 0x12, 0x6,
    0x77, 0xa4, 0x3, 0xe7, 0x73, 0x33, 0x88, 0x8,
    0x18, 0x3, 0x99, 0x59, 0x1a, 0x1, 0x5e, 0x52,
    0x4, 0x11, 0xb8, 0x80, 0x30, 0x82, 0x89, 0x43,
    0x36, 0xa0, 0xe, 0x54, 0x0, 0xc2, 0x22, 0x2,
    0x0, 0xe4, 0x10, 0xf, 0xfe, 0x39, 0x1a, 0xbb,
    0xff, 0xf0, 0x51, 0x40,

    /* U+2744 "❄" */
    0x0, 0xf2, 0x80, 0x7f, 0x10, 0x70, 0x10, 0x7,
    0x91, 0x10, 0xf4, 0x28, 0x0, 0x17, 0xd, 0x6b,
    0x1b, 0x3d, 0x27, 0x12, 0xc2, 0x3, 0x61, 0x12,
    0x4a, 0x81, 0xb1, 0x59, 0x82, 0xea, 0x10, 0x82,
    0xd4, 0xd7, 0x26, 0x62, 0x64, 0x21, 0x4a, 0x30,
    0xe4, 0x46, 0x18, 0x40, 0x9e, 0xfa, 0xa3, 0x58,
    0x77, 0x18, 0x73, 0x9c, 0xc0, 0x26, 0x5e, 0x91,
    0xc4, 0x11, 0x52, 0xb8, 0x1c, 0x48, 0x0, 0x61,
    0xad, 0x4d, 0x64, 0x3, 0xce, 0x20, 0x8a, 0x1,
    0x0,

    /* U+3001 "、" */
    0x1c, 0x60, 0x8, 0x5a, 0x64, 0x1, 0x52, 0x33,
    0x80, 0x52, 0x1a, 0x1, 0x16, 0x50, 0x0,

    /* U+3002 "。" */
    0x0, 0x9, 0x0, 0x4f, 0xd9, 0xa2, 0x51, 0xbc,
    0x96, 0xc4, 0x40, 0xd6, 0x52, 0x52, 0x84, 0x1b,
    0x8d, 0x58,

    /* U+4E00 "一" */
    0xdf, 0xff, 0xfe, 0x8, 0xd3, 0xbf, 0xff, 0x4,
    0x40,

    /* U+4E09 "三" */
    0x1, 0xff, 0xff, 0xe0, 0x38, 0x0, 0x62, 0x3f,
    0xf8, 0x8, 0x1, 0x3b, 0xff, 0xf0, 0xc, 0x3,
    0xff, 0xb0, 0xcd, 0xfe, 0x20, 0xc, 0x33, 0x3f,
    0xe4, 0x0, 0xc3, 0xff, 0xfe, 0x60, 0xf, 0xff,
    0x30, 0xff, 0xff, 0xf0, 0xa0, 0x66, 0x7f, 0xf8,
    0x56,

    /* U+4E0A "上" */
    0x0, 0xf1, 0x40, 0x7, 0xff, 0x9, 0xdc, 0x1,
    0xff, 0xf4, 0x65, 0x5e, 0x0, 0xff, 0x4d, 0x57,
    0x8, 0x7, 0xf7, 0xff, 0x84, 0x3, 0xff, 0xfe,
    0x1, 0xf3, 0x37, 0x60, 0x33, 0x7c, 0xa3, 0x33,
    0xcc, 0x13, 0x3f, 0x40,

    /* U+4E0B "下" */
    0x4f, 0xff, 0xfe, 0x15, 0x2c, 0xcf, 0x38, 0x3c,
    0xcf, 0xb8, 0x59, 0xba, 0xc2, 0xd9, 0xbc, 0x80,
    0x1f, 0xfd, 0xd5, 0x20, 0xf, 0xfe, 0xb, 0xce,
    0xc0, 0x7, 0xff, 0x1, 0xf2, 0x1f, 0x4, 0x3,
    0xff, 0x80, 0xf8, 0x7a, 0x1, 0xff, 0xc1, 0x3c,
    0x12, 0x0, 0xff, 0xe0, 0x9e, 0x90, 0x7, 0xff,
    0xd4,

    /* U+4E0D "不" */
    0x3f, 0xff, 0xfe, 0x16, 0x14, 0xcf, 0xc0, 0x33,
    0x3e, 0x16, 0x6f, 0x8, 0x53, 0x37, 0x28, 0x7,
    0x8e, 0x9, 0x0, 0x3f, 0xe2, 0xd0, 0x0, 0xc0,
    0x80, 0x7e, 0x2c, 0x25, 0x2, 0x5e, 0x60, 0xf,
    0x2e, 0x96, 0x80, 0xf, 0x62, 0x68, 0x2, 0x2b,
    0xa6, 0xc1, 0x0, 0xcf, 0x6b, 0x60, 0x7a, 0xd7,
    0x20, 0x1f, 0x26, 0x25, 0x1d, 0x6a, 0x0, 0x7f,
    0x1d, 0xc0, 0x28, 0x7, 0xff, 0x1, 0x8, 0x3,
    0xff, 0xe8,

    /* U+4E0E "与" */
    0x0, 0xad, 0x80, 0x3f, 0xf8, 0x48, 0x20, 0x1f,
    0xfc, 0x11, 0xd, 0x77, 0xff, 0x20, 0x0, 0x81,
    0x62, 0x3f, 0xda, 0x0, 0x60, 0xef, 0xff, 0xf4,
    0x80, 0x8, 0x4, 0x3, 0xff, 0x83, 0xe1, 0x11,
    0xfc, 0x40, 0x18, 0x81, 0xdf, 0xf9, 0x80, 0x33,
    0x2f, 0xff, 0xd8, 0xe, 0x1, 0xb2, 0xc0, 0x3e,
    0x70, 0x10, 0x7, 0x7f, 0xbb, 0xff, 0xeb, 0xd,
    0xf7, 0x88, 0xff, 0x94, 0x22, 0x8, 0xce, 0xff,
    0xed, 0x7, 0x71, 0x80, 0x7f, 0xda, 0x40, 0x1f,
    0xe3, 0xc9, 0x85, 0x40, 0xf, 0xf1, 0x3b, 0xc9,
    0x0, 0x10,

    /* U+4E2A "个" */
    0x0, 0xfc, 0x20, 0x1f, 0xfc, 0x5d, 0xa0, 0xf,
    0xfe, 0x1b, 0x1a, 0x8, 0x7, 0xff, 0x4, 0xa1,
    0x4e, 0xc0, 0x3f, 0xf8, 0x3, 0xe1, 0x7c, 0xb0,
    0x1, 0xfe, 0x1d, 0x2d, 0x32, 0x97, 0x80, 0xf,
    0xc7, 0xe7, 0x87, 0x8c, 0xc9, 0x7b, 0x10, 0xe,
    0x7c, 0x3c, 0x30, 0xc, 0xd6, 0xbe, 0x80, 0x3,
    0xd8, 0x5c, 0x30, 0xf, 0x26, 0x2d, 0xd0, 0x1d,
    0x65, 0x8, 0x7, 0xe2, 0xba, 0x90, 0x3, 0x98,
    0x7, 0xff, 0x1, 0x4c, 0x3, 0xff, 0xfe, 0x1,
    0xff, 0xd6,

    /* U+4E2D "中" */
    0x0, 0xff, 0xe4, 0x47, 0x0, 0x7f, 0xf5, 0x8d,
    0x9b, 0x8c, 0x59, 0xb9, 0x6e, 0x67, 0x90, 0x26,
    0x7a, 0x80, 0x7f, 0xf3, 0x8f, 0xfe, 0x80, 0xf,
    0xfe, 0x99, 0x9e, 0x11, 0x19, 0xee, 0x0, 0xe,
    0x66, 0x60, 0xcc, 0xcc, 0x0, 0x1e, 0xec, 0xe3,
    0xdd, 0x9c, 0x31, 0x84, 0x70, 0x0, 0x47, 0x63,
    0xa4, 0x0, 0x7f, 0x92, 0x0, 0x3f, 0xfb, 0xc0,

    /* U+4E32 "串" */
    0x0, 0xf1, 0x8, 0x7, 0xff, 0x3, 0x18, 0x3,
    0xe1, 0x1e, 0x0, 0x8, 0xf0, 0x27, 0x77, 0xc,
    0x77, 0x70, 0x80, 0x2a, 0xee, 0x6, 0xbb, 0xa0,
    0x3, 0x22, 0x61, 0xe4, 0x48, 0x80, 0x37, 0x7f,
    0xc3, 0x1f, 0xf5, 0x0, 0x16, 0xab, 0x81, 0x6a,
    0xb8, 0x54, 0x47, 0x80, 0xc4, 0x78, 0xea, 0xef,
    0x81, 0xae, 0xfb, 0x82, 0x3f, 0xf0, 0xc7, 0xfe,
    0x70, 0x7, 0x99, 0xe0, 0xf3, 0x3c, 0x40, 0x7,
    0xcc, 0xc2, 0xf9, 0x99, 0x40, 0xf, 0xdd, 0x86,
    0x3b, 0xb3, 0x6, 0x48, 0x8e, 0x0, 0x8, 0xe9,
    0xc2, 0x10, 0xf, 0xf8, 0x40, 0x3f, 0xf8, 0x40,

    /* U+4E3B "主" */
    0x0, 0xff, 0xe4, 0xb7, 0x30, 0x7, 0xff, 0x5,
    0x99, 0x30, 0x1, 0xff, 0xc1, 0x88, 0x3a, 0x0,
    0x7c, 0x46, 0x7c, 0x8c, 0x6, 0x7c, 0x21, 0x99,
    0xf3, 0x5e, 0x67, 0x20, 0x7e, 0xef, 0x40, 0x6e,
    0xf9, 0x40, 0x48, 0xb8, 0x40, 0x8b, 0xc0, 0x1f,
    0xfc, 0x74, 0x66, 0xd8, 0xc, 0xdc, 0x20, 0x17,
    0x4c, 0xe5, 0x9, 0x9e, 0x20, 0xa, 0xbf, 0xf4,
    0x87, 0xff, 0x18, 0x7, 0xff, 0x54, 0x4c, 0xfd,
    0xc0, 0x67, 0xe2, 0x7c, 0xcf, 0x38, 0x66, 0x7c,
    0xdd, 0xdf, 0xfc, 0x2f,

    /* U+4E8B "事" */
    0x0, 0xfa, 0xec, 0x1, 0xf9, 0x15, 0x7c, 0xec,
    0xab, 0xe4, 0xf, 0xbb, 0xf1, 0x95, 0xdf, 0xa4,
    0x2f, 0xaa, 0xb8, 0xcd, 0x55, 0xdd, 0xa0, 0x14,
    0xdd, 0xe3, 0x35, 0xde, 0x90, 0xf, 0x36, 0xec,
    0x87, 0xbb, 0x30, 0x7, 0xcd, 0xbb, 0x21, 0xee,
    0xcc, 0x1, 0xec, 0xdd, 0xc8, 0x7b, 0xbb, 0xc0,
    0x31, 0xf6, 0xee, 0x43, 0xdd, 0xe6, 0x0, 0x8f,
    0x77, 0x91, 0x1b, 0xb8, 0x3, 0x77, 0xee, 0xf2,
    0x23, 0x77, 0x4, 0xf8, 0xd5, 0xdf, 0x8c, 0xd7,
    0x78, 0x1a, 0xc5, 0x14, 0x47, 0x80, 0x2, 0x38,
    0x3d, 0x0, 0x5, 0x77, 0xc6, 0x6b, 0xbc, 0x20,
    0x18, 0xfb, 0x9f, 0x5a, 0x49, 0xdd, 0xcc, 0x1,
    0xe3, 0xbc, 0x3e, 0x0, 0xff, 0xe0, 0x17, 0xfb,
    0x94, 0x3, 0xf0,

    /* U+4E8E "于" */
    0x6, 0xff, 0xff, 0xb4, 0x2, 0x49, 0x9e, 0x4,
    0x99, 0xd0, 0x1, 0x13, 0x37, 0x1, 0xb3, 0x65,
    0x0, 0xff, 0xeb, 0x23, 0x37, 0x80, 0xd9, 0xbc,
    0x1b, 0x33, 0xe0, 0x49, 0x9f, 0xc, 0xff, 0xf8,
    0x1f, 0xff, 0xc2, 0x1, 0xff, 0xff, 0x0, 0xfe,
    0x67, 0x70, 0x78, 0x7, 0xfd, 0xf1, 0x2, 0x50,
    0xf, 0xfa, 0x7f, 0xda, 0x40, 0x1f, 0x0,

    /* U+4E91 "云" */
    0x0, 0x33, 0xbf, 0xfc, 0x40, 0x15, 0x4c, 0xff,
    0xce, 0x1, 0x67, 0x77, 0xfc, 0xa0, 0x1f, 0xfd,
    0x59, 0xff, 0xff, 0xe1, 0x75, 0x4c, 0xe7, 0x6,
    0x99, 0xfa, 0xcd, 0x9b, 0x0, 0xcb, 0x37, 0xca,
    0x1, 0x85, 0xd8, 0x2, 0x88, 0x0, 0x7e, 0x90,
    0x90, 0xb, 0x9e, 0x40, 0x3c, 0x2f, 0x2, 0x1,
    0x35, 0x34, 0x0, 0x75, 0x93, 0x80, 0x91, 0xa1,
    0x99, 0xd4, 0xa, 0xf1, 0x4b, 0xfd, 0xdb, 0x97,
    0x2, 0x56, 0x24, 0xc, 0xf1, 0x37, 0x9b, 0xfe,
    0xed, 0xc1, 0x80, 0xba, 0x87, 0x64, 0x32, 0x0,
    0xc3, 0x56,

    /* U+4EAE "亮" */
    0x0, 0xf8, 0x40, 0x3f, 0xf8, 0x9e, 0xe0, 0x1f,
    0xc6, 0xab, 0xc3, 0xaa, 0xbc, 0x60, 0x14, 0xd5,
    0x70, 0x2d, 0x57, 0x48, 0x5, 0x5f, 0xd9, 0x9f,
    0xbb, 0xe8, 0x3, 0x8b, 0x33, 0xf3, 0x80, 0x7f,
    0x67, 0xfe, 0xe0, 0xf, 0xfb, 0x77, 0xb0, 0x3,
    0xf8, 0xee, 0xa6, 0x7a, 0xdc, 0x3, 0x2f, 0xfd,
    0x77, 0xfb, 0xbf, 0xc8, 0x1, 0x55, 0x7f, 0xf0,
    0x0, 0x39, 0x15, 0xa9, 0x56, 0x99, 0x2a, 0xc0,
    0x12, 0x58, 0x80, 0x7c, 0x20, 0x15, 0xa8, 0xa,
    0x0, 0x18, 0x3, 0xf9, 0x8c, 0x3, 0xc, 0x28,
    0x7, 0xe4, 0xd0, 0x1, 0xc7, 0x85, 0x80, 0x63,
    0x55, 0xa8, 0xc2, 0x31, 0x99, 0xa2, 0x1, 0x48,
    0xd5, 0x45, 0xe1, 0x19, 0xd0, 0x1, 0xcb, 0xff,
    0xb8, 0xc0,

    /* U+4EC5 "仅" */
    0x0, 0xeb, 0x30, 0xf, 0xfe, 0x11, 0xa3, 0x19,
    0xfe, 0x0, 0xf5, 0x17, 0x66, 0x7e, 0x10, 0xe,
    0x6a, 0xa4, 0x86, 0xf7, 0x50, 0x2, 0x1, 0x9c,
    0x14, 0x50, 0x4, 0x77, 0x18, 0x7, 0x48, 0x18,
    0x10, 0xa8, 0x4, 0xe8, 0x1, 0x9c, 0x40, 0x32,
    0x68, 0x0, 0xc6, 0xc0, 0x23, 0x84, 0x0, 0xde,
    0x84, 0x14, 0x46, 0x0, 0x2d, 0x38, 0x0, 0xca,
    0x36, 0x2d, 0x60, 0x10, 0xae, 0x80, 0x7a, 0x1b,
    0x49, 0x80, 0x23, 0xb1, 0x0, 0xf3, 0x11, 0xc0,
    0x7, 0xff, 0x5, 0x8, 0x3c, 0x3, 0xff, 0x80,
    0xb6, 0x92, 0xb0, 0x1, 0xfe, 0x8a, 0x4b, 0x68,
    0x79, 0x0, 0xf9, 0x39, 0xdd, 0x60, 0x7, 0x96,
    0xc2, 0x0, 0xe3, 0x5c, 0x80, 0xc, 0xd8, 0x2c,
    0x1, 0x1f, 0xb5, 0x98, 0x7, 0x8f, 0x50,

    /* U+4ECA "今" */
    0x0, 0xff, 0xe7, 0x3e, 0x0, 0x7f, 0xf0, 0xca,
    0x8, 0x3, 0xff, 0x84, 0x3e, 0x22, 0xb0, 0xf,
    0xfe, 0x0, 0xe1, 0xe6, 0x12, 0xc0, 0x3f, 0xc7,
    0xe7, 0x84, 0x76, 0x98, 0x20, 0x1f, 0x3e, 0x5,
    0x1, 0x11, 0xa8, 0xf9, 0xc0, 0x32, 0xec, 0x30,
    0xde, 0xee, 0xa1, 0x68, 0xe8, 0x12, 0xa6, 0xc9,
    0xdd, 0xfb, 0x27, 0x1d, 0x4, 0xba, 0xcc, 0x8,
    0xbf, 0x1, 0xce, 0x0, 0x4, 0x17, 0xff, 0xfc,
    0x60, 0x1e, 0x79, 0x9f, 0xc2, 0x23, 0x0, 0xf1,
    0x33, 0x7c, 0x3, 0x0, 0x1f, 0xfc, 0x25, 0x94,
    0x60, 0xf, 0xfe, 0xc, 0x51, 0xd8, 0x7, 0xff,
    0x1, 0xb5, 0xdb, 0x0, 0x3f, 0xf8, 0x5, 0x2d,
    0x92, 0x1, 0xff, 0xc1, 0x2e, 0xb3, 0x0, 0xfc,

    /* U+4EE3 "代" */
    0x0, 0xfe, 0x20, 0xf, 0xfe, 0xd, 0x48, 0x3,
    0x58, 0x14, 0x3, 0xf8, 0x57, 0x80, 0x21, 0x3a,
    0xb0, 0xf, 0xce, 0xc, 0x1, 0x8f, 0x12, 0xc0,
    0x3e, 0x85, 0x10, 0x0, 0xf8, 0x1d, 0xa2, 0x0,
    0x39, 0xc7, 0x80, 0x23, 0x10, 0x2, 0x6a, 0x0,
    0x61, 0x80, 0x0, 0x91, 0x82, 0x3c, 0xd7, 0x69,
    0x80, 0x54, 0x1, 0x6e, 0xb0, 0x89, 0x4a, 0xa,
    0xa1, 0x0, 0x4a, 0x48, 0x3, 0xf3, 0x9c, 0x37,
    0x2a, 0x60, 0x80, 0x5, 0xe, 0x0, 0x33, 0xe,
    0x2, 0x0, 0x7d, 0x6e, 0x1, 0xe5, 0xc, 0x0,
    0xff, 0xe1, 0x89, 0xb0, 0x7, 0xff, 0x12, 0x85,
    0x0, 0x2, 0xa0, 0x1f, 0xf3, 0xc, 0x0, 0x16,
    0x84, 0x3, 0xfe, 0xa3, 0x80, 0xc2, 0x10, 0xf,
    0xf9, 0x25, 0xf5, 0xd4, 0x3, 0xff, 0x82, 0xda,
    0xe9, 0x20,

    /* U+4EE4 "令" */
    0x0, 0xff, 0xe7, 0x5f, 0x0, 0x7f, 0xf0, 0xe1,
    0x5, 0x80, 0x3f, 0xf8, 0x30, 0xee, 0x99, 0x28,
    0x7, 0xfd, 0x2e, 0xe8, 0x67, 0xa7, 0x0, 0xfc,
    0x7a, 0xd3, 0x0, 0x8, 0x98, 0xc3, 0x0, 0xc9,
    0x58, 0x0, 0x9f, 0xfd, 0x22, 0x2c, 0xa3, 0x1,
    0xa4, 0x9d, 0xaa, 0xfd, 0xb2, 0x9a, 0x22, 0xce,
    0x60, 0x55, 0xf9, 0x1, 0xbb, 0xc4, 0x8, 0x15,
    0x7f, 0xe2, 0x1, 0x0, 0xd1, 0x55, 0xfe, 0x70,
    0xf, 0x6f, 0xfa, 0x43, 0xff, 0x80, 0x3f, 0xfa,
    0xe2, 0x1, 0xff, 0xc3, 0x3f, 0xe0, 0x60, 0xf,
    0xfe, 0x9, 0xd4, 0xe1, 0x80, 0x7f, 0xf0, 0x95,
    0x8c, 0x3, 0x0,

    /* U+4EE5 "以" */
    0x0, 0xff, 0x85, 0xc4, 0x3, 0x9f, 0x0, 0x3e,
    0x28, 0x20, 0xe, 0xf2, 0x1, 0x10, 0x7, 0xff,
    0xe, 0xba, 0x0, 0x27, 0x0, 0xff, 0x5c, 0x3e,
    0x8, 0x4, 0x20, 0x1f, 0xcf, 0x86, 0xc0, 0x40,
    0x60, 0x1f, 0xe3, 0xd7, 0xe, 0x1, 0x0, 0xff,
    0x88, 0x0, 0xa6, 0x1, 0xff, 0x19, 0x1, 0x12,
    0xc0, 0x3f, 0x8a, 0xf1, 0x82, 0x1, 0x80, 0x3e,
    0x19, 0xd5, 0x94, 0x42, 0x83, 0x80, 0x70, 0x98,
    0x33, 0xf3, 0x15, 0x12, 0xcc, 0x0, 0x4d, 0xc8,
    0xdd, 0x0, 0x58, 0x1f, 0x4c, 0xf0, 0x0, 0x55,
    0x6c, 0x88, 0x2e, 0x86, 0x10, 0x4b, 0x3a, 0x1,
    0xd1, 0x0, 0x2e, 0x93, 0xc8, 0x2, 0x92, 0x80,
    0xf, 0x1c, 0xd8, 0x80, 0x77, 0xe8, 0x0,

    /* U+4EEA "仪" */
    0x0, 0xff, 0xe5, 0xd4, 0x0, 0x10, 0xc0, 0x3f,
    0xf8, 0x9, 0xe0, 0xe, 0xd1, 0x0, 0xff, 0x20,
    0x8b, 0x2, 0xc2, 0x0, 0x18, 0x40, 0x1e, 0xf3,
    0x23, 0x21, 0x66, 0x9, 0x9c, 0x1, 0xc6, 0x92,
    0x80, 0x81, 0x34, 0x28, 0x22, 0x0, 0xef, 0x5,
    0x4, 0xc0, 0x15, 0xc, 0x50, 0xe, 0x83, 0x0,
    0xb5, 0x0, 0x32, 0x68, 0x6, 0x87, 0x20, 0x9,
    0xc5, 0x0, 0xa, 0xe, 0x1, 0x23, 0xad, 0x80,
    0x42, 0xb0, 0x0, 0x95, 0x10, 0x9, 0x2a, 0x80,
    0x1d, 0x6, 0xa8, 0x72, 0x1, 0xca, 0x1, 0xe2,
    0x7a, 0xa3, 0x18, 0x7, 0xff, 0x6, 0x0, 0x68,
    0x3, 0xff, 0x82, 0x38, 0x5, 0xc4, 0x1, 0xff,
    0x2f, 0x96, 0x60, 0x75, 0x80, 0x3f, 0x1e, 0x52,
    0x79, 0x8e, 0x3c, 0xe2, 0x0, 0x7c, 0xf9, 0x42,
    0x1, 0x46, 0x3f, 0x80, 0x66, 0xf3, 0xb3, 0x0,
    0xf1, 0xdd, 0x80,

    /* U+4EF6 "件" */
    0x0, 0xff, 0x88, 0x3, 0xfc, 0xbc, 0x1, 0x93,
    0x48, 0x3, 0xfb, 0xc, 0xe, 0x0, 0x3f, 0xf8,
    0x28, 0x80, 0x46, 0x0, 0xff, 0xe0, 0x19, 0x68,
    0x60, 0x36, 0x82, 0xb3, 0x14, 0x3, 0xa8, 0x10,
    0x50, 0x65, 0x82, 0x26, 0x50, 0x1, 0x89, 0x80,
    0xc, 0x1d, 0xf6, 0x1b, 0xfe, 0xd0, 0xd, 0x0,
    0x1, 0x87, 0x10, 0xf, 0xf2, 0xa9, 0x0, 0x92,
    0x0, 0x3f, 0xeb, 0x5e, 0x1, 0xd6, 0x6b, 0x41,
    0x59, 0xb0, 0x3, 0x6c, 0x0, 0xd3, 0x39, 0x82,
    0x26, 0x70, 0x81, 0x88, 0x1, 0x3f, 0xf5, 0x86,
    0xff, 0xe1, 0x0, 0xff, 0xff, 0x80, 0x7f, 0xf1,
    0x97, 0x80, 0x39, 0x3c, 0x80, 0x38,

    /* U+4EFB "任" */
    0x0, 0xe9, 0x20, 0xf, 0xfe, 0x1b, 0x34, 0x1,
    0xe4, 0x92, 0x0, 0xf5, 0x98, 0x44, 0x2a, 0xf7,
    0xed, 0x1c, 0x3, 0x98, 0xa1, 0x95, 0x5, 0x8a,
    0xbb, 0x54, 0x3, 0xa0, 0x10, 0xb7, 0x2d, 0x1,
    0x44, 0x3, 0xd4, 0x22, 0x0, 0xff, 0xe1, 0x32,
    0x88, 0x7, 0xff, 0x8, 0xe5, 0x18, 0x0, 0x23,
    0x80, 0x2, 0x3c, 0x7, 0x36, 0x0, 0x9e, 0xec,
    0xc1, 0xdd, 0xc4, 0xc, 0x1, 0x5d, 0xf2, 0x5,
    0xdf, 0x10, 0x7, 0x12, 0x26, 0x20, 0x44, 0xe0,
    0xf, 0xff, 0x89, 0xaa, 0xc4, 0xa, 0xb2, 0x0,
    0x7e, 0xaa, 0xc8, 0x15, 0x58, 0x0,

    /* U+4F18 "优" */
    0x0, 0xe8, 0x10, 0x1, 0x40, 0x7, 0xf8, 0xdc,
    0xc0, 0xc, 0xe2, 0xe4, 0x1, 0xf5, 0x91, 0x0,
    0x31, 0xee, 0x90, 0x3, 0xcd, 0x40, 0x1c, 0x74,
    0xf6, 0x40, 0x19, 0x45, 0x19, 0xac, 0x7, 0x6e,
    0x54, 0x40, 0x5, 0x0, 0xf3, 0x33, 0x84, 0xcc,
    0xb3, 0x0, 0x6, 0x20, 0x4f, 0xfa, 0x43, 0xbf,
    0xf6, 0x1, 0x48, 0x7, 0xb8, 0x38, 0x40, 0x3b,
    0xc6, 0x0, 0x38, 0x80, 0x3f, 0x2e, 0x90, 0x7,
    0x39, 0x80, 0x7d, 0x6, 0x1, 0xc4, 0x45, 0x0,
    0xff, 0xe1, 0x50, 0xe0, 0x7, 0xff, 0x4, 0x5e,
    0x44, 0x3, 0x10, 0x80, 0x7d, 0x44, 0xe0, 0x1c,
    0x9e, 0x1, 0xe9, 0x5f, 0x0, 0x9d, 0x55, 0xaa,
    0x1, 0xd2, 0x5e, 0x40, 0xa3, 0x35, 0x44, 0xf0,
    0x9, 0x7e, 0x6c, 0x40, 0x3, 0xdf, 0xf9, 0x0,

    /* U+4F4D "位" */
    0x0, 0xc3, 0x42, 0x1, 0x44, 0x0, 0x3f, 0x99,
    0x40, 0x31, 0x98, 0x3, 0xfa, 0xcc, 0x40, 0x3f,
    0xf8, 0x26, 0x69, 0x33, 0xce, 0xe3, 0x3c, 0x1,
    0xa0, 0x17, 0x73, 0x23, 0x36, 0x66, 0x10, 0x2,
    0x20, 0x43, 0xfb, 0xbd, 0x13, 0xc2, 0x3, 0x40,
    0x10, 0xc6, 0x88, 0xeb, 0xc1, 0x0, 0x68, 0xa8,
    0x5, 0xa6, 0x80, 0x11, 0x68, 0x5, 0x75, 0xa0,
    0x12, 0x17, 0x0, 0x8, 0x50, 0x2, 0x75, 0x0,
    0xea, 0x50, 0x2, 0x89, 0x80, 0x7f, 0x90, 0xc,
    0x29, 0x80, 0x3f, 0xe2, 0x6, 0x42, 0xa0, 0xf,
    0xf8, 0x4c, 0x61, 0x8, 0x3, 0xf8, 0x8a, 0xe1,
    0x3d, 0x22, 0xc0, 0x1c, 0x9b, 0xba, 0x82, 0x77,
    0x70, 0x7, 0x26, 0xef, 0xfc,

    /* U+4F4E "低" */
    0x0, 0xff, 0xe5, 0x44, 0x80, 0x7c, 0x73, 0x40,
    0x1e, 0x60, 0x8, 0x91, 0xeb, 0xb1, 0x34, 0x3,
    0x90, 0x75, 0xff, 0x6e, 0x55, 0xb7, 0x4e, 0x1,
    0xde, 0x49, 0xe1, 0xbf, 0xc1, 0x84, 0x1, 0xe3,
    0x4a, 0x0, 0x88, 0x0, 0x20, 0x1f, 0xbc, 0x3,
    0x95, 0x60, 0xd5, 0x58, 0xc0, 0xe, 0x60, 0x1d,
    0x55, 0xb, 0x55, 0x56, 0x9, 0xc, 0x20, 0x1b,
    0xfe, 0x56, 0xff, 0xa0, 0x11, 0xe4, 0x3, 0xf1,
    0x10, 0x3, 0xd0, 0x1, 0xfd, 0xaa, 0x1, 0xff,
    0xc4, 0x71, 0x20, 0xf, 0xfe, 0x11, 0x81, 0x28,
    0x7, 0xf1, 0x18, 0x67, 0xe2, 0x2d, 0x0, 0xd0,
    0x80, 0x75, 0x20, 0xb4, 0x63, 0x51, 0x32, 0xa8,
    0xc0, 0x3a, 0x26, 0xfc, 0x98, 0xc9, 0xe6, 0x84,
    0x80, 0x38, 0x66, 0xab, 0x78, 0x43, 0xad, 0x80,

    /* U+4F53 "体" */
    0x0, 0xff, 0xe5, 0xe, 0x10, 0x4, 0xde, 0x1,
    0xfe, 0x43, 0x30, 0x7, 0xff, 0xf, 0x8, 0x40,
    0x3f, 0xf8, 0x6c, 0xea, 0xbb, 0xc1, 0x57, 0x80,
    0x33, 0x6, 0xd5, 0x66, 0xa, 0xad, 0x0, 0x1a,
    0xc5, 0xff, 0xe1, 0x0, 0x14, 0x7f, 0xb4, 0x2,
    0x72, 0x0, 0xc6, 0x26, 0x9, 0x60, 0x1c, 0x70,
    0x1, 0xd4, 0x16, 0x1a, 0x64, 0x1, 0xe, 0x93,
    0x80, 0x42, 0xcc, 0x10, 0x41, 0xb0, 0x8, 0x6f,
    0x3c, 0x2, 0xa0, 0x80, 0xa, 0x58, 0xc0, 0x25,
    0x10, 0xa, 0x52, 0x44, 0x2, 0x73, 0xd2, 0x0,
    0xf4, 0xb2, 0x83, 0x60, 0x33, 0x2c, 0x30, 0xc0,
    0x3b, 0x9e, 0x62, 0xa, 0x11, 0xa, 0xc2, 0x10,
    0xe, 0x78, 0x3e, 0xe4, 0x87, 0x73, 0x4b, 0x8,
    0x3, 0xff, 0xb6, 0xfc, 0x1, 0xcd, 0xc0, 0x1e,

    /* U+4F7F "使" */
    0x0, 0xff, 0xe4, 0xe, 0x98, 0x4, 0xde, 0x1,
    0xfc, 0xe4, 0x20, 0x1f, 0xfc, 0x2d, 0xd, 0xff,
    0xa4, 0x3f, 0xf7, 0x0, 0x44, 0x8d, 0x55, 0x98,
    0x26, 0xaa, 0xb0, 0xa, 0xc2, 0x1c, 0x3, 0xf9,
    0x0, 0x4, 0xc2, 0x25, 0xaa, 0x98, 0x26, 0xaa,
    0x50, 0x4, 0x0, 0x61, 0xff, 0x48, 0x7f, 0xb0,
    0x2, 0x65, 0x30, 0xf, 0xfe, 0x17, 0x3d, 0x80,
    0x43, 0xfe, 0x90, 0xff, 0x60, 0x5, 0x10, 0x0,
    0x91, 0xe6, 0x48, 0x13, 0x39, 0x40, 0x3c, 0x4f,
    0xec, 0x26, 0xcd, 0x84, 0x3, 0xc3, 0x4d, 0x2b,
    0x60, 0x1f, 0xfc, 0x5, 0x96, 0x3, 0x0, 0xff,
    0xe0, 0x15, 0x1, 0x5d, 0x98, 0x40, 0x3e, 0x3a,
    0xd1, 0xdd, 0x50, 0x4f, 0x72, 0xdc, 0x3, 0xb,
    0x4e, 0x90, 0x2d, 0xfd, 0xb0, 0x98,

    /* U+4FDD "保" */
    0x0, 0xc9, 0x40, 0x23, 0xf8, 0x3, 0xe3, 0x43,
    0xee, 0xfc, 0x20, 0x1e, 0xb4, 0x0, 0x56, 0x66,
    0x90, 0xf, 0x88, 0xf0, 0x0, 0xe6, 0x78, 0x80,
    0x3e, 0xb0, 0x70, 0xf, 0xfe, 0x11, 0xb0, 0x88,
    0x0, 0xac, 0xdb, 0x0, 0x3d, 0xe0, 0x10, 0x8a,
    0x62, 0x65, 0xc, 0x20, 0x1a, 0x8c, 0xc0, 0x2,
    0xee, 0xa0, 0x7b, 0xa1, 0x0, 0x9a, 0x6c, 0x1f,
    0xff, 0x40, 0xff, 0xe6, 0x0, 0x63, 0x0, 0x16,
    0xaa, 0x10, 0x9, 0xea, 0x88, 0x1, 0xe2, 0x55,
    0x18, 0xa0, 0xa9, 0x2a, 0x88, 0x3, 0xf1, 0x4a,
    0x60, 0x42, 0xb0, 0x7, 0xf1, 0xe1, 0x50, 0x0,
    0xaa, 0x60, 0x3, 0xe7, 0xc2, 0xc1, 0x0, 0x96,
    0x5f, 0x48, 0x3, 0x8e, 0x30, 0x40, 0x39, 0xb6,
    0x88, 0x3, 0x91, 0xc0, 0x21, 0x30, 0x8, 0x9c,
    0x0,

    /* U+503C "值" */
    0x0, 0xce, 0x60, 0x1a, 0x20, 0x1, 0xfd, 0x34,
    0xab, 0x91, 0xa, 0xb8, 0x3, 0x18, 0xa5, 0x56,
    0x33, 0x55, 0x61, 0x0, 0xa9, 0x37, 0xfe, 0xa0,
    0xdf, 0xfc, 0x20, 0x13, 0x68, 0x4f, 0xfa, 0x83,
    0x7f, 0xe0, 0xd, 0x0, 0x60, 0x65, 0x33, 0xcc,
    0x1, 0x89, 0xc0, 0x30, 0xaa, 0xf0, 0x80, 0x6f,
    0x20, 0xc, 0x79, 0x9c, 0xe0, 0x10, 0xaf, 0x80,
    0x64, 0xff, 0xe9, 0x0, 0x86, 0x8, 0x3, 0x27,
    0xff, 0x48, 0x7, 0xf8, 0xf7, 0x7a, 0x0, 0x3f,
    0xe6, 0x6e, 0xf0, 0xf, 0xf1, 0xd5, 0x73, 0x0,
    0x7f, 0x93, 0xbb, 0xa0, 0x3, 0xe2, 0xf5, 0x4f,
    0xfe, 0x90, 0xfb, 0x0, 0xc3, 0x55, 0xff, 0x78,

    /* U+505C "停" */
    0x0, 0xff, 0xe4, 0x96, 0x88, 0x5, 0x18, 0x1,
    0xfc, 0xa5, 0x31, 0x12, 0x14, 0x46, 0x60, 0xd,
    0x46, 0xab, 0x84, 0xd5, 0x76, 0x0, 0x48, 0x51,
    0xbd, 0x11, 0xe9, 0xda, 0x0, 0xbc, 0x10, 0x2a,
    0xbe, 0x80, 0xc, 0x88, 0x10, 0x8, 0xfb, 0xb3,
    0x0, 0x74, 0x80, 0x71, 0xf7, 0x66, 0x0, 0xd4,
    0x4c, 0x0, 0x1a, 0xbb, 0xf7, 0x88, 0x0, 0xaf,
    0x81, 0xbb, 0x2e, 0xfd, 0x9d, 0xa1, 0x8, 0x1,
    0x16, 0xef, 0xe5, 0x0, 0xf1, 0xbc, 0xe6, 0x7c,
    0x4e, 0x1, 0xcb, 0x5d, 0x10, 0x41, 0x88, 0xd4,
    0x1, 0xf2, 0xb3, 0x30, 0x19, 0xa0, 0xf, 0xfe,
    0x79, 0x1f, 0x0, 0x7f, 0xf0, 0x97, 0x1d, 0x40,
    0x3f, 0x3f, 0x0, 0x4f, 0xdc, 0xa0, 0xe,

    /* U+5149 "光" */
    0x0, 0xfa, 0x70, 0x3, 0xf9, 0x40, 0x3f, 0xce,
    0x20, 0x5, 0xa9, 0x0, 0xfc, 0xd0, 0x60, 0x5,
    0xb6, 0x80, 0xf, 0x14, 0xb9, 0x0, 0x49, 0x2e,
    0x60, 0x18, 0xb0, 0xe0, 0x3, 0x99, 0x18, 0x3,
    0x39, 0x68, 0x6, 0x23, 0x34, 0x31, 0x90, 0x9b,
    0x79, 0x19, 0x80, 0x13, 0x99, 0xc8, 0x59, 0x9e,
    0x10, 0xad, 0xda, 0x82, 0xb4, 0x5b, 0x77, 0x8,
    0x9, 0x14, 0x20, 0xe4, 0x2, 0x45, 0x80, 0x3c,
    0x60, 0x40, 0x1f, 0xfc, 0x1a, 0x40, 0xf, 0x94,
    0x80, 0x34, 0x94, 0x0, 0x7d, 0x16, 0x0, 0x1a,
    0x69, 0x30, 0xf, 0x9, 0x62, 0x57, 0x25, 0xb0,
    0x4, 0xaf, 0xfe, 0xe1, 0x52, 0x47, 0xf4, 0x0,
    0xd5, 0x5d, 0xe0, 0xdd, 0x2, 0x1, 0xc2, 0xab,
    0x84, 0x0,

    /* U+514B "克" */
    0x0, 0xfa, 0xb0, 0x3, 0xf0, 0x8f, 0xc0, 0x23,
    0xe0, 0x1e, 0xef, 0x21, 0xf7, 0x78, 0x87, 0x33,
    0xc6, 0x59, 0x9e, 0x20, 0x33, 0xf3, 0x89, 0x9f,
    0x80, 0x22, 0xff, 0xc8, 0x7f, 0xf9, 0x0, 0x3c,
    0xf5, 0x5e, 0x80, 0xf, 0xd8, 0xab, 0xe4, 0x0,
    0xff, 0xe6, 0x5f, 0xff, 0xb0, 0x3, 0xc5, 0x54,
    0x70, 0x8a, 0x5, 0xaa, 0x28, 0x7, 0x2a, 0xbc,
    0x1d, 0x47, 0x55, 0x42, 0x42, 0x1, 0x86, 0x58,
    0x3, 0xeb, 0xd0, 0x8, 0xf0, 0x20, 0x2, 0xf0,
    0x9, 0xd0, 0x9f, 0x30, 0xd8, 0x20, 0x7, 0x77,
    0xfc, 0x35, 0x70, 0xd9, 0x64, 0x1, 0x4d, 0xd5,
    0x5c, 0x53, 0xf4, 0x60, 0x1e, 0x45, 0x58, 0x40,

    /* U+5165 "入" */
    0x0, 0xcd, 0xff, 0x88, 0x3, 0xfc, 0x95, 0x48,
    0x0, 0xff, 0xe0, 0x12, 0xa9, 0x0, 0x40, 0x3f,
    0xf8, 0x22, 0xe, 0x1, 0xff, 0xc3, 0x20, 0xf,
    0xfe, 0xb, 0x6, 0x0, 0x7f, 0xf0, 0x7c, 0x14,
    0x3, 0xff, 0x80, 0x88, 0x80, 0x60, 0xf, 0xfa,
    0x4d, 0xd2, 0x0, 0x3f, 0xd4, 0x5e, 0x10, 0x32,
    0x1, 0xfa, 0x16, 0x4c, 0xd, 0xd9, 0x80, 0x1e,
    0x97, 0x73, 0x0, 0x50, 0xb2, 0xc0, 0x11, 0xe3,
    0x4c, 0x0, 0x75, 0x2c, 0xc8, 0xf, 0x7, 0x18,
    0x3, 0xea, 0x76, 0x83, 0xad, 0x30, 0xf, 0xe8,
    0xb9,

    /* U+5173 "关" */
    0x0, 0xd0, 0xe0, 0x1d, 0x4a, 0x1, 0xfb, 0x21,
    0x40, 0x22, 0x51, 0x0, 0xfc, 0x8f, 0x60, 0x14,
    0x1a, 0x0, 0x78, 0x8a, 0xb1, 0x82, 0x55, 0x49,
    0x14, 0x1, 0xb3, 0x75, 0x80, 0xfb, 0x41, 0x5b,
    0xb2, 0x0, 0x5f, 0xdd, 0xb0, 0x2f, 0xbb, 0x90,
    0x2, 0x11, 0xf0, 0x30, 0x8f, 0x0, 0x7f, 0x8,
    0x18, 0x7, 0xee, 0xff, 0xec, 0xe, 0xff, 0xf2,
    0x85, 0xd5, 0x71, 0x16, 0xaa, 0xe7, 0x5, 0x5e,
    0x72, 0x8b, 0x26, 0x55, 0xc4, 0x1, 0xc3, 0xe6,
    0xac, 0x5c, 0x1, 0xfc, 0x58, 0x7a, 0x0, 0xe2,
    0xb0, 0xf, 0x9f, 0x43, 0x4, 0x0, 0x74, 0x9a,
    0x40, 0x13, 0xf4, 0x2e, 0x10, 0x6, 0x5c, 0xd,
    0x91, 0xd, 0x4c, 0xa1, 0x0, 0xf1, 0xec, 0x90,
    0x0,

    /* U+5177 "具" */
    0x0, 0x8d, 0x9b, 0xf8, 0x3, 0xea, 0x98, 0x8f,
    0xa4, 0x3, 0xf1, 0x77, 0x7a, 0x0, 0x3f, 0x8b,
    0xbb, 0xd2, 0x1, 0xfc, 0x31, 0x1e, 0x50, 0xf,
    0xe3, 0x44, 0xf6, 0x80, 0x7f, 0x16, 0xef, 0xa0,
    0x3, 0xf8, 0xb7, 0x7d, 0x0, 0x1f, 0xc6, 0x89,
    0xed, 0x0, 0xfc, 0x21, 0x11, 0xe4, 0x10, 0xe,
    0x11, 0x4f, 0xff, 0xf0, 0x88, 0x0, 0xbd, 0xdf,
    0xfc, 0x30, 0x4c, 0xcd, 0x10, 0xcc, 0x95, 0xef,
    0x31, 0xa0, 0x26, 0x62, 0xa8, 0xe3, 0x30, 0xb3,
    0xd5, 0x91, 0x80, 0xb5, 0xf3, 0xd4, 0x80, 0xb,
    0x3a, 0x5b, 0x98, 0xa, 0x42, 0xb9, 0x40, 0x38,
    0x5f, 0x9a, 0x80, 0xfe, 0xd4, 0x3, 0xfd, 0x38,
    0x0,

    /* U+5185 "内" */
    0x0, 0xff, 0xe4, 0x2f, 0x80, 0x7f, 0xf5, 0x9b,
    0xff, 0xa8, 0x3f, 0xfb, 0x44, 0x2a, 0xb2, 0x8d,
    0x56, 0x63, 0x1, 0x55, 0xda, 0x6a, 0xbb, 0xc0,
    0x3e, 0xd0, 0xf, 0xfe, 0xa, 0x16, 0x0, 0x7f,
    0x94, 0x60, 0xf0, 0x3, 0xf1, 0xd3, 0x3d, 0x9c,
    0x80, 0x79, 0x71, 0x24, 0x12, 0x19, 0x40, 0x33,
    0x52, 0xd8, 0x4, 0xe9, 0xa0, 0x19, 0xae, 0x80,
    0x3a, 0xe0, 0x3, 0x90, 0x3, 0xff, 0x90, 0x69,
    0x86, 0x1, 0xfe, 0x6b, 0x55, 0x36, 0x0, 0x7e,
    0x5f, 0xf4, 0x0,

    /* U+518C "册" */
    0x0, 0x88, 0xb8, 0x4, 0x8b, 0x80, 0x3d, 0x9b,
    0xb8, 0xdf, 0x77, 0x80, 0x3e, 0x7e, 0xc0, 0xd,
    0xdc, 0x80, 0xf, 0xde, 0x22, 0x0, 0xc2, 0x30,
    0x7, 0xff, 0x75, 0x10, 0x1a, 0x88, 0x5, 0xf0,
    0x44, 0x78, 0x22, 0x4, 0xae, 0xc2, 0xb7, 0x21,
    0x2c, 0x17, 0x66, 0xb, 0xb1, 0x13, 0xfc, 0x13,
    0xfa, 0x19, 0x21, 0xfe, 0x90, 0xff, 0x18, 0x6,
    0x30, 0xf, 0xfe, 0x18, 0x80, 0x80, 0x7f, 0xf0,
    0xd0, 0x14, 0x3, 0x8, 0x80, 0x3f, 0xbc, 0x84,
    0x3, 0x79, 0x80, 0x7e, 0x25, 0xb0, 0xe, 0x44,
    0x0, 0x7e, 0xe1, 0x60, 0xdc, 0x5, 0x3d, 0x15,
    0xc0, 0xe, 0xbd, 0x0, 0x44, 0xe6, 0xaa, 0x5,
    0x24, 0x0, 0x67, 0x30, 0x2, 0xb9, 0xdd, 0x0,
    0xff, 0x38, 0x4,

    /* U+51B2 "冲" */
    0x0, 0xff, 0x8, 0x7, 0xff, 0xf, 0xdc, 0x3,
    0x8d, 0xc0, 0x3f, 0xf8, 0x4d, 0x12, 0x1, 0xff,
    0xc1, 0x5b, 0x66, 0xa, 0xae, 0x1d, 0x55, 0x90,
    0x0, 0x8f, 0x25, 0x55, 0x81, 0x6a, 0xaf, 0x0,
    0xa4, 0x98, 0x33, 0xfc, 0x31, 0xfe, 0x50, 0xc,
    0x3a, 0xc0, 0x1f, 0xfc, 0x12, 0x60, 0xf, 0xfe,
    0x13, 0xc8, 0x1, 0x15, 0x43, 0xaa, 0xa6, 0x0,
    0xd8, 0x60, 0x8, 0xaa, 0x2, 0xd5, 0xc, 0x3,
    0x3a, 0x0, 0x33, 0xfc, 0x31, 0xfe, 0x50, 0x9,
    0x6, 0x8f, 0x4c, 0x3, 0xd7, 0x40, 0x8, 0x42,
    0x2, 0x0, 0xf8, 0x44, 0xe, 0x72, 0x1, 0xff,
    0xc1, 0x98, 0x20, 0xf, 0xfe, 0xf, 0xb8, 0x7,
    0xff, 0x4,

    /* U+51FB "击" */
    0x0, 0xfb, 0x1c, 0x3, 0xff, 0x84, 0x5e, 0x1,
    0xf8, 0x48, 0xb8, 0x4, 0x8b, 0x80, 0x2c, 0xdd,
    0xe1, 0x6d, 0xde, 0x60, 0x7, 0x66, 0x70, 0x36,
    0x67, 0x38, 0x0, 0xcf, 0xc2, 0x23, 0x3e, 0x10,
    0x0, 0x8f, 0x80, 0x2, 0x3e, 0xd, 0xee, 0xf0,
    0xbf, 0x77, 0x9a, 0x69, 0xaa, 0xee, 0x5, 0xbb,
    0xa5, 0xad, 0x10, 0x2c, 0xe8, 0x90, 0x92, 0x24,
    0xc, 0x84, 0x1, 0xff, 0xe7, 0x73, 0x38, 0x44,
    0x67, 0x70, 0x7, 0xab, 0x32, 0x6, 0xcc, 0x9c,
    0x3, 0x26, 0xef, 0xfa, 0x0, 0x20,

    /* U+5206 "分" */
    0x0, 0xff, 0xe4, 0xd, 0x8, 0x0, 0xb4, 0xc0,
    0x3f, 0x4a, 0x80, 0x44, 0x76, 0x1, 0xf1, 0xbc,
    0x8, 0x5, 0x2e, 0x20, 0x1c, 0x5a, 0x6e, 0x1,
    0x9c, 0xb4, 0x40, 0x23, 0xc3, 0xd0, 0xf, 0x79,
    0x61, 0x3, 0x61, 0xca, 0xa2, 0x79, 0xac, 0x35,
    0xd1, 0xb7, 0xae, 0xff, 0x7e, 0xba, 0x14, 0x85,
    0x77, 0x10, 0xfb, 0xa2, 0x30, 0x83, 0x0, 0xc2,
    0x25, 0x50, 0x8c, 0x62, 0x1, 0xf8, 0x87, 0x40,
    0x21, 0xf0, 0xf, 0xd6, 0x28, 0x0, 0x10, 0x20,
    0xf, 0x8d, 0xa0, 0x2, 0x20, 0x60, 0xf, 0x16,
    0x9b, 0x0, 0x4a, 0x4, 0x1, 0xcd, 0x85, 0xa5,
    0x90, 0xb6, 0x42, 0x1, 0x1e, 0xcb, 0xe0, 0x93,
    0x32, 0x8e, 0x40, 0x31, 0xd6, 0xc8, 0x5, 0x5d,
    0xfc, 0x80, 0x18,

    /* U+521B "创" */
    0x0, 0xff, 0xe5, 0xf1, 0x80, 0x78, 0x7d, 0x0,
    0x39, 0x84, 0x80, 0x3f, 0xf8, 0x56, 0x14, 0x20,
    0x11, 0x88, 0x7, 0xce, 0x56, 0xfe, 0x40, 0xd,
    0x60, 0xf, 0x1c, 0x3a, 0x62, 0xe1, 0x0, 0x7e,
    0x3d, 0x39, 0x11, 0x49, 0xe0, 0x80, 0x7a, 0x30,
    0x4f, 0xba, 0xd1, 0x9, 0x0, 0xf9, 0xe0, 0x2e,
    0xe2, 0x6d, 0x80, 0xf, 0x44, 0x0, 0x51, 0x21,
    0x33, 0x0, 0x7f, 0xf0, 0x84, 0x40, 0x1f, 0xfc,
    0x11, 0x2, 0xf0, 0xf, 0xfe, 0xf, 0xf0, 0x28,
    0x7, 0xff, 0x7, 0x67, 0xa, 0xf, 0x18, 0x3,
    0xe1, 0x3, 0x73, 0x6, 0x42, 0x10, 0xf, 0x18,
    0x7f, 0xf0, 0xa8, 0xa3, 0x80, 0x72, 0x6d, 0xdf,
    0x69, 0xd, 0xc9, 0x28,

    /* U+521D "初" */
    0x0, 0x8e, 0x40, 0x3f, 0xf8, 0x6c, 0xc0, 0x9,
    0x9b, 0xf0, 0x7, 0xe1, 0x99, 0xfc, 0x20, 0xad,
    0x80, 0xcc, 0xf, 0xf0, 0xbf, 0xfa, 0x80, 0x2b,
    0x96, 0x9, 0x91, 0x0, 0x7f, 0xbb, 0xfe, 0x61,
    0x30, 0xf, 0xfe, 0xa, 0x34, 0x18, 0x0, 0x40,
    0x3f, 0x8e, 0xd4, 0xb1, 0x0, 0x1e, 0x1, 0xf2,
    0xe0, 0x2, 0x99, 0x0, 0x2, 0x1, 0xc3, 0x34,
    0x20, 0x83, 0xa0, 0x40, 0x40, 0x18, 0x49, 0xa2,
    0x1, 0xe9, 0x62, 0xe0, 0xa0, 0x2, 0x0, 0x1f,
    0x38, 0x0, 0x6e, 0x87, 0xc8, 0x40, 0x1e, 0x20,
    0x1, 0x0, 0xe5, 0x35, 0xa0, 0x8, 0x4c, 0x3,
    0xf1, 0x68, 0xb8, 0x4, 0x4c, 0x1, 0xf2, 0xe0,
    0x60, 0xdc, 0x32, 0x60, 0x7, 0xc6, 0xbe, 0x42,
    0xd, 0x26, 0xc0,

    /* U+5230 "到" */
    0x0, 0xff, 0xe3, 0x9, 0x17, 0xf0, 0x4, 0x9e,
    0x21, 0x7b, 0xbf, 0xc4, 0x1, 0xeb, 0xdd, 0x58,
    0x3e, 0xee, 0x6f, 0x20, 0xc, 0x24, 0x4c, 0x9,
    0x37, 0x22, 0x38, 0x7, 0xe1, 0x77, 0xa, 0xd4,
    0x0, 0x7f, 0xa0, 0x64, 0x59, 0x8e, 0x60, 0x1f,
    0x3f, 0xb0, 0xf7, 0x35, 0x82, 0x0, 0x3e, 0x69,
    0xab, 0xa9, 0xef, 0xa6, 0x70, 0xf, 0xb, 0x2a,
    0x14, 0x8, 0x2e, 0xb8, 0x7, 0xc6, 0x77, 0x1,
    0x9c, 0x20, 0x1f, 0xb3, 0x26, 0x1c, 0xc9, 0xc0,
    0x3f, 0x77, 0x4e, 0x3d, 0xd3, 0x0, 0x7e, 0x11,
    0xbc, 0x4, 0x60, 0x3e, 0x20, 0xf, 0xdc, 0x31,
    0x59, 0xc2, 0x20, 0xe, 0x9c, 0xef, 0x60, 0x40,
    0xbb, 0xa, 0xab, 0x80, 0x43, 0xd6, 0x2f, 0xbf,
    0x29, 0xd4, 0xe, 0x95, 0xc0,

    /* U+5237 "刷" */
    0x0, 0x11, 0x7e, 0x0, 0x8b, 0xc8, 0x1b, 0x77,
    0xf0, 0x4, 0x20, 0x18, 0x73, 0x39, 0xc0, 0x18,
    0xa0, 0x1e, 0x22, 0xef, 0x0, 0x11, 0x80, 0x70,
    0xf7, 0x74, 0x0, 0x7f, 0xb3, 0x22, 0x7c, 0xc0,
    0x7, 0xe1, 0x33, 0xde, 0x66, 0x0, 0xfe, 0x25,
    0x50, 0xea, 0xa8, 0x40, 0x3f, 0x2d, 0x50, 0x16,
    0xa8, 0xa0, 0x1f, 0xc7, 0xe3, 0x1e, 0x1, 0xff,
    0xcc, 0xe3, 0x0, 0xff, 0xe1, 0x1b, 0x80, 0x7e,
    0x84, 0x0, 0xc9, 0x80, 0x1b, 0x78, 0x19, 0x84,
    0x1, 0x38, 0x39, 0xd8, 0x3, 0x63, 0x8, 0x89,
    0x60, 0x7e, 0xe2, 0x8e, 0x1, 0x31, 0x80, 0x2d,
    0x98, 0x31, 0x0, 0xd, 0xce, 0x1, 0x17, 0xf4,
    0x80,

    /* U+524D "前" */
    0x0, 0xff, 0xe3, 0xe5, 0x0, 0x73, 0xe0, 0x7,
    0xd4, 0xb0, 0x1, 0xc, 0xa8, 0x6, 0x45, 0x51,
    0x99, 0xd9, 0x55, 0xa3, 0xea, 0xb1, 0x45, 0x54,
    0x61, 0x35, 0x43, 0x9, 0xaa, 0x93, 0x3f, 0xff,
    0xeb, 0x9f, 0x60, 0x2b, 0xbe, 0x90, 0x11, 0x6,
    0x40, 0x4, 0xc8, 0x23, 0x32, 0x84, 0xe0, 0x7,
    0xe8, 0xaa, 0x20, 0x7, 0xff, 0x3, 0x3b, 0x8c,
    0x1, 0xff, 0xc0, 0x8a, 0xa2, 0x0, 0x7f, 0xf0,
    0x15, 0x62, 0x0, 0xff, 0xe0, 0x67, 0x71, 0x80,
    0x3f, 0xf8, 0x17, 0xba, 0x50, 0x8, 0x40, 0x3f,
    0x31, 0x10, 0xc0, 0x11, 0x80, 0x1f, 0xc6, 0x84,
    0x1, 0x1a, 0xa1, 0x80, 0x4e, 0x46, 0x96, 0xb2,
    0x0, 0x4a, 0x3a, 0x0, 0x8f, 0x45, 0xff, 0x94,
    0x0, 0xff, 0xe7, 0x0, 0x0,

    /* U+529B "力" */
    0x0, 0xfb, 0x60, 0x3, 0xff, 0xd2, 0xbf, 0xf8,
    0x9f, 0xff, 0x9c, 0x0, 0x95, 0x58, 0x52, 0xab,
    0x0, 0x61, 0x55, 0xc3, 0x8a, 0xb8, 0x4, 0x3,
    0xc2, 0x4, 0x1, 0xc6, 0x1, 0xe5, 0x7, 0x0,
    0x84, 0x4, 0x3, 0xdc, 0x24, 0x1, 0x10, 0x30,
    0x7, 0x12, 0xb0, 0x6, 0x70, 0x30, 0xe, 0x90,
    0x90, 0xc, 0x40, 0x20, 0x1a, 0xd2, 0x84, 0x3,
    0x71, 0x80, 0x49, 0xa9, 0x2a, 0x30, 0x60, 0x5,
    0x50, 0x26, 0x58, 0x5b, 0x0, 0xb6, 0x7f, 0x8a,
    0x81, 0x86, 0x35, 0x0, 0x2e, 0xc9, 0x97, 0x18,
    0x16, 0xb8, 0x7, 0x8d, 0x98, 0x20, 0x0,

    /* U+52A0 "加" */
    0x0, 0xc5, 0xc8, 0x1, 0xff, 0xc3, 0x10, 0xf,
    0xfe, 0x18, 0x83, 0x80, 0x64, 0x4e, 0x10, 0x13,
    0x32, 0x83, 0x19, 0x84, 0xee, 0xf9, 0x81, 0xf3,
    0x12, 0x15, 0x98, 0x90, 0x6, 0x7f, 0x80, 0x26,
    0xdd, 0x48, 0x66, 0x88, 0x4, 0x20, 0x1e, 0x22,
    0x0, 0xc, 0x83, 0xc0, 0x3f, 0xee, 0x0, 0x84,
    0x3, 0xff, 0x80, 0x46, 0x1, 0xff, 0xc3, 0x76,
    0x1, 0x1, 0x0, 0xff, 0x9, 0x60, 0x18, 0x18,
    0x7, 0xf9, 0xc1, 0xc1, 0x81, 0x80, 0x3f, 0xd6,
    0xa2, 0x4, 0x4, 0x0, 0x56, 0x60, 0x6, 0x92,
    0xf4, 0xc, 0x11, 0x0, 0x26, 0x20, 0x1, 0x33,
    0x1c, 0x6f, 0xd6, 0x40, 0x2c, 0xee, 0x0, 0x54,
    0xb0, 0x9b, 0x56, 0xe0, 0x76, 0x40, 0xb, 0x50,
    0xca, 0x0, 0x12, 0xa0, 0x4, 0x80, 0x12, 0x10,

    /* U+52A1 "务" */
    0x0, 0xe1, 0xa1, 0x0, 0xff, 0xe1, 0xca, 0xba,
    0xaf, 0x18, 0x7, 0xe4, 0x70, 0x9a, 0xae, 0x90,
    0xf, 0x96, 0xc0, 0xb7, 0xfe, 0x41, 0x80, 0xe,
    0x2a, 0xa2, 0x73, 0xea, 0x96, 0xae, 0x10, 0x7,
    0x22, 0xbd, 0x8d, 0x3d, 0x68, 0xf9, 0x0, 0x79,
    0xba, 0x0, 0x59, 0x40, 0x4e, 0x8, 0x3, 0xe2,
    0x6b, 0xe9, 0x7d, 0xe9, 0x4d, 0xd4, 0x20, 0x81,
    0x7e, 0x4b, 0xc7, 0x5e, 0x13, 0x6e, 0x22, 0xdf,
    0x81, 0x4c, 0x4c, 0x89, 0x18, 0x55, 0x66, 0xcc,
    0x76, 0x0, 0x1b, 0xe6, 0xaa, 0x80, 0x8a, 0xac,
    0xa2, 0x40, 0x14, 0x7f, 0xe6, 0x2f, 0xfb, 0x41,
    0xc0, 0x3f, 0x95, 0xa0, 0x2, 0x70, 0x30, 0xf,
    0x86, 0x69, 0xd4, 0x2, 0xd1, 0x0, 0xe4, 0x8b,
    0xe7, 0xa8, 0x3, 0x85, 0x52, 0x0, 0x71, 0x30,
    0xd7, 0x28, 0x0, 0x96, 0x82, 0x0, 0x39, 0xba,
    0x94, 0x3, 0xe, 0xfe, 0x90, 0x6,

    /* U+52A8 "动" */
    0x0, 0xfe, 0x1f, 0x30, 0xc, 0x23, 0xe0, 0x1,
    0x83, 0x80, 0x49, 0xdd, 0xe1, 0x0, 0xf9, 0x37,
    0x7c, 0x20, 0x1f, 0x88, 0xbc, 0x17, 0xc1, 0x17,
    0x6a, 0x55, 0xf9, 0x9, 0x81, 0x89, 0xd2, 0xab,
    0xe8, 0x98, 0x9, 0x92, 0x1f, 0xfc, 0x2f, 0xfe,
    0xc0, 0xe, 0x11, 0x0, 0x14, 0x64, 0x3, 0x8,
    0x10, 0x13, 0x0, 0x21, 0x85, 0x8, 0x0, 0x80,
    0x20, 0xe6, 0xa, 0x56, 0x1b, 0x84, 0x18, 0x80,
    0x2, 0xe1, 0xb6, 0x79, 0x71, 0xf2, 0x4d, 0x0,
    0x8, 0xa0, 0x5a, 0x96, 0x6c, 0xb0, 0x58, 0x8,
    0xa, 0xd2, 0x7b, 0x1d, 0xc, 0x6c, 0x0, 0xe0,
    0xc5, 0x6c, 0x20, 0x58, 0x6e, 0xab, 0x48, 0x90,
    0x7, 0x59, 0xcc, 0x6, 0x51, 0x58, 0x7, 0xa7,
    0x98, 0x1, 0x3f, 0xca, 0x0,

    /* U+52D2 "勒" */
    0x0, 0x8, 0x80, 0x4, 0x1, 0x88, 0x3, 0xd5,
    0x60, 0x5a, 0x60, 0x2, 0xd3, 0x0, 0x91, 0x5d,
    0x95, 0x1, 0x14, 0x40, 0x3d, 0xf4, 0x66, 0xa9,
    0x8, 0xa5, 0x0, 0xf5, 0xfa, 0x2f, 0xe8, 0x66,
    0x82, 0x2, 0x24, 0x20, 0x12, 0xfe, 0x80, 0x2e,
    0xd2, 0x11, 0x76, 0x50, 0x4, 0x58, 0x2d, 0x94,
    0xfe, 0x6, 0x68, 0x38, 0x2b, 0x8, 0x0, 0x50,
    0x81, 0xc0, 0x44, 0x2, 0x15, 0x4b, 0x5, 0xba,
    0x50, 0x10, 0x37, 0x0, 0xd3, 0xc1, 0x1c, 0x20,
    0x2, 0x1, 0x10, 0x18, 0x2, 0x7c, 0x23, 0xc4,
    0x1, 0xa4, 0x1, 0x8, 0x5d, 0xc0, 0xb7, 0x65,
    0x4, 0x40, 0x18, 0x1, 0x0, 0x3e, 0x64, 0x1c,
    0x1, 0x0, 0x55, 0xdc, 0xb, 0x77, 0x85, 0x43,
    0xc4, 0x3b, 0xfe, 0x8, 0xff, 0x48, 0x58, 0x0,
    0x88, 0x1, 0xf9, 0x66, 0x12, 0x19, 0x14, 0x3,
    0xe2, 0x89, 0x71, 0x39, 0x3b, 0x0,

    /* U+5316 "化" */
    0x0, 0xff, 0xe5, 0xcc, 0x80, 0x6c, 0x80, 0x3f,
    0xf8, 0xd, 0xc0, 0x68, 0x20, 0x1f, 0xf3, 0x3,
    0x0, 0x7c, 0xaa, 0x0, 0xf5, 0xa0, 0x80, 0x78,
    0xeb, 0x80, 0x39, 0x8b, 0xc0, 0x3c, 0x5a, 0x56,
    0x1, 0x86, 0x1, 0xc0, 0x38, 0xf0, 0xf0, 0x3,
    0xa8, 0x40, 0x3d, 0x58, 0x58, 0x20, 0x1a, 0x91,
    0xc0, 0x3c, 0xcc, 0xc1, 0x0, 0xf4, 0xd8, 0x7,
    0xaa, 0x40, 0x3e, 0xa6, 0x0, 0xf9, 0x80, 0x3f,
    0xf9, 0x42, 0x20, 0xf, 0xfe, 0x22, 0x70, 0x7,
    0xff, 0x13, 0x44, 0x3, 0xfe, 0x60, 0xc, 0xaa,
    0x0, 0xfe, 0x22, 0x57, 0xfe, 0x2f, 0x0, 0xff,
    0x6d, 0x4c, 0xed, 0x40,

    /* U+5360 "占" */
    0x0, 0xe1, 0x0, 0xff, 0xe0, 0x47, 0x80, 0x7f,
    0xf7, 0x47, 0xff, 0xe8, 0x0, 0xf4, 0xcf, 0xd6,
    0x1, 0xc2, 0xcd, 0xf1, 0x80, 0x7f, 0xf4, 0x1f,
    0xfe, 0x71, 0xff, 0xf1, 0x7, 0x84, 0xcf, 0xe6,
    0x0, 0xc2, 0xcd, 0xfb, 0x40, 0x3f, 0xfa, 0x82,
    0xef, 0xfb, 0x40, 0x3a, 0x67, 0xf3, 0x0, 0x61,
    0xee, 0xfd, 0x60, 0x14, 0x70, 0x7, 0xe4, 0xf2,
    0x0,

    /* U+5361 "卡" */
    0x0, 0xf8, 0x40, 0x3f, 0xf8, 0x4d, 0xc0, 0x1f,
    0xfd, 0x43, 0x3f, 0x8, 0x7, 0xf6, 0x67, 0x9c,
    0x3, 0xfb, 0xbb, 0xcc, 0x1, 0xfc, 0x23, 0xe0,
    0x0, 0x99, 0xf0, 0x81, 0x9f, 0xc4, 0xf9, 0x9d,
    0x1, 0x99, 0xf9, 0xb7, 0x7a, 0x3, 0x77, 0xef,
    0x2, 0x2e, 0x10, 0x3f, 0xb0, 0x22, 0x84, 0x3,
    0xf0, 0xc2, 0xec, 0x0, 0x7f, 0xf0, 0x17, 0x29,
    0xec, 0x3, 0xff, 0x82, 0xbb, 0x0, 0x1f, 0xfc,
    0x22, 0x30, 0xf, 0xfe, 0xb0,

    /* U+539F "原" */
    0x0, 0x11, 0x7f, 0xf0, 0x44, 0x1, 0x9b, 0xbf,
    0xfc, 0x9, 0x0, 0x9f, 0x77, 0x58, 0x4e, 0xee,
    0x90, 0xb, 0xc9, 0xde, 0xe0, 0x37, 0x78, 0x84,
    0x3, 0x15, 0x54, 0xa1, 0x55, 0x58, 0x7, 0xec,
    0xff, 0xe8, 0x0, 0xfe, 0xcf, 0xfe, 0x80, 0xf,
    0xe8, 0x99, 0xe5, 0x0, 0xff, 0xe4, 0x88, 0x80,
    0x11, 0x33, 0xca, 0x1, 0xe3, 0x2f, 0xcf, 0xb0,
    0xec, 0xc7, 0x0, 0x44, 0xc, 0x7, 0x88, 0x1,
    0x4e, 0x48, 0x4, 0xa0, 0x66, 0xd5, 0x40, 0xa,
    0xa5, 0xac, 0x1, 0x28, 0xf8, 0x94, 0x1, 0xcd,
    0x49, 0x10, 0x18, 0xf9, 0xa2, 0x5c, 0x0, 0xcb,
    0x54, 0xf7, 0x38, 0x60, 0x5, 0x3a, 0x88, 0x4,
    0xa4, 0xf0, 0x1, 0x8b, 0xfd, 0x40, 0x1e,

    /* U+53CA "及" */
    0x0, 0x57, 0xff, 0xf8, 0x3, 0xdd, 0x2e, 0xf,
    0x33, 0x88, 0x40, 0x3c, 0x8d, 0x61, 0x6c, 0xd3,
    0x94, 0x80, 0x7e, 0x70, 0xb0, 0x9, 0x81, 0x80,
    0x3f, 0x8, 0x30, 0x5, 0x26, 0x8a, 0xa0, 0xf,
    0x18, 0xa, 0x2, 0x89, 0xd5, 0x20, 0x3, 0xc2,
    0x9, 0x0, 0x2d, 0xfc, 0x2a, 0x1, 0xed, 0x38,
    0x35, 0x49, 0x9, 0x19, 0x0, 0xf2, 0x29, 0xa5,
    0x80, 0x9, 0xd8, 0x40, 0x38, 0xc7, 0x2, 0x82,
    0xc3, 0x86, 0x0, 0x3d, 0x22, 0xa0, 0x34, 0x9c,
    0x7a, 0x20, 0x1c, 0x6a, 0xc0, 0x12, 0x90, 0x90,
    0x80, 0x7b, 0x8a, 0x0, 0xf, 0xe7, 0x7, 0xb0,
    0x20, 0x16, 0x17, 0x1c, 0x74, 0x3f, 0xbf, 0xab,
    0xf5, 0x20, 0x3d, 0x9d, 0x33, 0xec, 0x88, 0xd,
    0x6a, 0xab, 0x2, 0xd0, 0x27, 0xa4, 0x80, 0x38,
    0xab, 0xe0,

    /* U+53D1 "发" */
    0x0, 0xc4, 0x0, 0x47, 0x0, 0xff, 0x8f, 0x48,
    0xe, 0x83, 0x68, 0x40, 0x3e, 0xa2, 0x20, 0x6b,
    0x7, 0xbe, 0x8, 0x7, 0x9a, 0x80, 0xc, 0x60,
    0x58, 0xc, 0x1, 0xcc, 0x0, 0x55, 0x18, 0xaa,
    0x92, 0x89, 0x54, 0x1, 0x8, 0x45, 0x50, 0x1a,
    0xaa, 0x8a, 0xa8, 0x40, 0xf, 0xff, 0x31, 0xff,
    0xfe, 0x10, 0xf, 0x39, 0xff, 0xf5, 0x0, 0x7e,
    0x41, 0x6, 0xaa, 0x48, 0x10, 0x7, 0xe9, 0x66,
    0x22, 0xa8, 0x42, 0x40, 0x3e, 0x62, 0xb8, 0x39,
    0x28, 0x80, 0x80, 0x78, 0xe6, 0x8, 0x69, 0xb1,
    0x1c, 0x3, 0xc5, 0xa8, 0xe0, 0x6, 0x21, 0x20,
    0xf, 0x2e, 0x95, 0x80, 0x1f, 0x46, 0x9f, 0x54,
    0x2, 0x3a, 0x4d, 0x6a, 0xf8, 0x86, 0x2f, 0xbd,
    0x74, 0x19, 0xae, 0xc3, 0xe3, 0x3e, 0xe0, 0x1,
    0xad, 0x65, 0x0,

    /* U+53E3 "口" */
    0x45, 0x5f, 0xf1, 0x55, 0x7f, 0xca, 0x11, 0xff,
    0xf8, 0x40, 0x3f, 0xff, 0xe0, 0x1f, 0xf4, 0x7f,
    0xfe, 0x10, 0x2, 0xcc, 0xfe, 0x0, 0xb5, 0x9b,
    0xf0, 0x87, 0x38, 0x7, 0xee, 0x70,

    /* U+53EF "可" */
    0x1f, 0xff, 0xfe, 0x16, 0xc, 0xcf, 0xfc, 0x29,
    0x32, 0x6, 0x6f, 0xf8, 0xd, 0x94, 0x2, 0x45,
    0x5e, 0x40, 0xf, 0xe8, 0xaa, 0xef, 0x0, 0xff,
    0x37, 0xfc, 0x80, 0x1f, 0xfe, 0xf6, 0xff, 0x90,
    0x3, 0xfe, 0x49, 0x98, 0x80, 0x3f, 0xcb, 0xac,
    0xd2, 0x98, 0x7, 0xf4, 0xb0, 0x5, 0x10, 0x0,
    0xff, 0xe1, 0xb3, 0xb8, 0x7c, 0x3, 0xfe, 0xf8,
    0x80, 0xa8, 0x0,

    /* U+53F7 "号" */
    0x0, 0x91, 0x57, 0xf1, 0x80, 0x7a, 0x6a, 0xbf,
    0x48, 0x7, 0xcf, 0xff, 0xe4, 0x0, 0xff, 0xe6,
    0x3f, 0xff, 0x90, 0x3, 0xe9, 0xaa, 0xfd, 0x20,
    0x12, 0xb3, 0x8, 0xcf, 0xf2, 0xb3, 0x12, 0xe6,
    0x7f, 0xf8, 0x5f, 0xdf, 0xe7, 0xf, 0xff, 0xf5,
    0x80, 0x46, 0x2c, 0xdf, 0x84, 0x3, 0x94, 0x62,
    0x3d, 0x32, 0x0, 0xe1, 0x14, 0xf7, 0x7a, 0x0,
    0x40, 0x30, 0xf3, 0x0, 0x7b, 0x84, 0x3, 0xc2,
    0x1, 0xf2, 0xa8, 0x3, 0xfc, 0x54, 0xf0, 0x7a,
    0x1, 0xfe, 0x27, 0x87, 0x56, 0x0, 0x80,

    /* U+540C "同" */
    0x22, 0xff, 0xe1, 0x66, 0xef, 0xff, 0x3, 0x1,
    0xb7, 0x7f, 0xcc, 0x0, 0x12, 0x2f, 0xf0, 0x80,
    0x53, 0xff, 0xfb, 0x40, 0x35, 0x57, 0xf4, 0x0,
    0x63, 0x55, 0xfe, 0x0, 0xe2, 0x66, 0xf1, 0x0,
    0x79, 0x66, 0x7c, 0x80, 0x1f, 0xf, 0xfe, 0x0,
    0xff, 0xe5, 0x8a, 0xae, 0x0, 0xfc, 0x21, 0x55,
    0x80, 0xc0, 0x3c, 0xdf, 0xfe, 0x50, 0xf, 0xfe,
    0x0, 0xc4, 0x18, 0xc0, 0x3f, 0x85, 0x9c, 0x20,

    /* U+540E "后" */
    0x0, 0xff, 0xe1, 0x8, 0x7, 0xff, 0x4, 0xe3,
    0x79, 0x0, 0x31, 0x10, 0xd5, 0xe7, 0x3f, 0x1d,
    0xa9, 0x0, 0x36, 0x6e, 0x54, 0x3b, 0xd7, 0xf6,
    0xa0, 0x1e, 0x6c, 0xdf, 0xeb, 0x84, 0x0, 0xfe,
    0x11, 0x1, 0x17, 0xf0, 0x80, 0x67, 0xdd, 0xff,
    0xa4, 0x3, 0x3e, 0xef, 0xfd, 0x20, 0x1b, 0xc8,
    0xbf, 0xe1, 0x0, 0xf3, 0x37, 0xf0, 0x7, 0xc3,
    0x33, 0xfc, 0x1, 0xc2, 0x40, 0xb, 0xff, 0xea,
    0x0, 0xe2, 0x6, 0x0, 0xff, 0xe1, 0x50, 0x98,
    0x7, 0xff, 0x4, 0x5e, 0x40, 0x2c, 0x55, 0xec,
    0x0, 0xd4, 0x4e, 0x1, 0x3d, 0x57, 0x30, 0x4,
    0x21, 0xc0, 0x1a, 0xff, 0xfa, 0x80, 0x20,

    /* U+5411 "向" */
    0x0, 0xf6, 0x28, 0x7, 0xfc, 0xa6, 0x20, 0x1e,
    0x24, 0x4d, 0x22, 0x8, 0x9e, 0x5b, 0xbc, 0x63,
    0x77, 0xea, 0x1, 0xff, 0xff, 0x40, 0x7, 0xff,
    0x18, 0x7f, 0xfc, 0x80, 0x1f, 0x9e, 0x66, 0x1,
    0x0, 0xfd, 0x8c, 0xd0, 0x7, 0xff, 0x6a, 0xff,
    0xe0, 0xf, 0xc3, 0x55, 0xe4, 0x0, 0xf9, 0x57,
    0xc2, 0x1, 0xff, 0xc1, 0x55, 0x58, 0x7, 0xfd,
    0x94, 0x6c,

    /* U+5426 "否" */
    0x9, 0xff, 0xff, 0xe1, 0x8, 0x55, 0x7a, 0x44,
    0xaa, 0xbc, 0x20, 0x6a, 0xbd, 0x83, 0x4a, 0xbe,
    0x0, 0xfa, 0x94, 0x1, 0x5a, 0xa0, 0x1f, 0x8b,
    0x16, 0x84, 0x21, 0xea, 0xc4, 0x3, 0xa3, 0x4b,
    0x14, 0x0, 0x55, 0x6b, 0xe6, 0x0, 0x6e, 0x76,
    0xe3, 0x0, 0xe4, 0xf5, 0xc5, 0x18, 0x5c, 0x81,
    0x19, 0xc8, 0x46, 0xb, 0x60, 0x1e, 0xb4, 0xee,
    0xcd, 0x5d, 0xd8, 0x25, 0x40, 0x30, 0xe6, 0x7c,
    0xe0, 0x1f, 0xc6, 0x7f, 0x70, 0x7, 0xff, 0x39,
    0x57, 0xef, 0x0, 0xfc, 0x35, 0x5f, 0x30, 0x7,
    0xe1, 0xff, 0xfa, 0x80, 0x3e, 0x7e, 0x0, 0xf9,
    0x7c, 0x2,

    /* U+542C "听" */
    0x0, 0xff, 0xe0, 0x89, 0x80, 0x7f, 0xf0, 0xe,
    0x7b, 0x80, 0x6, 0x6c, 0x65, 0x35, 0x9f, 0x89,
    0x1a, 0x5, 0x33, 0x90, 0x58, 0x56, 0x33, 0x5c,
    0x3, 0x5f, 0x88, 0x5, 0x52, 0xe6, 0x1, 0xff,
    0xd0, 0x75, 0x5f, 0x20, 0x7, 0xe9, 0xaa, 0xf4,
    0x80, 0x7e, 0xdf, 0xf4, 0xf, 0xfb, 0x40, 0x3f,
    0xf8, 0xd7, 0xe2, 0xe, 0x6, 0x1, 0xfc, 0xd2,
    0x0, 0x20, 0x10, 0xf, 0x8d, 0xad, 0x98, 0x7e,
    0x40, 0x1f, 0x86, 0x48, 0x25, 0x1d, 0x0, 0x3f,
    0xf8, 0x34, 0x34, 0x1, 0xff, 0xc0, 0xa5, 0x83,
    0x0, 0xff, 0xe0, 0xc, 0xb8, 0x7, 0xff, 0x6,
    0xd8, 0x3, 0x9f, 0x80, 0x20,

    /* U+542F "启" */
    0x0, 0xf9, 0x0, 0x3f, 0xf8, 0x29, 0x78, 0x40,
    0x1f, 0xf2, 0x68, 0xc8, 0x7, 0xcf, 0xff, 0xb4,
    0x93, 0xff, 0x38, 0x4, 0x35, 0x5f, 0xc2, 0x1,
    0xca, 0xbf, 0xc0, 0x1e, 0x44, 0xfe, 0x0, 0xe1,
    0xbb, 0xfe, 0x10, 0xc, 0x3d, 0xdf, 0xe7, 0x0,
    0xc2, 0x1, 0xff, 0xc1, 0x36, 0xee, 0xfe, 0x20,
    0x7, 0x88, 0x3, 0x33, 0xd4, 0x1, 0x8d, 0x40,
    0x6, 0x7e, 0x60, 0x8, 0x53, 0x0, 0x3f, 0xf8,
    0x10, 0x2a, 0x0, 0x55, 0xf2, 0x0, 0x15, 0xac,
    0x2, 0xaa, 0xf4, 0x0, 0x35, 0x94, 0x2, 0xff,
    0xf6, 0x0, 0x22, 0x40, 0xd, 0xe0, 0x1e, 0x3f,
    0x20,

    /* U+548C "和" */
    0x0, 0xf8, 0xa4, 0xc0, 0x3f, 0x8d, 0x5e, 0xbb,
    0x51, 0x89, 0x57, 0x80, 0x2d, 0xaa, 0x38, 0xe6,
    0xad, 0x57, 0x84, 0x1, 0xdf, 0xb6, 0x6, 0x1,
    0x17, 0xfa, 0xc0, 0x3e, 0x10, 0xf, 0xfe, 0xf,
    0x7f, 0xa0, 0x3f, 0xe0, 0xf, 0xea, 0xbb, 0x20,
    0x5d, 0xc0, 0x1f, 0xc8, 0x98, 0x31, 0x10, 0x1,
    0xff, 0x48, 0x1, 0xb0, 0x3, 0xfe, 0x46, 0x30,
    0xc2, 0x80, 0xf, 0xe2, 0xb4, 0xb0, 0x28, 0x71,
    0x0, 0xf8, 0xf0, 0xa8, 0x2, 0x6b, 0x10, 0xf,
    0xa4, 0xf0, 0x40, 0x32, 0x1, 0x7f, 0xac, 0x2,
    0xad, 0x10, 0xf, 0x86, 0xa8, 0xe0, 0x1f, 0xfc,
    0x13, 0x55, 0x60, 0x7, 0xff, 0x2, 0x7c, 0x0,
    0x9a, 0x20,

    /* U+5668 "器" */
    0x2, 0x44, 0xe1, 0x12, 0xaf, 0x80, 0x2a, 0xbb,
    0xe5, 0x55, 0x57, 0x58, 0x6, 0x3f, 0xf7, 0x0,
    0x6d, 0xff, 0x38, 0x7, 0x9, 0x99, 0x40, 0x33,
    0x99, 0x88, 0x3, 0x8b, 0x31, 0x61, 0x84, 0x15,
    0x98, 0x50, 0xd, 0x1f, 0xfc, 0xbf, 0xfe, 0xe0,
    0x0, 0xf7, 0x78, 0x9b, 0xbb, 0xd0, 0x3, 0x11,
    0x90, 0x50, 0x85, 0xe2, 0x35, 0x80, 0x1d, 0x43,
    0x54, 0xef, 0x9, 0xb0, 0xd1, 0x8c, 0x33, 0xb2,
    0x5a, 0x70, 0x7, 0x61, 0x2b, 0x7f, 0xc7, 0xc,
    0x91, 0x3, 0x51, 0x12, 0x95, 0xba, 0x1b, 0x9a,
    0x7a, 0x45, 0x54, 0xa5, 0x55, 0x3a, 0x3c, 0x0,
    0x6f, 0xf7, 0x0, 0x6c, 0xff, 0x20, 0x7, 0x91,
    0x20, 0xc, 0x89, 0x38, 0x7, 0xae, 0xd4, 0x1,
    0xa2, 0xec, 0x60, 0x1e, 0xee, 0x68, 0x6, 0xcf,
    0xf2, 0x0, 0x40,

    /* U+56DE "回" */
    0x25, 0x5f, 0xfe, 0x15, 0x57, 0xff, 0x2, 0xc0,
    0x7f, 0xff, 0xd0, 0x1, 0xc8, 0x9e, 0x20, 0xf,
    0x15, 0xdf, 0x94, 0x3, 0xf6, 0x7f, 0xc2, 0x1,
    0xff, 0xd9, 0x45, 0x58, 0x40, 0x3f, 0xa2, 0xaa,
    0x1, 0x0, 0xf1, 0x7f, 0xf9, 0x80, 0x38, 0xcf,
    0xfd, 0xc0, 0x1, 0xcc, 0xff, 0x30, 0x0, 0x77,
    0x7f, 0xce, 0x4, 0x84, 0x5f, 0xec, 0x60,

    /* U+56E0 "因" */
    0x14, 0x4f, 0xfe, 0xb, 0x5d, 0xff, 0xf0, 0x28,
    0x7, 0xbb, 0x4a, 0xf7, 0x68, 0x0, 0x84, 0x79,
    0x4, 0x78, 0x3, 0xff, 0x8a, 0x4a, 0xb6, 0x8a,
    0xac, 0x80, 0x19, 0x2a, 0xa5, 0xa, 0xaa, 0x0,
    0x33, 0x7f, 0xca, 0x15, 0xfe, 0xc0, 0xf, 0xce,
    0x12, 0x1, 0xfe, 0x52, 0x93, 0x50, 0xf, 0xc5,
    0x68, 0xcb, 0x64, 0x1, 0xe5, 0xc2, 0xa0, 0xb3,
    0xc3, 0x0, 0xd3, 0x4f, 0x82, 0x3, 0x85, 0x9e,
    0x1, 0x6c, 0x51, 0x9e, 0x2f, 0x91, 0x0, 0xd,
    0xc6, 0x67, 0xd2, 0xe0, 0x1, 0xee, 0xff, 0x40,
    0x3f, 0x88, 0xff, 0x9f, 0x80,

    /* U+5728 "在" */
    0x0, 0xff, 0xe5, 0x97, 0x18, 0x7, 0xff, 0x9,
    0x44, 0xc0, 0x3f, 0xca, 0xba, 0x89, 0x57, 0xf0,
    0x0, 0xea, 0xb1, 0x12, 0xab, 0xf1, 0x1, 0xff,
    0xc6, 0x5f, 0xff, 0xc4, 0x1, 0x94, 0xe4, 0x2,
    0xaa, 0x0, 0x7e, 0x1b, 0x34, 0x0, 0xc2, 0x1,
    0xfb, 0x44, 0x3, 0xff, 0x85, 0x66, 0x60, 0x3f,
    0xf9, 0x53, 0xfe, 0x90, 0x6, 0x25, 0xb0, 0x14,
    0xcc, 0x65, 0x33, 0x50, 0x2, 0x6d, 0x0, 0x2,
    0xcd, 0xf8, 0xc0, 0xa, 0x80, 0x1f, 0xfd, 0x92,
    0x33, 0x85, 0xcc, 0xf0, 0x80, 0x7a, 0x73, 0x24,
    0x3c, 0xcd, 0x0, 0x1e, 0xad, 0xdf, 0xe8,

    /* U+5730 "地" */
    0x0, 0xfe, 0x17, 0x10, 0xf, 0x9, 0x0, 0x71,
    0xc1, 0x0, 0x79, 0xb0, 0x3, 0xff, 0x8c, 0x6e,
    0x1, 0xff, 0xc2, 0x49, 0x0, 0xf0, 0x81, 0x36,
    0x8b, 0x20, 0x7, 0x2c, 0x6f, 0x82, 0x4a, 0x84,
    0xc0, 0xb, 0xf0, 0x4a, 0x81, 0x83, 0x7c, 0xf,
    0xdc, 0x84, 0x0, 0x2f, 0x50, 0x40, 0x3e, 0x21,
    0xfe, 0x7, 0x2, 0x60, 0xf, 0x3d, 0x80, 0x79,
    0x88, 0x3, 0xff, 0x81, 0x6a, 0x5a, 0x1, 0xcb,
    0x40, 0x1c, 0x54, 0x2a, 0x0, 0x4c, 0x1a, 0x0,
    0xf4, 0x77, 0x1a, 0xa6, 0xde, 0x7a, 0x80, 0x22,
    0xf2, 0x10, 0xf1, 0x8e, 0xc6, 0x10, 0x0, 0xaa,
    0xf9, 0xf4, 0x44, 0x1, 0x94, 0x6a, 0xbc, 0x4e,

    /* U+5747 "均" */
    0x0, 0x84, 0x80, 0x21, 0x91, 0x0, 0xfe, 0x6c,
    0x0, 0x95, 0x80, 0x3f, 0xf8, 0x7a, 0x28, 0xab,
    0xc4, 0x1, 0xf9, 0x6, 0xab, 0xce, 0x1, 0xf2,
    0x16, 0xff, 0xf0, 0x5, 0x1f, 0x3, 0xf9, 0xa,
    0x40, 0x1f, 0xae, 0x54, 0x24, 0xc, 0x99, 0xb1,
    0x0, 0x63, 0x6d, 0x16, 0xfa, 0x69, 0x9c, 0xa0,
    0x1, 0x0, 0xf1, 0xaf, 0x7f, 0xe7, 0x0, 0xff,
    0xe2, 0x8, 0x80, 0x3e, 0x39, 0x20, 0x1, 0xc6,
    0x71, 0x83, 0x80, 0x13, 0x7, 0xa, 0xa9, 0xd8,
    0xa9, 0x80, 0x1a, 0xec, 0xd1, 0xd6, 0x22, 0x8d,
    0xd4, 0x1b, 0x0, 0x85, 0x6e, 0x9c, 0x42, 0x6d,
    0x88, 0x2, 0x20, 0x20, 0x12, 0x0, 0xf8, 0x6e,
    0x62, 0x8, 0x1, 0xff, 0x8, 0x9d, 0xcb, 0x40,

    /* U+5757 "块" */
    0x0, 0xff, 0xe4, 0xa2, 0x0, 0x30, 0xfa, 0x0,
    0x7f, 0x77, 0x80, 0x7f, 0xf6, 0x4f, 0xfd, 0xc1,
    0x7f, 0xee, 0x0, 0xfe, 0x2a, 0xa4, 0x83, 0xd3,
    0x8, 0x6, 0xef, 0x54, 0xfa, 0x55, 0x38, 0x62,
    0xf8, 0x7, 0x55, 0xa1, 0x5c, 0x0, 0xc, 0x1c,
    0x3, 0xe4, 0x40, 0xb2, 0x10, 0x8c, 0x0, 0x11,
    0x0, 0x80, 0x7c, 0x5d, 0xd6, 0x6, 0x74, 0x7,
    0x30, 0x7, 0x8a, 0x6e, 0xc8, 0x44, 0x5b, 0xb9,
    0xc0, 0x39, 0xaa, 0x55, 0x15, 0x15, 0x91, 0x21,
    0x0, 0x99, 0xc8, 0x6c, 0x58, 0x6a, 0xcd, 0x0,
    0x31, 0x7c, 0xa6, 0xda, 0xc, 0x21, 0x99, 0x20,
    0x3, 0x15, 0x74, 0x90, 0xe, 0x8c, 0x80, 0x24,
    0xe4, 0x3, 0x28, 0x80, 0xf, 0xe, 0xc8, 0x0,
    0x54, 0xd6, 0x40, 0x1e, 0xb0, 0xd4, 0x0, 0xcb,
    0x6b, 0x20, 0x1e, 0x8d, 0x20, 0xf, 0x27, 0x58,
    0x0,

    /* U+58F0 "声" */
    0x0, 0xfc, 0x20, 0x1f, 0xfc, 0x26, 0xe0, 0xf,
    0x85, 0x13, 0xdc, 0x8, 0x9e, 0x34, 0xbb, 0xf3,
    0x85, 0xdf, 0xb5, 0x7b, 0xbd, 0x21, 0xdd, 0xf0,
    0xf, 0xf7, 0x69, 0xe, 0xee, 0x80, 0xa, 0xea,
    0xbf, 0xf8, 0x0, 0x12, 0xd5, 0x7f, 0xc0, 0x1e,
    0x69, 0x98, 0x1a, 0x65, 0x0, 0xe0, 0x1d, 0xec,
    0xd0, 0x63, 0x31, 0x40, 0x3e, 0xf5, 0x58, 0x31,
    0x56, 0x0, 0xf9, 0xaa, 0xa0, 0x6a, 0xa4, 0x3,
    0x80, 0x44, 0x17, 0xff, 0xfc, 0x60, 0x12, 0x82,
    0x0, 0x7f, 0xf0, 0xa, 0x18, 0x3, 0xff, 0x80,
    0x78, 0x30, 0x1, 0xff, 0xc0, 0xb2, 0xc1, 0x0,
    0xff, 0xe0, 0x46, 0x10, 0x7, 0xff, 0x4,

    /* U+5904 "处" */
    0x0, 0xc4, 0x1, 0xc2, 0x60, 0x1f, 0x93, 0x40,
    0x39, 0xb0, 0x3, 0xf1, 0x10, 0x3, 0xff, 0x87,
    0xe2, 0x89, 0x10, 0x7, 0xfc, 0xe7, 0x77, 0x38,
    0x7, 0xf8, 0xc7, 0x3f, 0x81, 0x80, 0x23, 0x40,
    0xe, 0xa0, 0x30, 0x50, 0x30, 0x9, 0x6d, 0x80,
    0x21, 0x60, 0x30, 0x33, 0x0, 0x66, 0xa9, 0x50,
    0x5, 0x8a, 0x58, 0x5a, 0x0, 0x72, 0xbd, 0x12,
    0xaa, 0x39, 0x90, 0xe8, 0x3, 0xd0, 0xa6, 0xec,
    0xc5, 0x3a, 0x32, 0x0, 0xfa, 0x84, 0xa4, 0x1,
    0x43, 0x20, 0x1f, 0xfc, 0x11, 0x90, 0x80, 0xf,
    0xfe, 0x0, 0xe1, 0x70, 0xe9, 0x80, 0x7f, 0x1f,
    0x86, 0x8e, 0xa6, 0x5f, 0x32, 0x24, 0xa8, 0xb8,
    0xba, 0x20, 0x33, 0x86, 0xaf, 0x77, 0x51, 0xad,
    0xd8, 0x3, 0x8e, 0x33, 0xbf, 0xf3, 0x80,

    /* U+5907 "备" */
    0x0, 0xe2, 0x50, 0xf, 0xfe, 0x1c, 0xdb, 0xbf,
    0x90, 0x3, 0xe6, 0x40, 0x99, 0xe8, 0xd0, 0xf,
    0x2c, 0x83, 0xf7, 0x66, 0x1b, 0x0, 0xe7, 0xa5,
    0xc6, 0x60, 0x1, 0x9e, 0x88, 0x3, 0x44, 0x54,
    0x75, 0x33, 0xad, 0x0, 0x3a, 0x31, 0xc0, 0xa,
    0xec, 0xc7, 0x40, 0xf, 0x8c, 0xe, 0x39, 0xe1,
    0xdd, 0xd0, 0x40, 0x1a, 0x73, 0xf1, 0xd6, 0x4b,
    0x60, 0x9f, 0x7a, 0xd4, 0x0, 0xb0, 0x0, 0x49,
    0xaa, 0x41, 0x81, 0xc1, 0x30, 0x4c, 0x90, 0x37,
    0xfc, 0x31, 0xfe, 0x57, 0x69, 0x30, 0xe, 0xdf,
    0xf0, 0xc7, 0xf9, 0x40, 0x3f, 0xa2, 0xa8, 0xb,
    0x54, 0x30, 0xf, 0xe2, 0x66, 0x9, 0x33, 0x1c,
    0x3, 0xfa, 0xb3, 0x2, 0xf9, 0x84, 0x0, 0xfe,
    0xbd, 0xdf, 0x28, 0x6,

    /* U+5916 "外" */
    0x0, 0xe1, 0x0, 0xf0, 0x80, 0x7f, 0x1f, 0x18,
    0x6, 0x7f, 0x0, 0xfe, 0x60, 0x10, 0xf, 0xfe,
    0x1e, 0x9, 0x0, 0x7f, 0xf0, 0xd8, 0x7f, 0xee,
    0x0, 0xff, 0x98, 0x26, 0xec, 0x64, 0x3c, 0x1,
    0xfd, 0x8, 0xc8, 0x81, 0x5d, 0x60, 0xf, 0xd2,
    0x32, 0x0, 0x12, 0xcf, 0x0, 0xfc, 0xad, 0x2e,
    0x20, 0xe0, 0x86, 0xc2, 0x60, 0x1c, 0x92, 0x97,
    0xe7, 0x6a, 0x21, 0xc1, 0xa2, 0x1, 0x85, 0x8b,
    0xcb, 0xa, 0x0, 0x3b, 0x4, 0x3, 0xc3, 0xc0,
    0xc4, 0x1, 0xe, 0x96, 0x10, 0x7, 0xf, 0x94,
    0x80, 0x71, 0xe1, 0xe1, 0x0, 0x45, 0x87, 0xe0,
    0x1f, 0x1e, 0x29, 0x80, 0x1b, 0x43, 0x8, 0x3,
    0xf1, 0x58, 0x85, 0xca, 0x61, 0x0, 0x7f, 0xf0,
    0x76, 0xac, 0x40, 0x3f, 0xf8, 0x20,

    /* U+591A "多" */
    0x0, 0xff, 0xe5, 0xe6, 0x80, 0x7f, 0xf0, 0x7,
    0xe, 0xc8, 0xb0, 0x7, 0xcd, 0xe6, 0x13, 0xbb,
    0x80, 0x30, 0xbe, 0xcb, 0xe6, 0x67, 0x6, 0x0,
    0xd1, 0x7, 0x84, 0x3, 0x32, 0x3a, 0xc8, 0x6,
    0x9e, 0xa6, 0x7c, 0x6c, 0x83, 0xa0, 0xf, 0x8,
    0xf, 0x84, 0x82, 0x99, 0x80, 0x38, 0x9a, 0xfe,
    0x92, 0xe9, 0x49, 0x59, 0xa2, 0x1c, 0x90, 0x9e,
    0xbd, 0x90, 0x29, 0x9c, 0x83, 0xfe, 0xb6, 0x4e,
    0x68, 0xff, 0xcc, 0x2e, 0x2, 0xd, 0xb4, 0xb0,
    0xa0, 0x13, 0xb5, 0x8, 0x0, 0xe5, 0xb2, 0xaf,
    0x4c, 0x6a, 0x29, 0x0, 0x23, 0xfb, 0x31, 0xc4,
    0xdf, 0x4b, 0x50, 0xf, 0xc7, 0x2a, 0x2f, 0xe8,
    0x1, 0x84, 0xde, 0xfb, 0x11, 0xba, 0x44, 0x3,
    0x17, 0x64, 0x4, 0xe6, 0xc0, 0x80, 0x78, 0xb3,
    0x7e, 0xdc, 0xc0, 0x3f, 0x80,

    /* U+5929 "天" */
    0xf, 0xff, 0xfe, 0x12, 0x0, 0x2a, 0xbc, 0x81,
    0x55, 0xe5, 0x0, 0x2a, 0xf8, 0x85, 0x57, 0xc2,
    0x1, 0xf8, 0xcc, 0x1, 0xff, 0xc3, 0x10, 0xf,
    0xf1, 0xbb, 0xf3, 0x1b, 0xbf, 0x28, 0x4, 0xb3,
    0x3c, 0x43, 0x13, 0x3b, 0x80, 0x26, 0xee, 0xda,
    0x6, 0x3d, 0xda, 0xc0, 0x3f, 0x50, 0x40, 0xa0,
    0x7, 0xfc, 0x4c, 0xe8, 0x50, 0x1, 0xff, 0x70,
    0xc0, 0x41, 0xb0, 0x7, 0xf5, 0x9e, 0x80, 0x15,
    0x52, 0xa0, 0x1e, 0x4d, 0x4b, 0x30, 0xa, 0x8e,
    0x9c, 0x2, 0x3b, 0xb0, 0x62, 0x0, 0x76, 0x2c,
    0x62, 0x3, 0x2b, 0xe9, 0x80, 0x7d, 0x54, 0x1d,
    0x5, 0xe8, 0x0, 0xff, 0x2e, 0xc8, 0x0,

    /* U+5931 "失" */
    0x0, 0xfc, 0x40, 0x1f, 0xfc, 0x23, 0xd2, 0x0,
    0xfe, 0x2c, 0x10, 0xf, 0xfe, 0xa, 0x18, 0x80,
    0x7f, 0xf0, 0x68, 0x3f, 0xd8, 0x1b, 0xff, 0x58,
    0x6, 0x33, 0x3c, 0xc9, 0xc2, 0x26, 0x6f, 0x0,
    0xdc, 0x70, 0xcc, 0xd0, 0x66, 0xc8, 0x1, 0x31,
    0x78, 0x4, 0x60, 0x20, 0x1f, 0x2d, 0x1, 0x9d,
    0xe0, 0x67, 0xe0, 0x6, 0xd6, 0x66, 0x60, 0xcc,
    0xf0, 0x87, 0xf7, 0x6b, 0x2, 0xd, 0xee, 0xc2,
    0x2, 0x3d, 0xe3, 0x80, 0xa2, 0x38, 0x3, 0xce,
    0x90, 0x2d, 0x4, 0x1, 0xf9, 0xe1, 0x58, 0x24,
    0xb0, 0x80, 0x38, 0x6e, 0x16, 0x80, 0x2f, 0xd,
    0x50, 0x0, 0xc7, 0x24, 0x50, 0x6, 0x2f, 0x3a,
    0xc3, 0x27, 0x4d, 0x70, 0xf, 0xe, 0x49, 0x29,
    0xf5, 0x90, 0x7, 0xf3, 0x73, 0x0,

    /* U+59CB "始" */
    0x0, 0xac, 0x80, 0x3a, 0x9c, 0x3, 0xe1, 0x46,
    0x0, 0xc4, 0xbe, 0x1, 0xf1, 0x3, 0x0, 0x6a,
    0x9, 0x0, 0xe3, 0x5a, 0x4, 0x54, 0x1, 0x77,
    0xc, 0x68, 0x80, 0x2a, 0x8c, 0x13, 0x5e, 0x10,
    0x30, 0x10, 0x14, 0x0, 0x9f, 0x46, 0xf4, 0x23,
    0x66, 0x1a, 0x2a, 0x21, 0x40, 0x24, 0xf0, 0x66,
    0x60, 0x3e, 0x5d, 0x20, 0xc0, 0x0, 0xc1, 0x0,
    0xa2, 0x15, 0x9b, 0xfe, 0xda, 0x21, 0x4, 0x22,
    0x18, 0x2a, 0x81, 0x9d, 0x56, 0x1e, 0x10, 0xb5,
    0x4, 0x12, 0x5a, 0xaf, 0x58, 0x80, 0x9a, 0xbd,
    0x38, 0x0, 0x7f, 0xf4, 0x0, 0x43, 0xa9, 0x4,
    0x20, 0x1f, 0xfc, 0x2, 0x93, 0x17, 0x90, 0xf,
    0xfe, 0x4, 0x9e, 0x4b, 0x70, 0xb3, 0x6d, 0x0,
    0xd4, 0xd6, 0x4d, 0xbc, 0x11, 0x19, 0x40, 0x29,
    0x7c, 0x40, 0x1, 0x0, 0xf7, 0x68, 0x0, 0xa7,
    0x4c, 0x3, 0x3f, 0x0, 0x67, 0xe0, 0x0,

    /* U+5B57 "字" */
    0x0, 0xf9, 0xbc, 0x3, 0xff, 0x84, 0x20, 0x20,
    0x1f, 0x47, 0xff, 0x40, 0x77, 0xff, 0x28, 0x0,
    0x6a, 0xbf, 0xe0, 0xc, 0x6a, 0xbf, 0xf0, 0x6,
    0x15, 0xff, 0xfd, 0xa0, 0x20, 0x8, 0xc4, 0xaa,
    0xf3, 0x3, 0x87, 0x28, 0x4, 0x2a, 0xbc, 0x4c,
    0xb4, 0x1, 0xfe, 0x2d, 0x88, 0x50, 0x7, 0x33,
    0x7a, 0xc9, 0x85, 0x9b, 0x86, 0x67, 0xcc, 0xd,
    0x33, 0xd6, 0x3f, 0xfe, 0xb0, 0xdf, 0xfe, 0xd0,
    0xf, 0xfe, 0xcb, 0x33, 0x80, 0x3f, 0xf8, 0x3f,
    0x2a, 0xc4, 0x1, 0xe0,

    /* U+5B58 "存" */
    0x0, 0xf3, 0xb8, 0x3, 0xff, 0x87, 0x5c, 0x1,
    0xff, 0x2b, 0x31, 0xc8, 0x19, 0xbf, 0x10, 0x2,
    0x26, 0x50, 0xd, 0x33, 0xf9, 0x0, 0x1b, 0xfa,
    0x13, 0xff, 0xfc, 0xc0, 0x1a, 0x9, 0x9f, 0xff,
    0xe3, 0x0, 0xca, 0xa7, 0x5, 0xaa, 0xd0, 0x4,
    0x40, 0x8, 0xac, 0x2, 0x25, 0x58, 0x64, 0xb0,
    0x40, 0x3, 0xe6, 0x60, 0xe, 0x3b, 0x5c, 0x10,
    0xb, 0xf, 0xdc, 0x11, 0x56, 0xb0, 0xc4, 0x55,
    0x83, 0xb4, 0x80, 0x1d, 0x55, 0x38, 0x45, 0x55,
    0x60, 0x66, 0x0, 0xab, 0xfe, 0xb0, 0xdf, 0xfb,
    0x80, 0x3f, 0xfb, 0xc9, 0x30, 0x1, 0xff, 0xc2,
    0x64, 0x7, 0x20, 0xc,

    /* U+5B8C "完" */
    0x0, 0xf8, 0x40, 0x3f, 0xf8, 0x9e, 0xe0, 0x1f,
    0xfc, 0xd1, 0xff, 0xf0, 0xc7, 0xff, 0x84, 0x2,
    0x8b, 0xbf, 0xf4, 0x0, 0x71, 0xa2, 0x7f, 0x8c,
    0x2, 0x1b, 0x5d, 0xff, 0xfc, 0xaa, 0xb1, 0x0,
    0x20, 0xcd, 0x57, 0xe7, 0x14, 0x0, 0xe4, 0x55,
    0xfc, 0x40, 0x1d, 0x5f, 0xff, 0xfc, 0xc, 0x0,
    0xa6, 0xaa, 0x14, 0xa8, 0x8, 0xaa, 0xa0, 0x2,
    0x35, 0x58, 0x31, 0x50, 0x15, 0x72, 0x0, 0x78,
    0x44, 0x60, 0x1f, 0xfc, 0x28, 0x14, 0x0, 0xf9,
    0xac, 0x3, 0x2b, 0x40, 0x7, 0xee, 0x60, 0x2,
    0x55, 0x19, 0x80, 0x1, 0xa, 0x44, 0x2b, 0x20,
    0x55, 0xbd, 0x48, 0x4, 0x46, 0xf7, 0x6a, 0x3b,
    0xb, 0xcd, 0x50, 0xe, 0xcf, 0xfd, 0xa4, 0x0,

    /* U+5B9E "实" */
    0x0, 0xff, 0xe5, 0x55, 0x80, 0x7f, 0xf0, 0xad,
    0xe4, 0x3, 0xe9, 0xff, 0xee, 0x36, 0xff, 0xf0,
    0x0, 0xaa, 0x93, 0x2a, 0xaf, 0x9c, 0x4, 0x5,
    0x55, 0xb6, 0xeb, 0xd8, 0xab, 0x60, 0x2, 0x70,
    0x8e, 0xdb, 0xc1, 0xc0, 0x32, 0x78, 0x80, 0x17,
    0x1a, 0xc5, 0x0, 0x40, 0x3f, 0x3c, 0xc9, 0x31,
    0x0, 0x3f, 0xe6, 0x77, 0x0, 0xf, 0xc0, 0x3d,
    0xdf, 0xf3, 0xe7, 0xf8, 0x23, 0xff, 0x97, 0x6e,
    0xfc, 0x63, 0x77, 0xe4, 0x34, 0x4e, 0x3, 0x8d,
    0x24, 0x4c, 0x20, 0x1c, 0x96, 0xac, 0x33, 0xaa,
    0x1, 0xe2, 0x9b, 0x5a, 0x8, 0xe4, 0xaa, 0x0,
    0xd, 0xf3, 0x52, 0xa8, 0x1, 0xc, 0xda, 0x60,
    0xb4, 0xb5, 0xea, 0x80, 0x79, 0x30, 0x4d, 0x7a,
    0x90, 0x3, 0xf8, 0xb4, 0x80,

    /* U+5BA4 "室" */
    0x0, 0xf9, 0xf0, 0x3, 0xf1, 0xa2, 0x76, 0x12,
    0x27, 0x84, 0x36, 0xef, 0x90, 0x6e, 0xfc, 0x80,
    0x7, 0xff, 0xff, 0x70, 0x7, 0x67, 0xff, 0xf2,
    0x0, 0x74, 0x4c, 0x88, 0x66, 0x79, 0xc4, 0x41,
    0xd0, 0x8c, 0x44, 0xb6, 0x67, 0x8b, 0x17, 0x20,
    0x7, 0x52, 0xa0, 0x97, 0xc5, 0x80, 0x74, 0xff,
    0x85, 0x7b, 0x9b, 0x22, 0xb6, 0x1, 0xae, 0xaf,
    0x31, 0xba, 0xff, 0x77, 0xaa, 0x0, 0x44, 0xa8,
    0x66, 0x5c, 0x0, 0x87, 0xd0, 0x2, 0xaf, 0xfd,
    0x3, 0xff, 0xb8, 0x80, 0x2e, 0xaa, 0xca, 0x15,
    0x5c, 0x40, 0x12, 0x2a, 0xed, 0x15, 0x5e, 0x0,
    0x95, 0x7d, 0xa2, 0xab, 0xe2, 0x1a, 0xaf, 0x28,
    0x55, 0x7c,

    /* U+5BB6 "家" */
    0x0, 0xfa, 0xd8, 0x3, 0xf8, 0xcf, 0xcb, 0xe6,
    0x7e, 0x0, 0xe, 0x67, 0x85, 0xb3, 0x3c, 0x20,
    0x15, 0x77, 0x7f, 0xa8, 0x3, 0x8d, 0x13, 0xfc,
    0x1, 0x87, 0x82, 0xab, 0xfc, 0x7c, 0x20, 0x1,
    0x6f, 0xf4, 0x9, 0x69, 0x37, 0xf9, 0x44, 0x2,
    0x25, 0xaf, 0x90, 0x72, 0x57, 0x5, 0xc7, 0x0,
    0xbe, 0xc6, 0xb9, 0xd6, 0x2c, 0x72, 0x99, 0xc0,
    0x2d, 0xeb, 0xd, 0x74, 0x72, 0x33, 0x5c, 0x80,
    0x44, 0xd5, 0xf4, 0xbf, 0x80, 0x9e, 0x6, 0x1,
    0xd6, 0x15, 0xf5, 0x48, 0x2, 0x37, 0x85, 0x0,
    0x8b, 0x69, 0xa7, 0x5f, 0x47, 0xc2, 0x16, 0x9c,
    0x0, 0xb3, 0xd8, 0xb5, 0x84, 0x3e, 0x0, 0xa6,
    0x8b, 0x13, 0x59, 0xdc, 0xf7, 0xa0, 0x40, 0xa,
    0x6c, 0xc5, 0xb1, 0xc8, 0xe, 0x12, 0xc, 0x3,
    0x24, 0x0,

    /* U+5BB9 "容" */
    0x0, 0xff, 0xe7, 0x73, 0x80, 0x7f, 0x91, 0x3c,
    0x3a, 0x89, 0xe0, 0xd, 0x77, 0xe0, 0x5b, 0xbf,
    0x8, 0x6, 0xaf, 0xf6, 0x7f, 0xeb, 0xff, 0x50,
    0x7, 0xe7, 0xc1, 0x10, 0x35, 0xe1, 0x0, 0x7b,
    0x5e, 0xa2, 0x87, 0x6d, 0xb0, 0x34, 0xfc, 0x40,
    0x24, 0xc4, 0xb5, 0xa3, 0x53, 0x36, 0x34, 0xb0,
    0x7, 0x3f, 0xa5, 0xad, 0xa6, 0x28, 0x4b, 0xa8,
    0x6, 0x69, 0x5d, 0x4a, 0x4a, 0x7a, 0xa1, 0x41,
    0x80, 0x62, 0xab, 0xc, 0x50, 0x4, 0x5a, 0x6d,
    0x18, 0x5, 0x7a, 0xa6, 0x59, 0xff, 0xac, 0x51,
    0xf3, 0x0, 0xe, 0x9f, 0xb1, 0xbb, 0xf0, 0x66,
    0xe4, 0x0, 0x15, 0x80, 0x24, 0x4f, 0x0, 0x46,
    0x80, 0x1f, 0x8, 0xf8, 0x3, 0xfe, 0x1e, 0xef,
    0x0, 0x7f, 0xf0, 0x33, 0x3c, 0x1, 0xfe, 0x7f,
    0x33, 0xf7, 0xb8, 0x6,

    /* U+5BF9 "对" */
    0x0, 0xff, 0xe0, 0xbf, 0x0, 0x7f, 0xf2, 0x33,
    0x3e, 0x0, 0xff, 0x22, 0x73, 0x99, 0x95, 0x76,
    0x8a, 0x98, 0x44, 0x76, 0x15, 0x57, 0x28, 0x55,
    0x0, 0x12, 0x60, 0xe, 0x69, 0xff, 0xd0, 0x3f,
    0x20, 0x16, 0x20, 0x3e, 0x0, 0x7f, 0xd2, 0xf6,
    0xc2, 0xa3, 0xca, 0x1, 0xfd, 0xb, 0x24, 0x41,
    0x6a, 0x30, 0xf, 0xeb, 0x6, 0x0, 0x41, 0xf8,
    0x7, 0xf3, 0x82, 0x18, 0x2, 0xd, 0x40, 0x3e,
    0x18, 0x83, 0x70, 0x1, 0x25, 0x40, 0x3e, 0xa3,
    0x7b, 0x24, 0x0, 0x30, 0x7, 0xd6, 0x9c, 0x4,
    0x7e, 0x1, 0xf8, 0xb1, 0x2c, 0xc0, 0x1f, 0x40,
    0x3, 0x4e, 0x0, 0xec, 0x40, 0x8, 0xc4, 0x1,
    0x76, 0x69, 0x0, 0x0,

    /* U+5C0F "小" */
    0x0, 0xf8, 0xd8, 0x3, 0xff, 0x85, 0x70, 0x1,
    0xff, 0xdf, 0x80, 0xe, 0x29, 0x10, 0xf, 0x33,
    0x88, 0x6, 0x34, 0xc1, 0x0, 0xeb, 0x51, 0x0,
    0xc3, 0xe7, 0xa0, 0x19, 0x8a, 0x40, 0x3c, 0x54,
    0x6e, 0x0, 0x29, 0x53, 0x0, 0xf9, 0x16, 0x4,
    0x5e, 0x36, 0x1, 0xfd, 0x0, 0xca, 0x7a, 0x20,
    0x1f, 0xc4, 0x9e, 0x9c, 0x60, 0x1f, 0xf5, 0xc0,
    0x7, 0xff, 0x60, 0xd9, 0x88, 0x60, 0x1f, 0xfc,
    0x9, 0x91, 0x40, 0x7, 0xfc, 0x7f, 0xee, 0x50,
    0xf, 0x80,

    /* U+5C31 "就" */
    0x0, 0xed, 0x70, 0xc, 0xda, 0x2, 0x1, 0xfd,
    0xe0, 0x1c, 0x53, 0xa0, 0x1a, 0x7f, 0xe2, 0x7f,
    0xf8, 0x40, 0x16, 0x6c, 0x1, 0x55, 0x7f, 0x8,
    0x0, 0x96, 0x80, 0x23, 0x47, 0x7f, 0x28, 0x6,
    0xea, 0x0, 0xd1, 0xbb, 0xe4, 0x6c, 0x6, 0x20,
    0x10, 0xc, 0x59, 0x95, 0x1, 0x42, 0x84, 0x44,
    0x60, 0x1f, 0xe5, 0xe7, 0x3c, 0xee, 0x10, 0x6,
    0x2c, 0xca, 0x80, 0x21, 0x7d, 0x40, 0xe, 0x9d,
    0xe2, 0x6c, 0xe3, 0x5, 0x10, 0xf, 0xd8, 0x40,
    0xd, 0x70, 0x13, 0xf0, 0xf, 0x98, 0x48, 0x6,
    0x24, 0x58, 0x10, 0x3, 0xc3, 0xc, 0x20, 0x6,
    0x18, 0x97, 0x0, 0x93, 0x40, 0x16, 0x10, 0x1,
    0xb5, 0x42, 0x0, 0x22, 0x20, 0x3, 0xe8, 0x90,
    0xc0, 0x10, 0x74, 0x1, 0x65, 0x20, 0x1, 0x52,
    0xac, 0x28, 0x42, 0xd0, 0x5, 0xdc, 0x5e, 0x0,

    /* U+5C45 "居" */
    0x0, 0x8, 0xff, 0xf0, 0x40, 0x2e, 0xef, 0xfe,
    0x6, 0x0, 0x67, 0xcc, 0xfe, 0x50, 0xe, 0xf1,
    0x1f, 0xe3, 0x0, 0xe8, 0xdd, 0xfe, 0x60, 0xe,
    0x8c, 0xcd, 0x4b, 0x99, 0xbc, 0x3, 0x11, 0x9e,
    0x5, 0x33, 0xc4, 0x1, 0xab, 0xff, 0x50, 0x7f,
    0xf5, 0x80, 0x4d, 0x55, 0x98, 0x26, 0xab, 0x78,
    0x5, 0x8a, 0xbb, 0x1, 0x95, 0x72, 0x0, 0x80,
    0x9a, 0xad, 0x80, 0xca, 0xb1, 0x0, 0x8, 0x1e,
    0x6a, 0xa6, 0x9, 0xaa, 0x94, 0x0, 0xa0, 0x60,
    0x9f, 0xff, 0x8, 0x5, 0x4a, 0x0, 0x73, 0x3f,
    0x84, 0x0, 0xa7, 0xc0, 0x3, 0xcc, 0xf8, 0x2,
    0xf5, 0x40, 0x1, 0xf7, 0x7c, 0x20, 0xa, 0xa0,
    0x2, 0xb0, 0x47, 0xee, 0x70,

    /* U+5C4F "屏" */
    0x0, 0x88, 0xbf, 0xf8, 0x2, 0x1, 0x26, 0xef,
    0xff, 0x4, 0x3, 0xaf, 0x33, 0xf9, 0x40, 0x3f,
    0xf9, 0x77, 0x99, 0xfc, 0xa0, 0x1e, 0xcd, 0xa1,
    0xad, 0xdc, 0x6f, 0xa0, 0x1c, 0x44, 0x45, 0xa0,
    0x22, 0x39, 0xd8, 0x80, 0x79, 0x11, 0xa3, 0xca,
    0xd4, 0x6c, 0xa0, 0x1e, 0xea, 0x91, 0x3a, 0x90,
    0x3a, 0xa0, 0x7, 0xab, 0xfc, 0x13, 0xfe, 0xa,
    0xff, 0x0, 0x71, 0x91, 0x40, 0x24, 0x40, 0x0,
    0x8c, 0x0, 0x20, 0x7d, 0xd8, 0x23, 0x74, 0x15,
    0xdc, 0xd0, 0x6, 0x12, 0x66, 0x24, 0x2b, 0x30,
    0x11, 0x98, 0xe0, 0x15, 0x50, 0x99, 0xa8, 0x94,
    0xcc, 0x4, 0x66, 0x20, 0x80, 0xa4, 0x7e, 0x2e,
    0x0, 0xff, 0x41, 0x4c, 0x9b, 0xcc, 0x3, 0xfa,
    0x5c, 0x37, 0xa0, 0x40, 0x37, 0xa8, 0x4,

    /* U+5C55 "展" */
    0x0, 0xff, 0xe3, 0xbf, 0xff, 0xff, 0x1, 0x0,
    0x3a, 0xef, 0xfa, 0x80, 0x3c, 0x2e, 0xff, 0xc2,
    0x1, 0xe1, 0xcc, 0xfe, 0xb0, 0xf, 0xe, 0xec,
    0xb7, 0xba, 0xa6, 0xdd, 0x20, 0x7, 0x91, 0xb,
    0xa8, 0x8f, 0x64, 0x41, 0x0, 0x72, 0x4c, 0x81,
    0xa6, 0x4a, 0x13, 0x25, 0x0, 0xe6, 0xff, 0x5,
    0x7f, 0xa0, 0x7f, 0xce, 0x1, 0xc8, 0xac, 0x18,
    0xaa, 0xd1, 0x55, 0x80, 0x2f, 0x3f, 0xa9, 0x6,
    0xaa, 0x28, 0x55, 0x44, 0x0, 0x21, 0xbf, 0x18,
    0xfb, 0xc, 0xfc, 0x7f, 0x20, 0x3, 0xa0, 0x7,
    0x21, 0xf1, 0xe9, 0x0, 0x44, 0x4c, 0x0, 0xf7,
    0x1e, 0x2d, 0x0, 0x56, 0x28, 0x4, 0x39, 0x39,
    0x58, 0x49, 0x4a, 0x20, 0xec, 0x13, 0xa0, 0x8a,
    0xac, 0x2d, 0x96, 0xab, 0xf, 0x90, 0x8b, 0xef,
    0xc9, 0x40, 0x3, 0x67, 0x50,

    /* U+5CF0 "峰" */
    0x0, 0xff, 0xe3, 0xa5, 0x0, 0x75, 0xc0, 0x7,
    0xe2, 0x40, 0xc, 0x28, 0x6e, 0xf2, 0x80, 0x7f,
    0xa0, 0x1a, 0xa9, 0x1e, 0x0, 0x38, 0x0, 0x1c,
    0x2, 0x30, 0x56, 0xd0, 0x40, 0x1, 0x58, 0x0,
    0xcc, 0x2b, 0x6a, 0x8b, 0x8a, 0x20, 0xf, 0xc5,
    0x72, 0x62, 0x84, 0xe0, 0x1f, 0xc9, 0xbd, 0x28,
    0xe3, 0xb8, 0xe4, 0x1, 0xc3, 0x4c, 0x96, 0x4f,
    0xd0, 0x10, 0xc0, 0x1c, 0x3e, 0x6b, 0x6e, 0x1b,
    0x7, 0x88, 0x1, 0xe1, 0xec, 0xc3, 0x86, 0x63,
    0x4c, 0x3, 0xf1, 0xe6, 0x1c, 0x33, 0x14, 0x1,
    0xd, 0x8c, 0x0, 0x6, 0xa8, 0xc1, 0x55, 0x0,
    0x67, 0x57, 0x73, 0x64, 0xc9, 0xc2, 0x65, 0xd4,
    0x0, 0x2a, 0xaa, 0x49, 0x56, 0x20, 0x55, 0xb4,
    0x1b, 0x40, 0x32, 0x4c, 0xd6, 0x13, 0x33, 0x80,
    0x7f, 0xf1, 0x80,

    /* U+5DF2 "已" */
    0x9f, 0xff, 0xf9, 0x0, 0x15, 0x5f, 0xe8, 0x0,
    0xc6, 0xab, 0xfe, 0x0, 0xff, 0xe4, 0x73, 0x80,
    0x7f, 0xf0, 0xb5, 0x57, 0xe4, 0x0, 0xf2, 0xd5,
    0x7d, 0x20, 0x1e, 0x8f, 0xff, 0xb8, 0x5c, 0x3,
    0xff, 0x80, 0x3c, 0x60, 0x1f, 0xfd, 0x2c, 0x60,
    0xf, 0xfe, 0x9, 0x88, 0x3, 0x84, 0x7f, 0xa0,
    0x14, 0x11, 0xbb, 0xbf, 0x9d, 0x88, 0x2a, 0xea,
    0xbf, 0x5e, 0xc8, 0x0,

    /* U+5E27 "帧" */
    0x0, 0x84, 0x3, 0xc2, 0x1, 0xf1, 0xf0, 0x80,
    0x77, 0x28, 0x7, 0xff, 0x4e, 0xbf, 0xe9, 0x4b,
    0xf0, 0xdb, 0x50, 0xc, 0xf7, 0x78, 0x91, 0x81,
    0x50, 0x88, 0xaa, 0x1, 0x1c, 0x40, 0x9, 0x8,
    0x10, 0x4a, 0xa0, 0x35, 0x52, 0xc0, 0x3f, 0xdf,
    0xd7, 0xf0, 0x1, 0xff, 0xc0, 0x4b, 0x0, 0xff,
    0xe9, 0x18, 0x7, 0xf2, 0x88, 0x6, 0xe1, 0x0,
    0xfd, 0xc0, 0x80, 0x12, 0xa8, 0x3, 0x25, 0x0,
    0x23, 0xcd, 0x25, 0x8b, 0x70, 0x3c, 0x9, 0x40,
    0x6, 0x0, 0x20, 0x95, 0x75, 0x8a, 0x0, 0xf8,
    0xee, 0x56, 0x86, 0x6d, 0x2c, 0x3, 0xc2, 0xf5,
    0x40, 0x9, 0x33, 0xc0,

    /* U+5E38 "常" */
    0x0, 0xff, 0xe3, 0xb0, 0x4, 0xfc, 0x0, 0x15,
    0x0, 0xe4, 0x9b, 0x0, 0xf4, 0x58, 0x80, 0x44,
    0xd4, 0x96, 0x5e, 0x4, 0xcc, 0x83, 0x21, 0x4d,
    0xd5, 0x2, 0x6b, 0x8e, 0xc8, 0x4e, 0xe9, 0x80,
    0x19, 0xbb, 0xff, 0x8, 0x4, 0x49, 0xbb, 0xf9,
    0x8, 0x0, 0xb6, 0x22, 0xa, 0xaf, 0x0, 0x86,
    0x30, 0xa0, 0x4, 0x23, 0xe0, 0x8, 0x84, 0x3,
    0xae, 0xfc, 0x1, 0xf9, 0xff, 0xe8, 0x1f, 0xf9,
    0xc0, 0x3b, 0xff, 0xa0, 0x7f, 0xf8, 0x80, 0x33,
    0x55, 0x4a, 0x15, 0x53, 0x0, 0x7b, 0xd5, 0x6d,
    0x15, 0x5b, 0x0, 0x3f, 0xf8, 0x29, 0xf4, 0x6,
    0x1, 0x19, 0x0, 0x79, 0x2a, 0x9c, 0x20, 0x16,
    0x20, 0x7, 0xca, 0xa1, 0x0, 0x0,

    /* U+5E55 "幕" */
    0x0, 0xff, 0xe4, 0xdd, 0x0, 0x61, 0xf4, 0x0,
    0xcb, 0xff, 0x22, 0xff, 0xee, 0xb, 0xff, 0x68,
    0x25, 0xdc, 0x69, 0x77, 0xa8, 0x22, 0xed, 0x20,
    0x28, 0x8e, 0x34, 0xaa, 0xd6, 0x12, 0x28, 0x80,
    0xc, 0xc6, 0xec, 0xdc, 0xe2, 0x1, 0xf8, 0xdd,
    0xfe, 0x0, 0xfe, 0x49, 0x9f, 0x80, 0x3f, 0x3a,
    0x4c, 0xfc, 0x1, 0xe5, 0x57, 0x54, 0x2, 0xd5,
    0x70, 0x2a, 0x0, 0xd5, 0x68, 0x5, 0xaa, 0xfb,
    0xc0, 0x7e, 0xd0, 0x23, 0xe8, 0x3b, 0x88, 0x33,
    0xf6, 0xd, 0xd6, 0xe1, 0x1f, 0x41, 0xdc, 0x41,
    0x8e, 0x91, 0x76, 0xdf, 0x9, 0xb7, 0xa, 0xb6,
    0xe, 0x81, 0x1a, 0x8, 0x0, 0x88, 0xd0, 0x45,
    0xe0, 0x3, 0x40, 0x7, 0xfd, 0x90, 0xc0, 0x1f,
    0x15, 0x10, 0x6, 0xce, 0x90, 0xc,

    /* U+5EA6 "度" */
    0x0, 0xfe, 0xc7, 0x0, 0xfe, 0x25, 0x5f, 0x16,
    0xaa, 0xf1, 0x80, 0x4b, 0x55, 0xe1, 0x5a, 0xae,
    0x80, 0xc, 0x3f, 0xeb, 0x1f, 0xfc, 0x55, 0xfe,
    0xb0, 0xe, 0x34, 0xc1, 0x54, 0x48, 0xb1, 0x10,
    0x20, 0x1d, 0xf6, 0xe1, 0x57, 0x70, 0x35, 0xd9,
    0x0, 0x3b, 0x3e, 0xc3, 0xbf, 0xe0, 0x9f, 0xf2,
    0x80, 0x7f, 0x77, 0xfc, 0x1, 0xff, 0xc0, 0x5b,
    0xbf, 0x38, 0x7, 0xe1, 0x54, 0x11, 0xf2, 0x18,
    0x7, 0x79, 0xad, 0xd5, 0x2e, 0xfa, 0xa8, 0x1,
    0xc2, 0x24, 0xe7, 0xa, 0xee, 0x94, 0x2c, 0x3,
    0x95, 0x80, 0x10, 0xb6, 0xc9, 0xcb, 0x84, 0x1,
    0xc7, 0xa0, 0x15, 0x1c, 0xd9, 0xf9, 0x80, 0x73,
    0x83, 0x12, 0xcf, 0x1a, 0x20, 0xba, 0x98, 0xc4,
    0x1, 0x4b, 0x3b, 0x4b, 0x3d, 0x76, 0xd8, 0x19,
    0xcf, 0x0, 0x65, 0xc6, 0x7e, 0x38, 0x80, 0x9,
    0xef, 0xf7, 0x0,

    /* U+5EFA "建" */
    0x0, 0xff, 0x35, 0x0, 0x7c, 0x68, 0x98, 0xd,
    0x55, 0x88, 0xab, 0x10, 0x5, 0xd7, 0x78, 0x2e,
    0xa8, 0xa3, 0x55, 0x38, 0x5, 0xbd, 0xc4, 0x40,
    0xd6, 0xe9, 0x87, 0x74, 0x4, 0x20, 0x10, 0x92,
    0x45, 0x6e, 0xcc, 0x3b, 0xa0, 0x89, 0x0, 0xd2,
    0xa7, 0x7f, 0xf3, 0x97, 0xf8, 0x26, 0x0, 0x22,
    0x56, 0xa7, 0x8f, 0xf3, 0x97, 0xf8, 0xc, 0x3,
    0x40, 0xba, 0x6d, 0x54, 0xa3, 0x55, 0x20, 0x6,
    0xea, 0xb2, 0x23, 0x80, 0x7c, 0x40, 0x19, 0x10,
    0x7, 0xd7, 0x54, 0x51, 0xaa, 0xac, 0x3, 0x5a,
    0x98, 0x2f, 0x7f, 0x9c, 0xbf, 0xe8, 0x0, 0xd9,
    0x14, 0x33, 0xff, 0x39, 0x7f, 0xe8, 0x0, 0x9c,
    0x1a, 0x62, 0xee, 0x51, 0xbb, 0xd4, 0x1, 0x18,
    0x2, 0x55, 0x91, 0x1a, 0x48, 0x98, 0xc0, 0x67,
    0x7, 0x9a, 0x37, 0xfd, 0x7, 0xff, 0xb4, 0x5,
    0x67, 0x6, 0x3f, 0x2a, 0xbf, 0x70, 0x0,

    /* U+5F00 "开" */
    0x0, 0xff, 0xe3, 0x27, 0xff, 0xff, 0x6, 0x40,
    0xb, 0x77, 0x21, 0x5d, 0xd2, 0x13, 0x77, 0x0,
    0x5, 0x12, 0x11, 0x22, 0x4a, 0x8, 0x91, 0x0,
    0x7f, 0xf6, 0x15, 0x9b, 0xb, 0x34, 0x80, 0xac,
    0xd0, 0x85, 0x4c, 0xc6, 0x53, 0x34, 0x4, 0x4c,
    0xca, 0x1f, 0xf9, 0x53, 0xfe, 0xc0, 0xdf, 0xf9,
    0x0, 0x38, 0x44, 0x1, 0xff, 0xc3, 0x5d, 0x0,
    0xff, 0xe1, 0x28, 0xa8, 0x7, 0xff, 0xa, 0x10,
    0x80, 0x3f, 0xf8, 0x3, 0x85, 0x20, 0x1f, 0xfc,
    0x6, 0xf2, 0xc2, 0x0, 0xff, 0xe0, 0x6a, 0x79,
    0x80, 0x7f, 0xf0, 0x0,

    /* U+5F02 "异" */
    0x0, 0x88, 0xbf, 0xe0, 0xf, 0x3e, 0xef, 0xfc,
    0x80, 0x1c, 0xdb, 0xbf, 0xd8, 0x1, 0xf0, 0x92,
    0x27, 0xf0, 0x7, 0xe2, 0x98, 0x8f, 0xa4, 0x40,
    0xc0, 0x3e, 0xae, 0xef, 0xc9, 0xac, 0x1, 0x8c,
    0x39, 0x9b, 0xf4, 0xa, 0x0, 0x61, 0x74, 0x99,
    0xfc, 0xd0, 0x40, 0x1d, 0x1e, 0x15, 0xff, 0x22,
    0xff, 0x38, 0x7, 0xff, 0x26, 0xff, 0xee, 0xa,
    0xff, 0x91, 0x7f, 0xf0, 0x84, 0x55, 0x52, 0xf,
    0x55, 0x11, 0xd5, 0x61, 0x3, 0x55, 0x84, 0x25,
    0x56, 0x66, 0x2a, 0xe0, 0xc, 0x33, 0xe, 0x20,
    0x1f, 0xf3, 0xdf, 0x34, 0x40, 0x3, 0xff, 0x80,
    0x6f, 0x1c, 0xe0, 0x1f, 0xfc, 0x0,

    /* U+5F53 "当" */
    0x0, 0xf8, 0x80, 0x3f, 0xf8, 0xb, 0xa2, 0x1,
    0xc5, 0xca, 0x1, 0xfd, 0xae, 0x4f, 0x4e, 0x1,
    0xf5, 0x12, 0x84, 0xc4, 0x18, 0x3, 0xa5, 0x68,
    0x80, 0xe, 0xd2, 0x80, 0x13, 0xb4, 0x28, 0x6,
    0x9a, 0x40, 0x9, 0xe9, 0xc0, 0x15, 0xff, 0x57,
    0xd0, 0x77, 0xd7, 0xf8, 0xe6, 0xef, 0xfd, 0x40,
    0xe6, 0x89, 0xfe, 0x50, 0xc, 0x23, 0xfe, 0x0,
    0xb3, 0xbb, 0xfc, 0x1, 0x76, 0xef, 0xf6, 0x0,
    0x44, 0x5f, 0xe3, 0x0, 0x11, 0x9f, 0xfc, 0x0,
    0xec, 0xcf, 0xf8, 0x1, 0x9f, 0xff, 0xee, 0x0,
    0x0,

    /* U+5F55 "录" */
    0x0, 0x11, 0x9f, 0xf0, 0x7, 0xd9, 0x9f, 0xe4,
    0x0, 0xf7, 0xf7, 0x7d, 0x40, 0xc0, 0x1e, 0x15,
    0x44, 0xf6, 0x1, 0x80, 0x7d, 0x35, 0x5e, 0x60,
    0x10, 0xf, 0xb7, 0xff, 0xd0, 0x20, 0x1d, 0xbf,
    0xff, 0xd0, 0x3f, 0xf3, 0x4, 0x52, 0xd5, 0x62,
    0x4a, 0xad, 0x34, 0x80, 0xa2, 0xbc, 0x8a, 0xa1,
    0x75, 0x58, 0xa1, 0x8, 0x0, 0x98, 0xb8, 0x1,
    0x1d, 0x8c, 0xc4, 0x88, 0x6, 0x3c, 0x53, 0x70,
    0x56, 0xe7, 0xb7, 0x0, 0xf3, 0x1e, 0x60, 0xf,
    0x8, 0x4c, 0x3, 0xb, 0xed, 0xbd, 0x58, 0x0,
    0x75, 0xa3, 0x58, 0x42, 0x20, 0xf9, 0x85, 0x0,
    0xe9, 0xd6, 0x9c, 0x9, 0xea, 0x30, 0x44, 0x10,
    0x80, 0x45, 0x7d, 0xe0, 0x1, 0x0, 0xba, 0xc2,
    0xc0, 0x38, 0x48, 0x3, 0xd5, 0xfc, 0x60, 0x1f,
    0x80,

    /* U+5F85 "待" */
    0x0, 0xff, 0xe5, 0xe3, 0x0, 0x6f, 0x60, 0xf,
    0xe7, 0x35, 0x0, 0xff, 0xe1, 0x24, 0x39, 0x99,
    0x56, 0xf, 0x55, 0x20, 0x6, 0x4b, 0x58, 0xb,
    0xaa, 0x81, 0xaa, 0x92, 0x1, 0x35, 0xad, 0x22,
    0x23, 0xfe, 0x9, 0xff, 0x68, 0x4, 0xf3, 0x43,
    0x5a, 0x1, 0xff, 0xc0, 0x16, 0xd, 0x3c, 0xff,
    0xc1, 0x3f, 0xf6, 0x80, 0x43, 0x87, 0xe9, 0x33,
    0xe0, 0x69, 0x80, 0x2, 0xf9, 0x81, 0x8b, 0x37,
    0x83, 0x19, 0x40, 0x65, 0x28, 0x1, 0x3f, 0xfe,
    0xa, 0xff, 0x0, 0xe5, 0x8, 0x2, 0xa6, 0x7c,
    0xd, 0x32, 0x0, 0xf8, 0xf2, 0xcd, 0x9a, 0xc,
    0x66, 0x0, 0x7e, 0x84, 0xaa, 0x0, 0x7f, 0xf0,
    0x8a, 0x6d, 0x84, 0x3, 0xff, 0x86, 0x9e, 0xd0,
    0x2, 0x1, 0xff, 0xc1, 0x2a, 0x56, 0x40, 0x8,

    /* U+5FAA "循" */
    0x0, 0xff, 0xe1, 0x90, 0x7, 0x4d, 0x0, 0x61,
    0x36, 0x9e, 0xd3, 0x0, 0x89, 0xbf, 0x7b, 0x9f,
    0xd9, 0x2a, 0xf8, 0x60, 0x17, 0x1a, 0x9a, 0x5d,
    0x5e, 0x56, 0x49, 0x80, 0x54, 0x7c, 0x0, 0xd5,
    0x52, 0x3d, 0x8, 0x6, 0x85, 0xa6, 0x60, 0x6f,
    0xfd, 0x61, 0xdf, 0xee, 0x8, 0xc5, 0x9c, 0x2,
    0xaa, 0x9c, 0x2a, 0xb0, 0x0, 0xe0, 0xac, 0x3d,
    0x59, 0x9e, 0x2, 0xcc, 0x40, 0x3, 0x3c, 0x8,
    0x0, 0xf3, 0x10, 0x17, 0x9a, 0x0, 0x69, 0x2,
    0x0, 0x8, 0x3, 0x3b, 0xa8, 0x0, 0xd, 0xb8,
    0x7, 0xd9, 0xdd, 0x40, 0x0, 0x76, 0x0, 0x21,
    0x0, 0xa2, 0xaa, 0x50, 0xf, 0xfe, 0x7, 0x91,
    0x40, 0x1f, 0x84, 0x8, 0x0, 0xd3, 0x32, 0x0,
    0x7c, 0x80, 0xa0, 0xb, 0xdd, 0x98, 0x3, 0xef,
    0x31, 0x0, 0x56, 0x64, 0xe0, 0x1f, 0xa4, 0x2,
    0xce, 0xea, 0x0, 0x3b, 0xd6, 0x94, 0xf, 0xcc,
    0x46, 0x7e, 0x0,

    /* U+5FC3 "心" */
    0x0, 0xf1, 0x8, 0x7, 0xff, 0x13, 0xfc, 0x80,
    0x1f, 0xfc, 0x3d, 0x5b, 0x50, 0xf, 0xfe, 0x1d,
    0xad, 0x18, 0x7, 0xff, 0x0, 0x9c, 0x28, 0xf4,
    0x3, 0xfc, 0x40, 0xf0, 0x21, 0xd0, 0x0, 0x30,
    0xf, 0xb1, 0xc0, 0x31, 0x30, 0x3e, 0x20, 0x7,
    0x10, 0x98, 0x7, 0xce, 0x94, 0x20, 0x1a, 0x85,
    0x0, 0x3f, 0x50, 0x58, 0x4, 0x2e, 0xc0, 0x1f,
    0xc3, 0xa, 0x60, 0x9, 0x9, 0x0, 0xfc, 0xe4,
    0xc5, 0x0, 0x2e, 0xe1, 0x0, 0xfd, 0x14, 0x16,
    0xc2, 0x2c, 0x80, 0xf, 0xc4, 0x1a, 0xd, 0xa2,
    0x6, 0x1, 0x8, 0x28, 0x8d, 0x60, 0x80, 0x1f,
    0xc8, 0x57, 0xdd, 0x33, 0x88, 0x7, 0xfb, 0x6e,
    0xaa, 0xc8, 0x0, 0xe0,

    /* U+5FD7 "志" */
    0x0, 0xfd, 0xc8, 0x1, 0xff, 0xc3, 0x11, 0x0,
    0x7e, 0x12, 0x2f, 0x1, 0x91, 0x78, 0x1, 0xbb,
    0xf0, 0x4e, 0xef, 0x88, 0x37, 0x7e, 0x9, 0xdd,
    0xf1, 0x0, 0x91, 0x78, 0xc, 0x8b, 0xc0, 0x18,
    0x47, 0x80, 0xc4, 0x78, 0x3, 0x3f, 0x77, 0x4,
    0xf7, 0x6a, 0x0, 0xcd, 0x99, 0x9e, 0xb3, 0x3a,
    0x40, 0x30, 0x99, 0xe4, 0xb1, 0x33, 0x88, 0x80,
    0x1d, 0xc9, 0x93, 0x85, 0x82, 0x0, 0xc8, 0x0,
    0xd0, 0x8, 0x1, 0x68, 0x30, 0x14, 0xbb, 0x80,
    0x8, 0xf0, 0x1, 0x87, 0x1d, 0x35, 0x66, 0xc,
    0xa9, 0x58, 0x3, 0x88, 0x3d, 0x45, 0x92, 0x4a,
    0x28, 0x0, 0xed, 0xff, 0x92, 0x40, 0x15, 0x40,
    0x60, 0xa, 0xea, 0xbb, 0x4c, 0x0, 0x20,

    /* U+5FD9 "忙" */
    0x0, 0xc2, 0x1, 0xff, 0xc3, 0x3e, 0x20, 0xe,
    0xac, 0x0, 0xff, 0xee, 0x8, 0x0, 0x41, 0x9b,
    0x85, 0x9a, 0x50, 0x2e, 0x50, 0xc5, 0x89, 0x98,
    0xca, 0x67, 0x3, 0x1, 0x81, 0xdf, 0x40, 0x7f,
    0xfb, 0x0, 0xc5, 0x82, 0x5, 0x40, 0x3f, 0xd6,
    0xa0, 0x6, 0x68, 0x3, 0xfd, 0x50, 0x1, 0x49,
    0x80, 0x7f, 0x98, 0xc0, 0x3f, 0xff, 0xa2, 0x8,
    0x45, 0xc0, 0x1f, 0xc8, 0x17, 0xbb, 0xc2, 0x1,
    0xf8, 0xbf, 0x33, 0xc2,

    /* U+6001 "态" */
    0x0, 0xfc, 0xa0, 0x1f, 0xfc, 0x32, 0xa2, 0x0,
    0xfc, 0x89, 0xe5, 0x7, 0x44, 0xf0, 0x85, 0x5d,
    0xf4, 0x5, 0x5d, 0xf9, 0x3, 0xbf, 0xf8, 0x5d,
    0x4f, 0xff, 0x94, 0x3, 0xce, 0x35, 0x7, 0x0,
    0x1f, 0xe4, 0x80, 0xe0, 0xa7, 0x70, 0x7, 0xe7,
    0xb5, 0xe6, 0xd7, 0x88, 0x48, 0x6, 0x17, 0xe8,
    0x7a, 0x1a, 0x4b, 0x7a, 0x6d, 0x50, 0x1e, 0x85,
    0xc8, 0x12, 0xa9, 0x90, 0x2e, 0xb5, 0x40, 0xe6,
    0xd8, 0xbf, 0x9b, 0xf8, 0x4, 0x57, 0x69, 0x3,
    0x28, 0xc0, 0x0, 0xf9, 0x38, 0x17, 0x32, 0x8,
    0x1, 0x5e, 0x0, 0x22, 0x72, 0x1, 0x69, 0x70,
    0x3, 0x52, 0xb0, 0x6, 0x85, 0xf, 0xf4, 0x41,
    0x2, 0x9a, 0x80, 0x2, 0xab, 0xc6, 0x67, 0x5c,
    0xc, 0x90, 0x2, 0xd, 0x57, 0x22, 0x2, 0xa0,

    /* U+603B "总" */
    0x0, 0x8e, 0x40, 0x39, 0x54, 0x1, 0xf0, 0xbd,
    0x80, 0x43, 0x64, 0x1, 0xf1, 0x62, 0x40, 0xe,
    0x9b, 0x80, 0x7c, 0xae, 0xa6, 0xac, 0x54, 0xa2,
    0x1, 0xeb, 0xa5, 0x4a, 0x81, 0x8a, 0x40, 0xf,
    0xa3, 0xff, 0xc0, 0x1f, 0xfd, 0xdd, 0x55, 0xe6,
    0x0, 0xfe, 0x5a, 0xae, 0x90, 0xf, 0xdd, 0x95,
    0xf1, 0x7f, 0xf2, 0x80, 0x73, 0xd5, 0xc0, 0xd,
    0x98, 0x2, 0xf0, 0x40, 0x9, 0x18, 0x1, 0x32,
    0xf8, 0x37, 0x8e, 0x2, 0xda, 0xb0, 0x6, 0xbd,
    0x8, 0xcf, 0x28, 0xd5, 0xa0, 0xe2, 0xff, 0x77,
    0x3c, 0x68, 0xaa, 0x91, 0x40, 0x6, 0xba, 0xae,
    0xd2, 0x5, 0x20,

    /* U+60C5 "情" */
    0x0, 0xa6, 0x80, 0x39, 0xb0, 0x3, 0xf1, 0x88,
    0x3f, 0xfd, 0x27, 0xff, 0x80, 0x3e, 0x5b, 0xb9,
    0x86, 0xef, 0x0, 0xe, 0x1, 0x8c, 0xba, 0xec,
    0xc3, 0x77, 0x28, 0x1, 0x54, 0x5, 0xc1, 0x35,
    0x45, 0x1a, 0xa8, 0x40, 0x18, 0xe0, 0x44, 0x86,
    0x0, 0xf9, 0x54, 0x2b, 0xe0, 0xc8, 0xf5, 0x52,
    0x8d, 0x56, 0x87, 0x15, 0x0, 0x57, 0xe5, 0xdf,
    0xdd, 0xad, 0xc0, 0x10, 0x84, 0x5d, 0x57, 0x5a,
    0x0, 0x7f, 0x1d, 0xdf, 0x0, 0x7f, 0xc7, 0x55,
    0xc0, 0x1f, 0xf2, 0xff, 0xf0, 0x7, 0xfc, 0xbf,
    0xfc, 0x1, 0xff, 0x1d, 0x57, 0x0, 0x7f, 0xcc,
    0xaa, 0x41, 0x30, 0x10, 0xf, 0xfe, 0x1, 0xdc,
    0x9a, 0x80,

    /* U+6210 "成" */
    0x0, 0xfe, 0x8c, 0x1b, 0x81, 0x0, 0xff, 0xe0,
    0x88, 0x72, 0x73, 0x0, 0x7f, 0xde, 0x62, 0xb9,
    0x2a, 0x1, 0x87, 0xff, 0xd0, 0x3f, 0xf4, 0xe1,
    0x0, 0x73, 0xcc, 0xe7, 0x9, 0x9e, 0x20, 0xe,
    0xc6, 0x6d, 0x60, 0xec, 0xc1, 0x50, 0xc, 0x60,
    0x45, 0xe0, 0x50, 0x18, 0x70, 0xf, 0x4e, 0xee,
    0x11, 0x10, 0x48, 0xa0, 0x7, 0xab, 0x75, 0x0,
    0x5, 0xc1, 0x78, 0x0, 0xf9, 0x88, 0x82, 0x20,
    0xc4, 0xa2, 0x60, 0xe, 0x10, 0x20, 0x7, 0x10,
    0x28, 0xa7, 0x0, 0x79, 0x80, 0xd0, 0x95, 0x40,
    0xa0, 0x46, 0x1, 0xec, 0x23, 0xbd, 0x3b, 0x88,
    0x29, 0x30, 0x2c, 0x0, 0x4e, 0xa3, 0xfd, 0xbc,
    0xf3, 0x4b, 0x25, 0xaa, 0x0, 0x81, 0xa0, 0x0,
    0xf8, 0xe3, 0x5, 0x1e, 0x2a, 0x80, 0x6, 0xe4,
    0x1, 0x66, 0x98, 0x5, 0xaa, 0x74, 0x0, 0xb8,
    0x0, 0xff, 0xd, 0xf1, 0x0,

    /* U+626C "扬" */
    0x0, 0x84, 0x40, 0x1f, 0xfc, 0x28, 0xd0, 0xf,
    0xfe, 0x37, 0xff, 0xd4, 0x1, 0xfa, 0xab, 0x84,
    0x38, 0x1, 0xde, 0xc7, 0xfe, 0x75, 0x53, 0xc1,
    0xea, 0x0, 0x2a, 0xd0, 0xae, 0xc4, 0xb, 0xad,
    0x84, 0x1, 0x22, 0x8, 0x51, 0x1, 0x34, 0xf6,
    0x20, 0x1f, 0xe6, 0x60, 0x3f, 0xfe, 0xe0, 0xc,
    0x2b, 0xa5, 0x46, 0x69, 0x7, 0x60, 0xc, 0x65,
    0x48, 0x85, 0x3a, 0x50, 0x9f, 0x0, 0x37, 0x28,
    0xf4, 0x83, 0x3, 0xa0, 0x8c, 0x1, 0x32, 0x90,
    0x80, 0xc2, 0x8d, 0xb0, 0x79, 0x3, 0x41, 0x80,
    0x54, 0x30, 0xa7, 0x40, 0x2e, 0x1, 0xeb, 0x4b,
    0xb, 0x62, 0x3, 0x10, 0xe, 0x54, 0xb5, 0xc3,
    0x90, 0x3, 0x90, 0x22, 0xa8, 0x17, 0x9f, 0xcf,
    0xce, 0x20, 0x58, 0x3, 0x47, 0x40, 0x2c, 0x58,
    0x44, 0x56, 0x62, 0x2, 0xff, 0x98, 0x0, 0xb8,
    0x20, 0x3b, 0xd2, 0x0,

    /* U+6307 "指" */
    0x0, 0x93, 0x40, 0xf, 0x60, 0x1e, 0x10, 0xe,
    0x12, 0x0, 0x73, 0x0, 0x63, 0xaf, 0x10, 0xf,
    0xf0, 0xa4, 0x6e, 0x35, 0x88, 0x0, 0x93, 0x41,
    0x50, 0xb, 0xad, 0x17, 0x30, 0xe4, 0x0, 0xbb,
    0x38, 0x55, 0x80, 0xe7, 0xe4, 0x18, 0x56, 0x0,
    0x27, 0xe8, 0x3f, 0xc2, 0x25, 0x5e, 0x66, 0x38,
    0x7, 0xe9, 0x49, 0xaa, 0xd2, 0xb0, 0x1, 0xf8,
    0x6f, 0xff, 0xd6, 0x20, 0x1e, 0x8e, 0x7f, 0xff,
    0xb8, 0x2, 0x15, 0x90, 0x59, 0x20, 0xaa, 0xe6,
    0x0, 0xdb, 0x40, 0xd, 0x70, 0x3, 0x3b, 0xe1,
    0x0, 0xdb, 0xf2, 0x1, 0xd9, 0xbb, 0x9c, 0x3,
    0x8, 0x7, 0xd9, 0xbb, 0x9c, 0x3, 0xff, 0x80,
    0xe2, 0x3c, 0x1, 0x89, 0x78, 0x3, 0xaf, 0x33,
    0x30, 0x7, 0x52, 0x38, 0x6, 0xde, 0xec, 0xe0,
    0x18, 0xbf, 0xd0, 0x0, 0x5e, 0x21, 0x1d, 0x1c,
    0x0,

    /* U+6309 "按" */
    0x0, 0x27, 0x88, 0x7, 0x6b, 0x80, 0x7f, 0xf0,
    0xcf, 0xc0, 0x3f, 0xeb, 0xcc, 0x85, 0xb3, 0x27,
    0x3, 0x5c, 0x7, 0x45, 0x74, 0x43, 0xb2, 0x20,
    0xb8, 0x2a, 0x8e, 0x13, 0xe1, 0xb1, 0xc7, 0x11,
    0x10, 0x2, 0x7e, 0xc3, 0xad, 0x94, 0x34, 0x3,
    0x5e, 0x0, 0x7d, 0x6, 0x29, 0xa0, 0x13, 0xa8,
    0x7, 0x1a, 0xff, 0xb8, 0x27, 0xff, 0x68, 0x4,
    0x21, 0xbd, 0x52, 0x9, 0x54, 0x32, 0xa8, 0x3,
    0x9a, 0x8, 0xb5, 0x0, 0x4a, 0xa8, 0xd5, 0x60,
    0x55, 0x30, 0x30, 0x2, 0x18, 0x82, 0x2, 0x40,
    0x26, 0xcd, 0x0, 0x9c, 0x5e, 0x59, 0xe0, 0x40,
    0x3f, 0x9f, 0x21, 0xe4, 0x4, 0x3, 0xfe, 0x7d,
    0x16, 0x64, 0xea, 0x0, 0x5, 0x30, 0xa, 0x7a,
    0xdf, 0x26, 0x5a, 0x37, 0x20, 0x36, 0xee, 0x22,
    0x3e, 0x60, 0xc0, 0x5, 0x91, 0xe0, 0xf, 0xf4,
    0xd, 0xc9, 0x80, 0x79, 0xd8, 0x0,

    /* U+636E "据" */
    0x0, 0xff, 0xe4, 0x2f, 0x80, 0xaa, 0xff, 0x0,
    0x7c, 0xb5, 0x5f, 0xc2, 0x1, 0xfb, 0xbf, 0xfa,
    0x80, 0x29, 0x97, 0x4, 0xe8, 0x22, 0x7b, 0x40,
    0x23, 0x27, 0x2, 0x30, 0xab, 0xbe, 0x70, 0xa,
    0xae, 0x42, 0xf8, 0x37, 0xb9, 0x23, 0xdd, 0x8,
    0x7, 0xe3, 0x11, 0x0, 0x8e, 0x0, 0xf3, 0xf8,
    0x67, 0xfa, 0x43, 0xff, 0x0, 0x13, 0x82, 0x48,
    0x26, 0xec, 0xc1, 0x77, 0x87, 0x6d, 0x43, 0xb4,
    0x15, 0x11, 0xe0, 0x89, 0x87, 0xb6, 0xc0, 0x2,
    0xb, 0xfe, 0x90, 0xff, 0x70, 0x0, 0xc8, 0x2,
    0x30, 0xa, 0x2a, 0xa5, 0x10, 0xf, 0xbc, 0x5c,
    0x15, 0x76, 0x0, 0x7c, 0x2e, 0xe0, 0x2, 0xae,
    0xc0, 0x9, 0x1b, 0x82, 0x46, 0xc0, 0x11, 0x55,
    0x28, 0x4, 0x32, 0x8e, 0x30, 0x40, 0xd, 0xff,
    0xa4, 0x2, 0x5f, 0xf4, 0x4b, 0x81, 0xf9, 0x0,
    0x4d, 0xe0,

    /* U+6392 "排" */
    0x0, 0xc4, 0x1, 0x84, 0x40, 0x42, 0x1, 0xf3,
    0xe0, 0x6, 0xc9, 0xd, 0x70, 0xf, 0xfe, 0x88,
    0x88, 0x3, 0x9, 0x10, 0x40, 0x8, 0xba, 0x2b,
    0x7d, 0xc2, 0x0, 0xa3, 0x76, 0x0, 0x7d, 0x28,
    0x59, 0x55, 0x4, 0x2, 0x7c, 0xc7, 0x0, 0x2f,
    0xe0, 0x7a, 0x55, 0x46, 0x1, 0x71, 0x98, 0x80,
    0x3e, 0x14, 0x41, 0x80, 0x5e, 0xaa, 0x0, 0xf9,
    0x22, 0xec, 0x20, 0x13, 0x55, 0x8, 0x2, 0x1d,
    0x1b, 0xcf, 0xf0, 0x80, 0x53, 0xfe, 0x20, 0x5,
    0xf2, 0x86, 0xa8, 0x0, 0x7c, 0x3, 0xf7, 0x54,
    0x9, 0x11, 0xa8, 0x8, 0x1, 0x8c, 0xd0, 0x82,
    0xa8, 0x0, 0x7b, 0x2e, 0xe, 0x0, 0x59, 0x98,
    0xc0, 0x38, 0xf3, 0xd0, 0x88, 0x0, 0x9f, 0xf8,
    0x80, 0x3c, 0x66, 0x68, 0x0, 0xfe, 0x24, 0xd0,
    0x2, 0xe3, 0x28, 0x7, 0xf2, 0xda, 0xb8, 0x74,
    0x48, 0x7, 0xf9, 0xff, 0xd2, 0x16, 0xe0, 0x1b,
    0xd8, 0x3, 0x0,

    /* U+63A5 "接" */
    0x0, 0x9b, 0x40, 0x38, 0xf8, 0x40, 0x3f, 0x9,
    0x80, 0x4, 0x67, 0x12, 0x11, 0x80, 0x3f, 0x17,
    0x75, 0x61, 0x9d, 0xd3, 0x0, 0xd, 0x74, 0x55,
    0xf0, 0xdb, 0x32, 0x82, 0xb7, 0x0, 0x55, 0x14,
    0x2a, 0x4e, 0xd8, 0x4c, 0xda, 0x8, 0x20, 0x9,
    0xf8, 0x1f, 0xc0, 0x72, 0x80, 0x35, 0x80, 0xf,
    0xe5, 0x66, 0x9d, 0xbc, 0x4d, 0x98, 0x1, 0xf7,
    0x44, 0x14, 0xe0, 0x82, 0x22, 0x10, 0xb, 0xc6,
    0xdb, 0xba, 0x25, 0xee, 0xe1, 0xa, 0xe7, 0xd,
    0x8e, 0xe8, 0xd7, 0xbb, 0x50, 0x3, 0x59, 0x82,
    0xc9, 0xc, 0x29, 0x10, 0x2, 0x8e, 0x0, 0x3c,
    0x70, 0x0, 0x59, 0x2, 0x58, 0x87, 0xd9, 0x0,
    0x3f, 0x31, 0x6, 0xe5, 0xb1, 0x80, 0x7f, 0x9b,
    0xb4, 0xcc, 0xd, 0x44, 0x1, 0xa, 0x60, 0xa,
    0xc6, 0x69, 0x4f, 0xd3, 0xec, 0x0, 0x56, 0x92,
    0x74, 0xaa, 0xbe, 0x60, 0x5d, 0x70, 0x8, 0x7f,
    0xce, 0x5f, 0xb2, 0x80, 0x1d, 0x10, 0x0,

    /* U+63A7 "控" */
    0x0, 0x9b, 0x40, 0x38, 0xb0, 0x80, 0x3f, 0x9,
    0x80, 0x78, 0xc4, 0x3, 0xfe, 0x1b, 0xbb, 0x83,
    0xee, 0xe3, 0x0, 0x22, 0xe8, 0xaa, 0x20, 0x5,
    0x95, 0x84, 0x48, 0xe0, 0xf, 0xa5, 0xa, 0xc0,
    0x8c, 0xda, 0x22, 0x58, 0x6, 0xbf, 0x81, 0xfb,
    0x0, 0x5f, 0x81, 0x90, 0x80, 0x7f, 0x17, 0xd1,
    0x48, 0x1, 0x91, 0x4c, 0x3, 0xcd, 0x16, 0xd4,
    0x21, 0x87, 0x6a, 0x20, 0x1b, 0x46, 0x7b, 0xf1,
    0x40, 0xf, 0xfd, 0xec, 0x3, 0x1e, 0xa1, 0xcd,
    0x79, 0xff, 0xdd, 0xe0, 0x1, 0x46, 0x71, 0x10,
    0x55, 0x50, 0x11, 0x55, 0x0, 0x59, 0x3e, 0x1,
    0x2a, 0xe0, 0x45, 0x58, 0x3, 0xff, 0xb6, 0x6d,
    0x80, 0xf, 0xfd, 0xa1, 0x9f, 0xf8, 0x2, 0x94,
    0x90, 0xaa, 0xff, 0x80,

    /* U+63D0 "提" */
    0x0, 0xff, 0xe4, 0xb7, 0x80, 0x4, 0xcf, 0xe1,
    0x0, 0xfe, 0x6c, 0xcf, 0x9c, 0x3, 0xfc, 0x3d,
    0xdc, 0x1, 0xc6, 0xb8, 0xa, 0xa0, 0x1a, 0xae,
    0x0, 0xe9, 0xa5, 0xa, 0xb0, 0x0, 0x8f, 0x0,
    0x75, 0x7c, 0x87, 0xf0, 0xc, 0x47, 0x0, 0x7f,
    0xf0, 0x7, 0x77, 0x80, 0x3f, 0x89, 0x5b, 0x77,
    0xe7, 0x0, 0xee, 0xd, 0x9e, 0xdd, 0xfb, 0xb4,
    0x1, 0x3c, 0xe1, 0x7b, 0x77, 0x50, 0x45, 0xdd,
    0xc0, 0xc, 0x98, 0x4, 0x1c, 0x84, 0x70, 0x16,
    0x68, 0xc0, 0xa, 0xe2, 0x1, 0xb, 0x80, 0x53,
    0xba, 0xe0, 0xf, 0xe5, 0x61, 0x0, 0x56, 0xec,
    0x1, 0xf8, 0x8c, 0xdf, 0x60, 0x24, 0x41, 0x0,
    0x89, 0x74, 0x45, 0xe9, 0xd2, 0xe1, 0x7d, 0xd7,
    0xa0, 0x35, 0x2c, 0xc8, 0x68, 0x1f, 0xb6, 0xee,
    0x89, 0x40, 0x4f, 0xe7, 0x8c, 0x10, 0x8, 0x91,
    0x54, 0xcc, 0x0,

    /* U+6478 "摸" */
    0x0, 0x9e, 0x0, 0x25, 0xb0, 0x1, 0xe8, 0x80,
    0x7b, 0x4c, 0xc, 0xd8, 0x86, 0x64, 0x25, 0x32,
    0x0, 0xf1, 0x66, 0x18, 0x33, 0x10, 0x17, 0x96,
    0x0, 0x45, 0x67, 0x75, 0xf4, 0xf, 0x72, 0x83,
    0x7a, 0x40, 0x15, 0x43, 0x35, 0x6a, 0x71, 0xa2,
    0x8, 0x88, 0x40, 0x17, 0x7a, 0xa7, 0xcd, 0x31,
    0x55, 0x20, 0xa6, 0x80, 0x3f, 0xcd, 0x55, 0xc4,
    0x1, 0xf3, 0xb4, 0x83, 0x55, 0x71, 0x0, 0x71,
    0x31, 0xc7, 0x3, 0xe6, 0x71, 0x0, 0x43, 0x9a,
    0x66, 0xe7, 0x7, 0xcc, 0xe2, 0x0, 0x86, 0x2d,
    0x5c, 0x1, 0xff, 0x41, 0x7f, 0xd2, 0x1, 0x22,
    0x0, 0x5, 0xff, 0xa0, 0xbf, 0xf4, 0x80, 0x78,
    0xaa, 0xa7, 0x3, 0x9, 0xaa, 0x80, 0x3e, 0x55,
    0xb, 0x26, 0x8e, 0xa2, 0x98, 0x0, 0x95, 0xc1,
    0x23, 0x6d, 0x6c, 0x71, 0xba, 0xdc, 0x40, 0x14,
    0x7e, 0x6c, 0xf7, 0x60, 0x1, 0x6d, 0xd, 0x88,
    0x17, 0xf2, 0x3f, 0x52, 0x0, 0x72, 0xd6, 0x0,

    /* U+64AD "播" */
    0x0, 0xff, 0xe4, 0xf3, 0x80, 0x70, 0x9b, 0x57,
    0x58, 0x7, 0xe8, 0xee, 0x7f, 0x65, 0x8c, 0xc8,
    0x3, 0xf4, 0x9a, 0xe3, 0x16, 0xcd, 0x18, 0x5,
    0x98, 0x1a, 0xc3, 0xa4, 0x1, 0x1, 0xf6, 0x10,
    0x9, 0x54, 0x2, 0xaa, 0x22, 0x51, 0x99, 0xdb,
    0x54, 0x80, 0x13, 0x21, 0xb8, 0x85, 0x13, 0x20,
    0xca, 0x4d, 0x20, 0x7, 0xdd, 0xf6, 0x6, 0x50,
    0x19, 0xec, 0x1, 0xd5, 0xc4, 0xd6, 0xe8, 0xe,
    0xb8, 0xa0, 0x12, 0xe0, 0x82, 0xfc, 0xb5, 0x83,
    0x1c, 0xa5, 0x58, 0xa5, 0x28, 0x56, 0x28, 0xb6,
    0x3a, 0x66, 0x11, 0xcc, 0x53, 0xe4, 0x41, 0xa4,
    0xdf, 0xe0, 0x7f, 0xc1, 0x90, 0x1, 0xfc, 0xfd,
    0x23, 0xdc, 0x0, 0xff, 0xe0, 0x24, 0x20, 0x44,
    0x0, 0x3f, 0xf8, 0x2, 0x46, 0x4, 0x40, 0xe,
    0x34, 0x10, 0xc, 0xb6, 0xc1, 0x76, 0x0, 0xea,
    0xb2, 0x50, 0x9, 0xff, 0xf8, 0x3, 0xa7, 0xf4,
    0x80, 0x1b, 0x0, 0x1d, 0xe8, 0x0,

    /* U+653E "放" */
    0x0, 0xff, 0xe4, 0xb3, 0x80, 0x6d, 0x70, 0xf,
    0xec, 0xc0, 0x6, 0x30, 0xf, 0xfe, 0x20, 0x88,
    0x3, 0x86, 0xaa, 0x75, 0xaa, 0x31, 0x7, 0xaa,
    0xc8, 0x0, 0x11, 0x28, 0xa8, 0x8c, 0xe0, 0xd5,
    0x54, 0x0, 0xdc, 0x87, 0xdd, 0xcf, 0xe3, 0xfe,
    0x72, 0xc0, 0xf, 0xe1, 0x51, 0x0, 0x13, 0x0,
    0x61, 0xc, 0xff, 0x6c, 0x80, 0x8, 0x1c, 0xc0,
    0x33, 0x84, 0xc9, 0x1, 0x20, 0x90, 0x89, 0xa0,
    0x18, 0x81, 0x98, 0x43, 0x8e, 0x95, 0x40, 0x50,
    0xd, 0xc6, 0x1, 0x38, 0x3, 0x4d, 0xd8, 0x3,
    0x91, 0x0, 0x3, 0x10, 0x2, 0x8, 0x58, 0x6,
    0x23, 0xc0, 0x3, 0x10, 0x1, 0x44, 0x1c, 0x3,
    0x40, 0xa0, 0x0, 0xf8, 0xe, 0x91, 0x14, 0x60,
    0x4, 0x58, 0x83, 0xb8, 0x11, 0xb0, 0xee, 0x8b,
    0x14, 0x3c, 0x9b, 0xaa, 0x14, 0x65, 0x70, 0x7,
    0x12, 0x8a, 0xfc, 0x1b, 0x7e, 0x8f, 0x68, 0x2,
    0x1b, 0xc2,

    /* U+6548 "效" */
    0x0, 0xff, 0xe4, 0xba, 0x80, 0x6b, 0x60, 0xf,
    0xea, 0xc0, 0xc, 0xe2, 0x1, 0xe2, 0x28, 0xcc,
    0x44, 0x10, 0x21, 0x0, 0xe3, 0xdd, 0x85, 0x77,
    0x56, 0x3, 0xea, 0xb8, 0xf, 0x22, 0x19, 0x6f,
    0x90, 0x40, 0xd5, 0x55, 0x80, 0xe, 0xf8, 0xc5,
    0xec, 0x90, 0x3f, 0xcc, 0x5c, 0x0, 0x83, 0xb0,
    0x5a, 0x74, 0xa0, 0x10, 0x36, 0x0, 0x2b, 0xd1,
    0x0, 0x11, 0xb0, 0xc1, 0x1, 0xcc, 0x0, 0xbc,
    0x6c, 0xb, 0xd2, 0xa6, 0x6c, 0x12, 0xc0, 0x8,
    0x4e, 0x65, 0xc6, 0x2f, 0xf6, 0xec, 0x8, 0x1,
    0x97, 0x19, 0x28, 0x68, 0xd8, 0x61, 0x80, 0x3c,
    0x66, 0xa, 0x0, 0x85, 0x2, 0x0, 0x3d, 0x27,
    0x27, 0x60, 0x2, 0x40, 0x90, 0xe, 0x96, 0x86,
    0xa4, 0x22, 0x62, 0x4b, 0xb0, 0x0, 0xb1, 0xa5,
    0xc1, 0x79, 0xf5, 0x6d, 0x9e, 0x5c, 0xd, 0xf1,
    0x80, 0x35, 0xb5, 0x80, 0x22, 0x12, 0x43, 0x66,
    0x1, 0x87, 0xe4, 0x3, 0x3f, 0x90,

    /* U+6570 "数" */
    0x0, 0x20, 0xf, 0x18, 0x20, 0x3, 0x10, 0x3,
    0xc3, 0x38, 0x62, 0xf, 0x66, 0x6, 0x1, 0xf0,
    0xe8, 0x38, 0x2d, 0x50, 0xc8, 0x18, 0x3, 0xd7,
    0xa3, 0x1, 0x61, 0x10, 0x70, 0xa7, 0x79, 0x80,
    0x1a, 0xa0, 0x60, 0x88, 0x5d, 0xc0, 0x5a, 0x98,
    0xc0, 0x3, 0x61, 0x40, 0x73, 0x62, 0xb9, 0x6e,
    0x9d, 0x28, 0x0, 0xd6, 0xce, 0x9, 0x16, 0xc2,
    0x40, 0x5, 0x30, 0xd, 0x12, 0x80, 0x7, 0xbb,
    0x28, 0x10, 0x16, 0x80, 0x4c, 0xe3, 0x52, 0x60,
    0x65, 0x6, 0xa6, 0x2e, 0x1, 0x22, 0xc0, 0x1,
    0x54, 0x32, 0x49, 0x76, 0x22, 0x0, 0x53, 0x4c,
    0x13, 0x54, 0x97, 0xa, 0x36, 0xa0, 0xd, 0xb2,
    0x1d, 0xf0, 0x1e, 0x20, 0x46, 0x2c, 0x1, 0xd8,
    0x1f, 0x10, 0x70, 0x8, 0x8c, 0x24, 0x3, 0xab,
    0x95, 0xc3, 0xc0, 0x5, 0x84, 0xef, 0x0, 0x44,
    0xd8, 0x8e, 0xe8, 0x76, 0xd3, 0xc8, 0x68, 0x90,
    0x6, 0x42, 0x74, 0x42, 0xca, 0x5b, 0x44, 0x25,
    0xd0, 0x1, 0xfd, 0x22, 0x0, 0x45, 0xd9, 0x0,
    0xd1, 0xa0,

    /* U+65AD "断" */
    0x0, 0xe8, 0x30, 0xe, 0x16, 0x90, 0x1, 0x48,
    0x4, 0xcc, 0x0, 0x15, 0x67, 0x40, 0x8, 0xb,
    0x2d, 0x80, 0x43, 0xaa, 0xaa, 0xce, 0x91, 0x0,
    0x9d, 0x14, 0x0, 0xe6, 0x40, 0xc6, 0x1, 0xe3,
    0x5e, 0x3, 0x86, 0x0, 0xff, 0x1f, 0x40, 0x2,
    0x28, 0x1, 0x33, 0xc0, 0x14, 0xde, 0xc, 0xcb,
    0x74, 0x4, 0x46, 0x52, 0x0, 0xa2, 0xc0, 0x11,
    0x79, 0xc1, 0x76, 0x8, 0xb0, 0x8, 0x8c, 0x87,
    0xec, 0x4c, 0x3, 0xf8, 0xa2, 0xc3, 0x56, 0x40,
    0x3f, 0xda, 0x6c, 0x0, 0x94, 0xd1, 0x0, 0xfc,
    0x7c, 0x1, 0x1e, 0xf9, 0x80, 0x7e, 0xc2, 0x0,
    0xc5, 0x8c, 0x1, 0xf9, 0xd5, 0x6d, 0x56, 0x4c,
    0x0, 0xfd, 0x35, 0x44, 0x7a, 0x90, 0x60, 0xf,
    0xdd, 0xff, 0xcd, 0x2, 0x1, 0xe0,

    /* U+65AF "斯" */
    0x0, 0x1e, 0x88, 0x1, 0xe8, 0x3, 0x8a, 0xcc,
    0x0, 0xe4, 0x1, 0x73, 0x0, 0x9b, 0x5e, 0xb3,
    0x84, 0xd8, 0x77, 0xf9, 0x8f, 0xe3, 0x20, 0x6b,
    0x50, 0x2e, 0x2, 0xae, 0xc8, 0x56, 0x7, 0xd4,
    0xa0, 0x11, 0x18, 0x22, 0x44, 0x28, 0x1, 0xff,
    0x77, 0xf9, 0x80, 0x21, 0x77, 0xcc, 0x1, 0xa2,
    0x64, 0x60, 0x11, 0x4c, 0x42, 0x60, 0x3, 0x22,
    0x4c, 0x1, 0x1f, 0x40, 0xf7, 0x0, 0x36, 0x6e,
    0x94, 0x3, 0xff, 0x83, 0x9b, 0xa5, 0x0, 0xff,
    0x19, 0x81, 0xc4, 0x71, 0x98, 0x3, 0xed, 0x80,
    0xbc, 0xc2, 0x16, 0x30, 0x7, 0xdf, 0xdb, 0x1d,
    0x13, 0xdc, 0x6, 0x0, 0xf0, 0x8a, 0x24, 0x1,
    0x36, 0x27, 0xa0, 0x1e, 0x3c, 0x5d, 0x17, 0xc4,
    0xa0, 0x50, 0xf, 0x70, 0x69, 0x80, 0xf, 0x81,
    0x88, 0x3, 0xdb, 0x84, 0x1, 0xd5, 0x20, 0x7,
    0xe0, 0x0,

    /* U+65B0 "新" */
    0x0, 0xcb, 0xa0, 0x1f, 0x14, 0x50, 0x0, 0x46,
    0x22, 0x8, 0xc0, 0xb1, 0x9a, 0xc4, 0x21, 0x5d,
    0xc8, 0xe, 0xe9, 0x29, 0x52, 0xfa, 0x4, 0x26,
    0x17, 0x31, 0x69, 0x6a, 0x1d, 0x8, 0x1, 0x88,
    0xd4, 0xc, 0x51, 0x40, 0x3f, 0xc8, 0x89, 0xe,
    0x51, 0x0, 0x4c, 0xf8, 0x3b, 0xd1, 0x7d, 0x17,
    0xdc, 0x18, 0x99, 0x8, 0x81, 0x75, 0x46, 0xa,
    0xa9, 0x43, 0xec, 0x6a, 0xec, 0xa, 0xb7, 0x82,
    0xac, 0x40, 0x1f, 0x9f, 0xfd, 0x21, 0xfe, 0xe3,
    0x1, 0x0, 0xf3, 0x5a, 0x80, 0x16, 0xa8, 0xc0,
    0x60, 0x1e, 0x17, 0x51, 0x6, 0x85, 0x30, 0x10,
    0xf, 0x1e, 0x9c, 0x6, 0xe, 0xe2, 0x0, 0x7d,
    0xa5, 0xa0, 0x17, 0x22, 0x34, 0x3, 0xec, 0xc0,
    0x80, 0x44, 0x41, 0x60, 0xf, 0x88, 0x3, 0xdb,
    0x60, 0x1f, 0x0,

    /* U+65B9 "方" */
    0x0, 0xf9, 0xe4, 0x3, 0xff, 0x85, 0xca, 0x1,
    0xff, 0xcb, 0x1f, 0xff, 0x31, 0xff, 0xfb, 0x86,
    0xef, 0x20, 0xdd, 0xfe, 0xa0, 0x44, 0xc2, 0x68,
    0x9f, 0xc0, 0x1e, 0x10, 0xf, 0xfe, 0x10, 0x9f,
    0xff, 0x9c, 0x3, 0xe7, 0x49, 0x9e, 0x0, 0xfe,
    0x2d, 0x66, 0xc8, 0x2, 0x1, 0xe3, 0x14, 0x0,
    0xf1, 0x0, 0x7a, 0x88, 0x80, 0x19, 0x81, 0x80,
    0x38, 0xda, 0x0, 0x38, 0x80, 0x80, 0x31, 0x69,
    0xa8, 0x8, 0x5, 0x84, 0x1, 0x9f, 0x4b, 0x40,
    0x11, 0xb0, 0xca, 0x80, 0x15, 0xc2, 0xe8, 0x80,
    0x29, 0xd6, 0x4e, 0x0, 0x29, 0xca, 0x10, 0x8,
    0xeb, 0x7f, 0x4, 0x2,

    /* U+65E0 "无" */
    0x0, 0xff, 0xe2, 0xf, 0xff, 0xff, 0x4, 0xc0,
    0x6a, 0xb9, 0xc2, 0x2a, 0xb8, 0x80, 0xa, 0xbd,
    0x80, 0x8a, 0xbc, 0x20, 0x1f, 0xfc, 0xb1, 0x1,
    0x0, 0xf9, 0x9b, 0xde, 0xa, 0xcd, 0xe4, 0xb8,
    0x8e, 0x50, 0x98, 0x8f, 0x76, 0xf7, 0x70, 0xb6,
    0x5f, 0x77, 0x50, 0x7, 0x28, 0xea, 0x50, 0x7,
    0xfd, 0x24, 0x80, 0x1f, 0xfc, 0x7, 0x38, 0x0,
    0xf9, 0x4c, 0x2, 0x48, 0x45, 0x0, 0xfb, 0xa0,
    0x0, 0xd6, 0x76, 0x1, 0x84, 0x0, 0x29, 0x87,
    0x92, 0xb8, 0x1, 0x28, 0x77, 0xfb, 0x85, 0x9c,
    0x6a, 0x80, 0x18, 0xf6, 0xaa, 0xbf, 0x14, 0xd5,
    0x0, 0xf1, 0x2a, 0xc8, 0x20,

    /* U+65E5 "日" */
    0x56, 0x6f, 0xeb, 0x99, 0xfe, 0x7, 0xff, 0xf4,
    0x80, 0x7f, 0xf2, 0xc4, 0x7e, 0x0, 0x3f, 0x77,
    0xa0, 0x0, 0xd9, 0x9e, 0x70, 0x0, 0x99, 0xfb,
    0x80, 0x3f, 0xf9, 0x46, 0xcd, 0xec, 0x0, 0x24,
    0xcf, 0x94, 0x0, 0xff, 0xfe, 0x90, 0x7d, 0x0,
    0xf2, 0xb0,

    /* U+65E7 "旧" */
    0x7d, 0x0, 0x27, 0xff, 0xe6, 0x3, 0x0, 0xd5,
    0x5e, 0x0, 0xfc, 0x8a, 0xbc, 0x20, 0x1f, 0xfe,
    0x5e, 0xff, 0xe1, 0x0, 0xfa, 0xae, 0xf8, 0x3,
    0xf2, 0x27, 0x84, 0x3, 0xff, 0xcb, 0xdf, 0xfc,
    0x20, 0x1f, 0x44, 0xcf, 0x0, 0x7e, 0x66, 0xf0,
    0x80,

    /* U+65F6 "时" */
    0x0, 0xff, 0xe0, 0x36, 0x80, 0x7f, 0xf0, 0x84,
    0xc0, 0x22, 0x2c, 0x20, 0x1f, 0xe2, 0xdd, 0xde,
    0x2, 0x3c, 0x0, 0x11, 0x0, 0x2b, 0x5c, 0xb,
    0xbb, 0xa0, 0x7b, 0x0, 0xc, 0x5e, 0x5, 0x99,
    0xce, 0x19, 0xe0, 0x1f, 0x19, 0x19, 0xde, 0x26,
    0x40, 0x4, 0x5d, 0x0, 0x47, 0x98, 0x7, 0xe8,
    0xa5, 0x0, 0x41, 0x68, 0x80, 0x7d, 0x9f, 0x0,
    0x16, 0x85, 0x80, 0x7f, 0xf0, 0x46, 0xd0, 0x3,
    0xff, 0x84, 0xbe, 0x1, 0xf6, 0x7c, 0x0, 0x70,
    0x80, 0x7c, 0xf2, 0xa0, 0x1f, 0xf1, 0xa5, 0x37,
    0xa0, 0x6, 0x14, 0xe0, 0x8, 0x6c, 0x81, 0x68,
    0x3, 0xad, 0x9c, 0x0,

    /* U+660E "明" */
    0x0, 0xfc, 0x45, 0xe1, 0x1, 0x1e, 0x0, 0x6e,
    0xf9, 0x83, 0xbb, 0x9c, 0x1, 0x3b, 0xb0, 0x80,
    0x51, 0x76, 0x0, 0xc6, 0x45, 0x0, 0x62, 0x44,
    0x0, 0x63, 0x22, 0x80, 0x31, 0x22, 0x0, 0x34,
    0xee, 0xc2, 0x1, 0x45, 0xd8, 0x3, 0x4e, 0xec,
    0x20, 0x15, 0x77, 0x4, 0x2, 0x32, 0x28, 0x3,
    0x84, 0x40, 0x1, 0x0, 0xfe, 0x32, 0x20, 0x6,
    0xaf, 0xf8, 0x40, 0x29, 0xdd, 0x8, 0x10, 0x45,
    0x54, 0x1, 0xa3, 0x74, 0x64, 0x80, 0xea, 0xb0,
    0x80, 0x2d, 0x88, 0x98, 0xb6, 0x80, 0x1f, 0x20,
    0x80, 0x4e, 0x70, 0x1, 0xff, 0x34, 0x39, 0x80,
    0x15, 0x42, 0x20, 0xc, 0x72, 0xd0, 0x1, 0x5d,
    0x13, 0x80, 0x63, 0xc9, 0x0, 0xdd, 0xfa, 0x20,

    /* U+662F "是" */
    0x0, 0x91, 0x9b, 0xf8, 0x3, 0xef, 0x98, 0x8f,
    0x4c, 0x84, 0x3, 0xe5, 0xee, 0xf5, 0x0, 0x7f,
    0x2f, 0xff, 0xa8, 0x3, 0xf8, 0xea, 0xbc, 0xe0,
    0x1f, 0xe3, 0x3f, 0x8, 0x7, 0xf1, 0xcc, 0xf9,
    0x80, 0x3c, 0x22, 0xae, 0xef, 0xe0, 0x10, 0x0,
    0xf7, 0x7f, 0xf0, 0xa8, 0x6, 0xed, 0x37, 0x72,
    0x8d, 0xdf, 0xa0, 0x0, 0x88, 0xdd, 0x22, 0x8,
    0x47, 0xc8, 0x40, 0x19, 0x4c, 0x3, 0x55, 0x71,
    0x0, 0x62, 0x15, 0xa1, 0x1, 0xff, 0xe2, 0x0,
    0xdc, 0x5a, 0xfc, 0xa0, 0x1f, 0xc5, 0x67, 0xc5,
    0xb0, 0x63, 0xff, 0xf1, 0x3a, 0xe1, 0x80, 0x1f,
    0xb2, 0xab, 0xd6, 0x4b, 0xc6, 0x1, 0xc6, 0xab,
    0xe4, 0x0,

    /* U+663E "显" */
    0x0, 0xc2, 0x3f, 0xe0, 0xf, 0xbb, 0xbf, 0xac,
    0x3, 0xf4, 0x66, 0x78, 0xc0, 0x3f, 0xb9, 0x57,
    0xc0, 0x1f, 0xe6, 0x99, 0xf1, 0x80, 0x7f, 0x57,
    0xff, 0x90, 0x3, 0xfa, 0xbf, 0xfc, 0x80, 0x1f,
    0xaa, 0xbf, 0xa4, 0x3, 0x88, 0x15, 0x45, 0x8a,
    0xf2, 0x8a, 0x66, 0x0, 0x87, 0x60, 0x1, 0xca,
    0x2, 0x66, 0x2, 0xc4, 0x0, 0xd, 0x3a, 0x80,
    0x7e, 0x82, 0x40, 0x9, 0x5a, 0xc4, 0x3, 0xca,
    0xa8, 0x0, 0xeb, 0x19, 0x0, 0xe7, 0xa5, 0x50,
    0x7, 0x14, 0xc8, 0x3, 0x9a, 0x68, 0x3, 0x7f,
    0xd3, 0xcc, 0x7f, 0x81, 0x93, 0xff, 0x48, 0x55,
    0x7f, 0xf0, 0xec,

    /* U+6674 "晴" */
    0x0, 0xff, 0x8, 0x7, 0xff, 0xf, 0x98, 0x3,
    0x1c, 0x46, 0x6, 0x77, 0x83, 0x5d, 0xe1, 0x47,
    0x66, 0x38, 0xd4, 0xcc, 0xb, 0x33, 0x18, 0xf,
    0x50, 0x3, 0x2a, 0xec, 0xf, 0x76, 0xf2, 0x0,
    0xfb, 0xee, 0xc0, 0xf7, 0x62, 0x0, 0x88, 0x80,
    0xad, 0xb1, 0x0, 0x48, 0x82, 0xb0, 0xe, 0xc8,
    0x65, 0xde, 0x27, 0xbb, 0xc0, 0x3b, 0x21, 0x3b,
    0x55, 0xf7, 0xe8, 0x0, 0x88, 0x1, 0x44, 0xd5,
    0x68, 0x40, 0xf, 0xe9, 0xee, 0xc0, 0x18, 0x5b,
    0x0, 0x34, 0x66, 0x60, 0xe, 0xb6, 0x0, 0xd5,
    0xff, 0x84, 0x2, 0x1d, 0xa1, 0x0, 0xab, 0xff,
    0x8, 0x1, 0xb4, 0x13, 0x84, 0x0, 0xd5, 0x58,
    0x2, 0x13, 0x0, 0xf6, 0x2a, 0x98, 0x0, 0x60,
    0x1f, 0xfc, 0x8, 0xa2, 0x40,

    /* U+6682 "暂" */
    0x0, 0xd, 0x8, 0x7, 0xe5, 0x40, 0x24, 0x85,
    0x44, 0xc0, 0xd1, 0x7f, 0x5a, 0x15, 0x6c, 0x15,
    0x77, 0x4, 0x29, 0x4f, 0x48, 0x43, 0xf, 0x3d,
    0xff, 0x80, 0xb, 0x68, 0x64, 0x26, 0xc3, 0xef,
    0x7d, 0xc2, 0x7, 0xdd, 0xd0, 0x53, 0x28, 0x14,
    0x89, 0x30, 0x8e, 0x37, 0xe9, 0x4, 0x20, 0x2,
    0xc4, 0x14, 0x50, 0x43, 0xc4, 0x23, 0x6e, 0x44,
    0xa3, 0x34, 0x4c, 0x3, 0xa2, 0xfb, 0xca, 0xd8,
    0x5a, 0xc0, 0x3c, 0x28, 0x29, 0x4, 0xae, 0xe0,
    0x55, 0x4b, 0x80, 0x75, 0x57, 0x3d, 0x56, 0x0,
    0xf9, 0xb7, 0x7d, 0x0, 0x1f, 0x9b, 0x77, 0xd0,
    0x1, 0xf9, 0xfb, 0xbd, 0x20, 0x1f, 0x9f, 0xbb,
    0xd2, 0x1, 0xf9, 0x6a, 0xbc, 0xc0, 0x18,

    /* U+66F4 "更" */
    0x6f, 0xff, 0xfe, 0x17, 0x2, 0x55, 0x79, 0x82,
    0xab, 0xe0, 0x25, 0x60, 0xf, 0xf9, 0x50, 0x2,
    0xaa, 0xe6, 0xa, 0xae, 0x0, 0xf1, 0xff, 0xd2,
    0x1f, 0xf5, 0x0, 0x7c, 0x7f, 0xf4, 0x87, 0xfd,
    0x40, 0x1f, 0x15, 0x54, 0xa1, 0x55, 0x30, 0x7,
    0xc2, 0xab, 0x69, 0x2a, 0xd8, 0x1, 0xf1, 0xff,
    0xd0, 0x5f, 0xf5, 0x0, 0x7a, 0xda, 0xae, 0xc4,
    0x97, 0x7c, 0x1, 0xc6, 0xf2, 0xaa, 0x2d, 0x44,
    0xe0, 0xe, 0x1c, 0x1f, 0xd1, 0x60, 0xf, 0xf8,
    0xb8, 0x4c, 0xca, 0x1, 0xfc, 0x6f, 0x98, 0x19,
    0x4a, 0xfd, 0xa8, 0x65, 0x41, 0xac, 0x80, 0x9e,
    0x69, 0xfb, 0x51, 0x59, 0xab, 0xb, 0xce, 0xc6,
    0x0, 0xc9, 0x17, 0xbf, 0xdc, 0x10,

    /* U+6700 "最" */
    0x0, 0xc2, 0x3f, 0xe0, 0xf, 0x3f, 0x77, 0xf6,
    0x80, 0x7c, 0x39, 0x9f, 0x28, 0x7, 0xe1, 0xcc,
    0xf9, 0x40, 0x3f, 0xd, 0xdf, 0xca, 0x1, 0xf8,
    0x6e, 0xfe, 0x50, 0xe, 0x55, 0xc, 0x47, 0xf5,
    0xaa, 0x84, 0x2e, 0xa6, 0x23, 0xfd, 0x54, 0x40,
    0xeb, 0xe, 0xff, 0x50, 0x65, 0x57, 0x6a, 0x80,
    0x6e, 0xff, 0x50, 0x25, 0x57, 0x8, 0x7, 0x66,
    0x50, 0xc, 0xe7, 0xf4, 0x6, 0x1, 0xd9, 0x94,
    0x0, 0x24, 0xda, 0x1c, 0x3, 0xd5, 0x76, 0x70,
    0x0, 0xc4, 0x9c, 0x0, 0x46, 0x60, 0xce, 0x87,
    0x0, 0xb8, 0x0, 0x80, 0x17, 0xc9, 0x9b, 0x66,
    0x1, 0x71, 0xf1, 0xae, 0x88, 0x33, 0xb2, 0x9d,
    0x48, 0x31, 0xfc, 0xe2, 0xd8, 0x40, 0x3e, 0x5f,
    0x8b, 0x10, 0x2, 0x61, 0x80,

    /* U+6709 "有" */
    0x0, 0xf1, 0xe9, 0x0, 0x7f, 0xf0, 0x90, 0x88,
    0x1, 0xfe, 0x77, 0xd4, 0x2e, 0xff, 0x98, 0x6,
    0x67, 0x10, 0x4c, 0xfe, 0xa0, 0x1e, 0xe9, 0xcb,
    0xbb, 0xfb, 0x0, 0x31, 0x31, 0x77, 0x7d, 0x20,
    0x1e, 0xe0, 0x49, 0x9f, 0x19, 0x0, 0x74, 0x90,
    0x1b, 0xbf, 0x98, 0x3, 0x9d, 0xa8, 0x5f, 0xff,
    0xc8, 0x1, 0xa2, 0x12, 0x80, 0x95, 0x5e, 0x30,
    0xe, 0x76, 0x0, 0x1a, 0xaf, 0x9c, 0x3, 0x44,
    0x0, 0x27, 0xff, 0xf2, 0x0, 0x7f, 0x24, 0xcf,
    0x8c, 0x3, 0xf8, 0xd9, 0xbc, 0xe0, 0x1f, 0xfc,
    0x11, 0x54, 0x61, 0x0, 0xff, 0xe0, 0xc, 0x59,
    0xf8, 0x0,

    /* U+670D "服" */
    0x0, 0x8, 0xf0, 0x8, 0xfc, 0x1, 0x2f, 0x76,
    0xf0, 0xfe, 0xef, 0x18, 0x6, 0xcc, 0x30, 0x4,
    0xf9, 0x94, 0x0, 0x80, 0x63, 0x37, 0x0, 0x5e,
    0x67, 0x8, 0x10, 0x7, 0xff, 0x2, 0x1a, 0x8c,
    0x3, 0xbf, 0xd0, 0x1, 0xc5, 0x3, 0xe0, 0x1d,
    0x54, 0x60, 0xb, 0xca, 0x33, 0xc4, 0x3, 0x95,
    0x5c, 0x1, 0x3e, 0xef, 0x18, 0x7, 0xf9, 0xcd,
    0xb6, 0x80, 0x80, 0x37, 0xfa, 0x0, 0x2f, 0x45,
    0x2d, 0x21, 0x0, 0x18, 0x4c, 0x94, 0x3, 0x61,
    0x93, 0x28, 0x4, 0x22, 0x66, 0x68, 0x6, 0x42,
    0xf1, 0xb0, 0xb, 0x94, 0x3, 0xf4, 0x12, 0x18,
    0x4, 0x86, 0x1, 0xf8, 0x81, 0x4c, 0x0, 0x85,
    0x48, 0xb8, 0x1, 0x96, 0x1d, 0x72, 0x3, 0x58,
    0x8e, 0x92, 0x40, 0x1d, 0x75, 0x17, 0x28, 0x33,
    0x20, 0x7f, 0xf3, 0x87, 0x4f, 0x28, 0x1, 0xb0,
    0x40,

    /* U+672A "未" */
    0x0, 0xf8, 0x8c, 0x3, 0xff, 0x85, 0x1e, 0x1,
    0xff, 0xcd, 0x45, 0x5c, 0xc2, 0xab, 0x90, 0x3,
    0x75, 0x56, 0x32, 0xaa, 0xd0, 0x1, 0xab, 0xff,
    0x29, 0xff, 0xec, 0x0, 0xff, 0xe3, 0xa2, 0xaf,
    0x8, 0x95, 0x7c, 0x0, 0xaa, 0xf2, 0x15, 0x57,
    0x84, 0x3b, 0xfe, 0x80, 0x32, 0x18, 0xff, 0xc2,
    0x1, 0x8e, 0x1d, 0x46, 0x60, 0x80, 0x3e, 0x3c,
    0x48, 0x0, 0x39, 0xe0, 0x80, 0x72, 0xe1, 0xd8,
    0x6, 0xd3, 0xf3, 0x0, 0xc, 0xd2, 0xe0, 0x7,
    0xe, 0x16, 0x40, 0x5b, 0x4d, 0x0, 0x7c, 0x39,
    0xf, 0x75, 0xcc, 0x1, 0xfe, 0x7e, 0x90, 0x10,
    0xe, 0x10, 0xf, 0x9, 0x0, 0x7d, 0x18, 0x1,
    0xf0,

    /* U+672C "本" */
    0x0, 0xfc, 0x22, 0x0, 0xff, 0xe2, 0x55, 0x0,
    0x3f, 0xfa, 0x2, 0x3e, 0x0, 0x8, 0xf8, 0x2,
    0x3e, 0xef, 0x22, 0x3b, 0xbc, 0x20, 0x3, 0xbb,
    0xce, 0x4, 0x40, 0x6b, 0xbc, 0x20, 0x12, 0x26,
    0x33, 0x33, 0xd, 0x51, 0x30, 0x7, 0xc4, 0x92,
    0x0, 0x93, 0x20, 0xf, 0xf7, 0x1a, 0x80, 0x14,
    0xb8, 0x3, 0xf9, 0xcf, 0x80, 0x37, 0x1b, 0x80,
    0x7c, 0xb1, 0x24, 0x1, 0x8e, 0x20, 0xc0, 0x1c,
    0xb4, 0xc6, 0xaa, 0x77, 0x2a, 0x89, 0xa5, 0xc0,
    0x29, 0xa7, 0xba, 0xa8, 0xcd, 0x55, 0x5c, 0x42,
    0xc0, 0x7, 0x30, 0x5f, 0xf2, 0x23, 0xfe, 0x27,
    0xa3, 0x0, 0x53, 0x0, 0x7f, 0xf0, 0x16, 0x0,
    0x3f, 0xfb, 0x20,

    /* U+673A "机" */
    0x0, 0xff, 0xe5, 0x6c, 0x80, 0x42, 0x3c, 0x1,
    0xff, 0xc0, 0x1e, 0xee, 0x70, 0xf, 0xfe, 0xc,
    0xe6, 0x0, 0x3c, 0x6a, 0xa3, 0x25, 0x51, 0x81,
    0x19, 0x80, 0x3d, 0x75, 0x41, 0x4a, 0xa0, 0x7,
    0xfd, 0x1f, 0xc0, 0xdf, 0xe3, 0x0, 0xff, 0xe0,
    0x38, 0x2a, 0x0, 0x7f, 0xf0, 0xac, 0xe, 0xc8,
    0x3, 0xff, 0x80, 0xa4, 0xa, 0x30, 0x1, 0xff,
    0xd, 0xa9, 0x1c, 0xb9, 0x80, 0x7f, 0xb4, 0x2c,
    0x0, 0xfa, 0x0, 0x70, 0xf, 0xd3, 0xa2, 0x1,
    0x9c, 0x8, 0x3, 0x90, 0x0, 0xa6, 0x1, 0xdc,
    0x42, 0x1, 0xd6, 0xc0, 0x1f, 0x22, 0x2c, 0x3,
    0x8c, 0x14, 0x3, 0xc7, 0x46, 0xc0, 0x10, 0xce,
    0x91, 0x80, 0x79, 0xf, 0x40, 0x36, 0xc4, 0x3c,
    0x3, 0xb6, 0x5f, 0x44, 0x3, 0x1b, 0x30, 0x80,

    /* U+6761 "条" */
    0x0, 0xf3, 0x88, 0x7, 0xff, 0xd, 0xa2, 0xc,
    0xdc, 0x60, 0x1f, 0x8e, 0x45, 0xe2, 0x34, 0xa0,
    0x7, 0xc9, 0xa0, 0x7f, 0xdd, 0x29, 0x30, 0x7,
    0x15, 0x5a, 0x73, 0x7a, 0x9e, 0xbe, 0x8, 0x7,
    0x18, 0xd5, 0x6, 0xde, 0xb1, 0xf0, 0x40, 0x3c,
    0x36, 0xa0, 0xb6, 0xc4, 0x8b, 0x48, 0x1, 0xe3,
    0x7b, 0xfa, 0xb, 0xff, 0x60, 0x5f, 0x52, 0x80,
    0x5d, 0x25, 0x5f, 0x69, 0x52, 0x75, 0xd0, 0x35,
    0x80, 0xd, 0xe4, 0xbe, 0xe9, 0xcb, 0xb9, 0xf0,
    0xbd, 0xa0, 0x1a, 0x22, 0x61, 0x0, 0x9, 0x44,
    0x42, 0x20, 0xc, 0xac, 0xac, 0x6e, 0x52, 0x7c,
    0xcc, 0x0, 0xf0, 0xce, 0x26, 0x0, 0x1a, 0x9f,
    0x54, 0x3, 0x2d, 0xf3, 0xd5, 0x0, 0x32, 0xeb,
    0xd6, 0xc0, 0x1, 0x82, 0xb9, 0x40, 0x3c, 0x55,
    0xaa, 0x1, 0x1d, 0xa8, 0x6, 0xf0, 0xe, 0x28,
    0x80, 0x0,

    /* U+6765 "来" */
    0x0, 0xfd, 0x92, 0x1, 0xff, 0xd0, 0xef, 0xfe,
    0x36, 0xff, 0xee, 0x0, 0xd7, 0x4b, 0x55, 0x12,
    0x55, 0x4f, 0x56, 0x1, 0x95, 0x97, 0xd5, 0x42,
    0x4a, 0xa6, 0x71, 0x50, 0xe, 0x3c, 0x58, 0x0,
    0xc5, 0xa6, 0x80, 0x1f, 0x1b, 0xb0, 0x6, 0xf3,
    0xd0, 0xe, 0x35, 0x5b, 0xa5, 0x44, 0x95, 0x54,
    0x8a, 0xa3, 0x0, 0x55, 0x69, 0x8a, 0x24, 0xa7,
    0x8a, 0xac, 0x0, 0x9f, 0xfd, 0x2, 0x68, 0x31,
    0xff, 0xa4, 0x3, 0xc5, 0x10, 0x2, 0x88, 0x18,
    0x7, 0xf1, 0x62, 0xb0, 0x1, 0x97, 0xc, 0x3,
    0xe6, 0xd5, 0xa0, 0xd, 0x49, 0x8e, 0x1, 0x97,
    0x25, 0xec, 0x3, 0xd6, 0xf1, 0x88, 0x0, 0xc6,
    0xd8, 0x0, 0xfd, 0x18, 0xfc, 0x0, 0x9a, 0x20,
    0xf, 0xf1, 0xdd, 0x0,

    /* U+677F "板" */
    0x0, 0xc2, 0x1, 0xff, 0xc4, 0x2e, 0x30, 0x2,
    0x27, 0xe2, 0x0, 0xfe, 0xbb, 0xfc, 0xa0, 0x1f,
    0xe8, 0xff, 0xf3, 0x80, 0x9, 0x1c, 0x15, 0x4,
    0x4, 0x3, 0xfa, 0x6e, 0x82, 0x6d, 0x40, 0x3f,
    0xeb, 0xf9, 0xc, 0xf4, 0x9, 0xff, 0xf1, 0x0,
    0x6c, 0x8, 0x10, 0x2, 0xa0, 0x4c, 0x90, 0x8,
    0x2, 0x25, 0x4, 0xa0, 0x6, 0x68, 0x3b, 0x1,
    0x80, 0x69, 0x10, 0x94, 0x50, 0x34, 0x5, 0x4,
    0xb0, 0x9, 0xd2, 0x1, 0x50, 0x0, 0x24, 0x4e,
    0x60, 0x50, 0x2, 0xc3, 0x20, 0x2, 0xc4, 0x18,
    0x29, 0x61, 0x48, 0x0, 0x8f, 0x20, 0x18, 0xc4,
    0x81, 0xc0, 0x60, 0x2, 0x18, 0x0, 0xe9, 0x40,
    0x4, 0x0, 0x14, 0x3, 0xfa, 0x6, 0x6, 0xdd,
    0xd3, 0x10, 0x0, 0xfa, 0x9d, 0xc9, 0xeb, 0x50,
    0xd0, 0xf8, 0x20, 0x1d, 0x8d, 0x1e, 0x9e, 0xa0,
    0x7, 0xc5, 0x10, 0x8, 0xbd, 0x64, 0x26, 0x84,
    0x3, 0x1c, 0x80,

    /* U+67D3 "染" */
    0x0, 0xfe, 0x21, 0x0, 0xfc, 0xee, 0x0, 0xef,
    0x90, 0xf, 0xdd, 0x1a, 0x60, 0x11, 0xf8, 0x7,
    0xc9, 0x3a, 0xd, 0xff, 0xc, 0x7f, 0xc0, 0x10,
    0xd7, 0x3e, 0xad, 0x52, 0x41, 0xa9, 0x40, 0x30,
    0xfa, 0x51, 0xa, 0xa8, 0x82, 0x14, 0xc8, 0x3,
    0xd, 0x67, 0x68, 0x2, 0x10, 0x40, 0xd9, 0x96,
    0x1, 0x1f, 0x1f, 0x9e, 0x1c, 0x80, 0x18, 0xb9,
    0x40, 0xab, 0xe, 0xbf, 0xb, 0x8, 0x2, 0x67,
    0x70, 0x22, 0xb7, 0xab, 0x44, 0xf0, 0x5, 0xb3,
    0x28, 0x6, 0x7f, 0x76, 0xc1, 0xd2, 0x66, 0x9c,
    0x0, 0x40, 0x2f, 0x33, 0xca, 0x13, 0x3e, 0xb0,
    0x1f, 0xfc, 0xa0, 0x80, 0x65, 0x9f, 0xf4, 0x0,
    0x65, 0xd4, 0xcc, 0xe, 0x8e, 0x40, 0x80, 0x42,
    0xdb, 0x4f, 0xe6, 0x0, 0x1c, 0x87, 0xe9, 0x40,
    0xa9, 0x4d, 0xa1, 0x0, 0xe7, 0xe8, 0x4a, 0x1a,
    0xf9, 0x20, 0xf, 0xc2, 0xfb, 0xc2,

    /* U+67E5 "查" */
    0x0, 0xfc, 0x20, 0x1f, 0xfc, 0x37, 0xf0, 0xf,
    0xfe, 0x69, 0x77, 0x7a, 0x7, 0xbb, 0xd4, 0x7,
    0x77, 0xa4, 0x44, 0x10, 0xd7, 0x7b, 0x80, 0x55,
    0x64, 0xb3, 0x90, 0x17, 0xe6, 0x55, 0x20, 0x6,
    0x2c, 0x1d, 0x0, 0x3d, 0x36, 0x48, 0x7, 0x36,
    0x8e, 0x8, 0x8c, 0x17, 0x65, 0xb4, 0x80, 0xf2,
    0x40, 0xfb, 0xe4, 0xff, 0xe9, 0x90, 0x68, 0xd8,
    0xe0, 0x2d, 0xdf, 0xa8, 0xb, 0x6c, 0x63, 0x4c,
    0x0, 0x45, 0xf0, 0x4, 0x80, 0x1c, 0x91, 0x1e,
    0x90, 0xf, 0xe6, 0xff, 0xf6, 0x0, 0x7f, 0x3f,
    0x77, 0xb4, 0x3, 0xc2, 0x2d, 0xdf, 0xf2, 0x88,
    0x1, 0xfb, 0x9b, 0xbf, 0xee, 0xe8, 0x1b, 0x33,
    0xff, 0x85, 0xa0,

    /* U+6807 "标" */
    0x0, 0xab, 0x0, 0x3f, 0xf8, 0xe6, 0xef, 0xf2,
    0x80, 0x7e, 0x5a, 0xaf, 0xb4, 0x0, 0xac, 0xc1,
    0x64, 0x6d, 0xdf, 0xa0, 0x1, 0x72, 0x65, 0x3e,
    0x1, 0xff, 0x77, 0x91, 0xfd, 0x22, 0x7f, 0x10,
    0x0, 0x48, 0x8e, 0xb7, 0x7f, 0xca, 0x0, 0x70,
    0x4, 0xf, 0xfd, 0xa1, 0x7f, 0xf3, 0x80, 0x2c,
    0x9, 0xec, 0x1d, 0xc0, 0x16, 0x18, 0x4, 0xc4,
    0x81, 0x12, 0x50, 0x20, 0x12, 0xe8, 0x0, 0xe5,
    0xc4, 0x0, 0xf0, 0x4c, 0x1, 0x48, 0x48, 0x1,
    0x60, 0x2, 0x75, 0x90, 0xe, 0xb6, 0x33, 0x50,
    0x4, 0xf1, 0x4, 0x0, 0xe5, 0x29, 0x0, 0xe4,
    0x87, 0x0, 0xce, 0x0, 0x8e, 0x0, 0xe3, 0x70,
    0x1, 0xb8, 0x6, 0x54, 0x0, 0xfe, 0x9a, 0x43,
    0x0, 0xfa, 0xb0, 0x3, 0x57, 0xd8, 0x7, 0x0,

    /* U+6982 "概" */
    0x0, 0xff, 0xe4, 0xbf, 0x0, 0xa2, 0x61, 0x33,
    0xc2, 0x1, 0xf3, 0xdd, 0xd4, 0xf9, 0x99, 0x0,
    0x3f, 0xf, 0x40, 0x0, 0xac, 0x39, 0x40, 0x4,
    0xba, 0x2b, 0xe2, 0xbc, 0x1, 0xc2, 0x1, 0x25,
    0x28, 0x53, 0x5, 0xb0, 0x4, 0x20, 0x1c, 0xde,
    0xa3, 0xf2, 0x3f, 0x0, 0x11, 0x88, 0x7, 0x90,
    0x54, 0x5, 0x38, 0x3c, 0xf4, 0x1d, 0x0, 0x23,
    0x10, 0xac, 0xb, 0x60, 0x23, 0x40, 0xac, 0x0,
    0xa4, 0x5, 0x14, 0x7f, 0xdd, 0x7a, 0x2f, 0xb0,
    0x0, 0x25, 0x50, 0x40, 0x5, 0x2, 0x4, 0x2c,
    0x20, 0x14, 0x9e, 0x81, 0xc8, 0x1, 0x28, 0x14,
    0x3, 0xee, 0x0, 0xe1, 0x64, 0x44, 0xa8, 0x7,
    0x59, 0x0, 0x5e, 0x3c, 0x83, 0x43, 0xc0, 0x3,
    0x0, 0xf3, 0xb1, 0xd7, 0x58, 0xc3, 0x80, 0x35,
    0x40, 0x39, 0xf7, 0x14, 0x61, 0x1c, 0x41, 0xc5,
    0xc0, 0x3c, 0x40, 0x5, 0x1a, 0x2, 0x24, 0xa1,
    0x0, 0x4f, 0xc0, 0x19, 0x30, 0x40, 0x1b, 0xf6,
    0x0,

    /* U+6A21 "模" */
    0x0, 0xc2, 0x1, 0x88, 0x2, 0x20, 0xf, 0xab,
    0x40, 0x27, 0xc0, 0x1, 0x69, 0x80, 0x7f, 0x22,
    0x38, 0x51, 0x20, 0x54, 0x20, 0xf, 0xae, 0xcc,
    0x17, 0x69, 0x9, 0xbb, 0x0, 0x15, 0x4c, 0x2b,
    0x5d, 0x3, 0xdc, 0xc0, 0xbe, 0x80, 0x5, 0xd1,
    0x95, 0x72, 0x83, 0xa2, 0x15, 0x44, 0x62, 0x0,
    0xef, 0x43, 0xfb, 0x88, 0x35, 0x52, 0x56, 0x50,
    0x3, 0x90, 0x44, 0x0, 0x2c, 0xce, 0x0, 0xf2,
    0x81, 0x68, 0x0, 0xb3, 0x38, 0x3, 0xd2, 0x2,
    0x50, 0x5, 0x99, 0xc0, 0x1c, 0x86, 0x62, 0x92,
    0x2, 0xcc, 0xe0, 0xc, 0x34, 0x8a, 0xf, 0x5b,
    0xdc, 0x91, 0xee, 0x98, 0x0, 0x66, 0x90, 0xa,
    0xbb, 0xa9, 0x1e, 0xeb, 0xcc, 0xb, 0x48, 0x2,
    0xe9, 0x93, 0x81, 0x84, 0xcc, 0x40, 0x1f, 0x23,
    0x1b, 0x33, 0x6, 0x9d, 0x84, 0x3, 0xc2, 0xfb,
    0x4d, 0x21, 0x83, 0xd2, 0xa0, 0x1f, 0x52, 0xec,
    0x0, 0xb, 0x64, 0xbc, 0x0,

    /* U+6B21 "次" */
    0x0, 0xfc, 0xee, 0x0, 0xfe, 0x6c, 0x20, 0xd,
    0x7c, 0x1, 0xfc, 0x83, 0xa6, 0x0, 0x13, 0x4,
    0x4f, 0x0, 0x45, 0xa7, 0xa2, 0xe, 0xd, 0x77,
    0xe0, 0xe, 0xe2, 0x30, 0xa4, 0xff, 0xe5, 0x20,
    0xe, 0x2c, 0x25, 0x38, 0x1, 0x0, 0x91, 0x0,
    0x1f, 0xd, 0xa1, 0x87, 0x28, 0x20, 0xd0, 0x7,
    0x8c, 0x8e, 0x80, 0x40, 0x41, 0x30, 0xc0, 0x38,
    0x70, 0x34, 0x40, 0x81, 0xc0, 0x6, 0x1, 0xe4,
    0x3, 0x0, 0x94, 0x10, 0x3, 0xfb, 0x90, 0x3,
    0x50, 0x48, 0x7, 0xe1, 0x4e, 0x0, 0x94, 0xe8,
    0x20, 0x3, 0xe8, 0x5, 0x0, 0x1d, 0x22, 0xc3,
    0xa0, 0x7, 0x1b, 0x40, 0x1, 0x30, 0xa8, 0x19,
    0x96, 0xc0, 0x1b, 0x89, 0xc6, 0x6d, 0x74, 0x40,
    0x12, 0xf3, 0x8a, 0x0, 0x9f, 0x9, 0x7a, 0xa0,
    0x7, 0x45, 0xbf, 0x0, 0x10, 0x82, 0x39, 0x40,
    0x3e, 0x4b, 0xb0, 0x0,

    /* U+6B62 "止" */
    0x0, 0xfc, 0x62, 0x1, 0xff, 0xc2, 0xd6, 0x0,
    0xff, 0xee, 0xc3, 0x0, 0x7f, 0xf0, 0x93, 0xc0,
    0x3f, 0xf9, 0x11, 0xff, 0x9c, 0x3, 0xfc, 0xb5,
    0x59, 0x40, 0x3f, 0xda, 0xab, 0x88, 0x3, 0xff,
    0xea, 0x26, 0x61, 0x33, 0xc1, 0xc6, 0x7c, 0x4d,
    0x98, 0x25, 0xcc, 0x85, 0xb3, 0x3c, 0xfd, 0xdf,
    0xfc, 0x2f,

    /* U+6B63 "正" */
    0x3, 0x66, 0xff, 0xe0, 0x80, 0x2e, 0x23, 0xa6,
    0x51, 0x1e, 0x0, 0x47, 0x77, 0x58, 0x67, 0x77,
    0x0, 0x7f, 0xf2, 0x14, 0x80, 0x3f, 0xf8, 0x56,
    0xa0, 0x1f, 0xfc, 0x8d, 0xff, 0xc0, 0x1f, 0xf4,
    0x55, 0x60, 0xf, 0xf9, 0x57, 0x80, 0x3f, 0xfc,
    0xe6, 0x60, 0xe3, 0x31, 0x3, 0x99, 0xf1, 0xe,
    0x60, 0x5b, 0x31, 0x21, 0x59, 0x9d, 0x23, 0xdd,
    0xff, 0xc2, 0xa0,

    /* U+6B65 "步" */
    0x0, 0xff, 0xe5, 0x9f, 0x98, 0x7, 0xf1, 0xa8,
    0x7, 0xff, 0xa, 0xe0, 0x3, 0x67, 0xfe, 0xd0,
    0xf, 0xf3, 0xcc, 0xe8, 0x0, 0xff, 0x5b, 0x36,
    0x50, 0x1, 0x10, 0x4c, 0x88, 0xc0, 0xc4, 0x5e,
    0x1d, 0xd3, 0xe, 0xea, 0x82, 0xb7, 0x7b, 0x7,
    0x77, 0xe0, 0x8d, 0xda, 0xf7, 0x0, 0x8a, 0x6c,
    0x12, 0x1, 0x22, 0xa6, 0xc8, 0x2, 0x5b, 0x53,
    0x0, 0xe6, 0x2d, 0x0, 0xd, 0x51, 0x6c, 0x3,
    0x8e, 0x55, 0x1, 0x39, 0x66, 0x81, 0x74, 0x8,
    0xf4, 0xac, 0x0, 0x91, 0xcc, 0x0, 0x45, 0x7d,
    0xc2, 0xc1, 0x0, 0x9c, 0x40, 0x6, 0xc8, 0xee,
    0x8c, 0x10, 0x9, 0x66, 0xb7, 0xf2, 0x1e, 0xb9,
    0xc0, 0x38, 0x91, 0x92, 0x33, 0xed, 0x40, 0x3e,

    /* U+6BCF "每" */
    0x0, 0x87, 0xc, 0x3, 0xff, 0x82, 0xc6, 0x8c,
    0xdf, 0xc4, 0x0, 0x18, 0x9, 0x88, 0xfe, 0x40,
    0x6, 0x8f, 0x77, 0xfc, 0xc1, 0x46, 0xbd, 0xff,
    0xfc, 0x40, 0xeb, 0x62, 0x52, 0xa6, 0xf3, 0x33,
    0x1, 0x83, 0xea, 0xb, 0xb1, 0x8b, 0xea, 0x37,
    0x80, 0x80, 0x8, 0x18, 0x82, 0x76, 0xdd, 0x83,
    0x84, 0x1, 0x9f, 0xe2, 0x7f, 0xfa, 0xce, 0xfd,
    0xc7, 0xfa, 0x25, 0xc1, 0xe4, 0x12, 0x67, 0x11,
    0xcd, 0xa3, 0x68, 0x4a, 0x92, 0x41, 0x33, 0x1,
    0x59, 0x40, 0x4, 0x2, 0x7b, 0x8b, 0x6a, 0x7,
    0xc0, 0x1b, 0x45, 0x56, 0x6e, 0x43, 0x61, 0xe5,
    0x0, 0x9c, 0x6a, 0xb9, 0x26, 0x40, 0xd4, 0x1,
    0x56, 0x7f, 0xe9, 0xab, 0x50, 0xef, 0x0, 0x9c,
    0xc0, 0x36, 0xdd, 0x92, 0x44, 0x0,

    /* U+6C14 "气" */
    0x0, 0xc4, 0x1, 0xff, 0xc4, 0x1d, 0x40, 0xf,
    0xfe, 0x19, 0x1, 0xa2, 0x7f, 0x88, 0x3, 0x58,
    0x45, 0xdf, 0xf9, 0x0, 0x32, 0xa7, 0xff, 0xfc,
    0xc0, 0x12, 0x10, 0xf7, 0x7f, 0x68, 0x7, 0x41,
    0x44, 0x7f, 0xc0, 0x19, 0xce, 0x45, 0x57, 0xf2,
    0x28, 0x4, 0x30, 0xc9, 0x99, 0xfd, 0xc0, 0x18,
    0x72, 0x43, 0xbb, 0xf2, 0x80, 0x78, 0xc0, 0x2,
    0x3f, 0x8c, 0x40, 0x3f, 0xf8, 0x9c, 0x60, 0x1f,
    0xfc, 0x43, 0x11, 0x0, 0x7f, 0xf0, 0xd4, 0x1c,
    0x34, 0xc0, 0x3f, 0xf8, 0x2, 0x96, 0x44, 0x0,
    0xff, 0xe1, 0x41, 0x78, 0x98, 0x7, 0xff, 0x4,
    0xe4, 0xec, 0x0,

    /* U+6C34 "水" */
    0x0, 0xff, 0xe7, 0x3f, 0x0, 0x7f, 0xfa, 0x44,
    0x3, 0x3a, 0x0, 0x6d, 0xff, 0xd8, 0x0, 0x60,
    0x2, 0xc1, 0x80, 0x68, 0xaa, 0x85, 0x80, 0x16,
    0xd, 0x4c, 0xe0, 0x19, 0x57, 0xe, 0x0, 0xb,
    0x25, 0xe4, 0x3, 0xf2, 0x82, 0x0, 0xb1, 0xd4,
    0x0, 0x7f, 0x49, 0x90, 0x2, 0x3, 0x0, 0x3f,
    0x9c, 0xe0, 0x2, 0x19, 0x66, 0x0, 0x7c, 0x90,
    0xc8, 0x1, 0x99, 0x92, 0xc0, 0x1c, 0xb6, 0x92,
    0x1, 0xe9, 0x59, 0xa1, 0x0, 0x4d, 0x35, 0x80,
    0x7e, 0xa8, 0x5f, 0x10, 0xd9, 0x90, 0x7, 0xf9,
    0xf6, 0x84, 0x11, 0x80, 0x26, 0x65, 0x80, 0x78,
    0x90, 0x3, 0xea, 0x93, 0x90, 0xf, 0xc0,

    /* U+6C61 "污" */
    0x2, 0x10, 0xf, 0xfe, 0x17, 0x72, 0x1, 0x3f,
    0xff, 0x50, 0x3, 0x29, 0xf1, 0xaa, 0xbf, 0x48,
    0x4, 0xba, 0x84, 0xab, 0xf8, 0xc0, 0x8c, 0xa,
    0x4, 0x7f, 0xeb, 0xcc, 0xa, 0xf7, 0x7f, 0xd3,
    0x65, 0xed, 0x76, 0x23, 0xbb, 0xf6, 0x2, 0x79,
    0x11, 0x10, 0x56, 0x89, 0xe3, 0x0, 0xe, 0x0,
    0xc, 0x3d, 0x57, 0x88, 0x3, 0x1f, 0xa, 0x3,
    0xd5, 0x72, 0x0, 0x6a, 0x21, 0x7f, 0xfe, 0xe0,
    0x20, 0x8, 0x9a, 0xc0, 0x3e, 0x20, 0x60, 0xa,
    0x49, 0x80, 0x3e, 0x60, 0x20, 0x3, 0xa7, 0x0,
    0x7e, 0xd1, 0x0, 0x2c, 0x39, 0x80, 0x6b, 0xa7,
    0x66, 0x20, 0x1, 0xdd, 0x0, 0x1d, 0xa3, 0x32,
    0x2b, 0x0, 0x0,

    /* U+6CD5 "法" */
    0x0, 0xfe, 0x3a, 0x0, 0xf8, 0xba, 0x0, 0x39,
    0x94, 0x3, 0xe2, 0xd5, 0xc1, 0x0, 0xff, 0xe0,
    0x9e, 0x82, 0x7f, 0xd4, 0x1f, 0xf5, 0x80, 0x42,
    0x0, 0xc5, 0xaa, 0x98, 0x2a, 0xaf, 0x0, 0x2f,
    0x50, 0x80, 0x15, 0x6c, 0x5, 0x59, 0x0, 0xb,
    0x69, 0x82, 0x1, 0xff, 0xc1, 0x4c, 0x35, 0x5e,
    0xc0, 0x55, 0xc8, 0x1, 0x17, 0xad, 0x56, 0x60,
    0xaa, 0xde, 0x1, 0x84, 0xff, 0xeb, 0xd, 0xff,
    0xd6, 0x1, 0x8b, 0x48, 0x1, 0xc6, 0x40, 0x1f,
    0xd6, 0x44, 0x1, 0x5a, 0x4, 0xd4, 0x0, 0xe2,
    0x6b, 0x0, 0x30, 0xb0, 0x22, 0xda, 0x0, 0x6e,
    0x16, 0x44, 0x49, 0x3c, 0x49, 0x5, 0x8, 0x2,
    0xe, 0x82, 0x2c, 0x4a, 0x90, 0xcd, 0x7, 0x40,
    0x2a, 0xe8, 0x1b, 0xdf, 0xdb, 0x95, 0x2f, 0xe,
    0x3, 0xb0, 0x0, 0x11, 0x0, 0x7c, 0xb8, 0x0,

    /* U+6CE8 "注" */
    0x0, 0xff, 0xe2, 0x8b, 0x80, 0x65, 0xd4, 0x0,
    0xf9, 0xa3, 0x4, 0x0, 0x8d, 0x68, 0x1, 0xe7,
    0xd1, 0xf1, 0x1, 0xb4, 0xb1, 0x0, 0xf1, 0x63,
    0x11, 0x9d, 0xee, 0x46, 0x70, 0xb5, 0x90, 0xc6,
    0x66, 0xb7, 0xcc, 0xce, 0x4d, 0xa8, 0x1d, 0xbb,
    0x31, 0x6e, 0xe6, 0x4d, 0x6b, 0x21, 0x22, 0x80,
    0x48, 0xb0, 0x5, 0x34, 0x40, 0x1f, 0xfc, 0x24,
    0x1, 0x55, 0x88, 0x55, 0x63, 0x0, 0xd7, 0x85,
    0x55, 0x21, 0x55, 0x60, 0xc, 0x88, 0x3f, 0xf9,
    0x8f, 0xfe, 0x90, 0x9, 0x86, 0xc0, 0x3f, 0xf8,
    0x30, 0x86, 0x1, 0xff, 0xc0, 0x91, 0x81, 0x33,
    0xe1, 0x33, 0xe6, 0x63, 0x9b, 0xe6, 0x65, 0x2c,
    0xcd, 0xa4, 0xd0, 0xd, 0xdd, 0xfe, 0xf0,

    /* U+6D4B "测" */
    0x4, 0x60, 0xf, 0xfb, 0x9c, 0x6, 0x6c, 0x33,
    0x77, 0x60, 0x7, 0x97, 0x56, 0x9, 0xee, 0xce,
    0x40, 0xa0, 0x1c, 0x59, 0x21, 0xe4, 0xfe, 0x5,
    0x40, 0x1a, 0x48, 0x82, 0x0, 0xa4, 0x0, 0xfe,
    0xd5, 0x0, 0xff, 0xe0, 0xcc, 0x58, 0x7, 0xff,
    0x9, 0xf0, 0x3, 0xff, 0x86, 0x40, 0x1f, 0xfc,
    0x36, 0xa0, 0x0, 0x88, 0x3, 0xfd, 0xa4, 0x6,
    0xe, 0x1, 0xfc, 0x49, 0x8c, 0x20, 0x42, 0xc0,
    0x1f, 0x41, 0x24, 0x62, 0x3d, 0xd8, 0xb8, 0x3,
    0x22, 0xd8, 0x3a, 0x7b, 0x2e, 0x18, 0x80, 0x43,
    0x46, 0xd1, 0x12, 0x5, 0x27, 0x1a, 0x8, 0xb,
    0x70, 0x1c, 0x38, 0x5, 0x4e, 0xd6, 0x8, 0x10,
    0x41, 0x6e, 0x1, 0x86, 0x97, 0xfc, 0x60,

    /* U+6E29 "温" */
    0x0, 0xff, 0xe3, 0xe6, 0x98, 0x4f, 0xff, 0xd8,
    0x1, 0xb5, 0xb1, 0x40, 0xa6, 0x79, 0x4, 0x3,
    0xd, 0xa4, 0x80, 0xb3, 0x71, 0x80, 0x64, 0x10,
    0xad, 0x3, 0xff, 0xe7, 0x0, 0x86, 0x79, 0xc4,
    0x40, 0x57, 0x7c, 0xa0, 0x10, 0xec, 0x42, 0x80,
    0x3f, 0xf8, 0x4f, 0x5e, 0x0, 0x2b, 0xbe, 0x50,
    0xf, 0x3b, 0x82, 0x7f, 0xfe, 0xd0, 0xe, 0x5f,
    0x8f, 0xff, 0xeb, 0x0, 0xd6, 0x80, 0x34, 0x83,
    0x48, 0x54, 0x8e, 0x1, 0x9, 0xe0, 0x1a, 0x91,
    0xa9, 0xa, 0x90, 0x6, 0x60, 0x50, 0xf, 0xfe,
    0x14, 0xa8, 0x7, 0xff, 0xa, 0x6, 0xc, 0x8d,
    0x48, 0x14, 0x85, 0x48, 0x50, 0x5d, 0x8a, 0x14,
    0x69, 0xa, 0x90, 0xa9, 0xa, 0xc7, 0xa4, 0x2f,
    0xff, 0xff, 0x80,

    /* U+6E32 "渲" */
    0x0, 0xfe, 0x13, 0x0, 0xf8, 0x40, 0x3e, 0x6e,
    0x0, 0xfb, 0x30, 0x60, 0x45, 0xbc, 0x8, 0xb0,
    0x80, 0x30, 0x31, 0xf7, 0x73, 0x96, 0xee, 0xa0,
    0x0, 0xe1, 0x50, 0x66, 0x7e, 0x40, 0x0, 0x88,
    0x32, 0x45, 0x59, 0xbe, 0x1, 0xb, 0xe8, 0x14,
    0xe9, 0xaa, 0xfb, 0xa8, 0x2a, 0x5e, 0x40, 0x1d,
    0xdf, 0x94, 0x2, 0x6b, 0x10, 0x7, 0x77, 0xe4,
    0x0, 0xc9, 0x42, 0x0, 0x7e, 0xed, 0x80, 0x1f,
    0x46, 0x80, 0x1f, 0xbb, 0x60, 0x7, 0x85, 0x50,
    0x0, 0xd7, 0x7a, 0x40, 0x3d, 0x21, 0x20, 0x1f,
    0xfc, 0x12, 0x77, 0x8, 0x1, 0xae, 0xf4, 0x80,
    0x61, 0xf2, 0x80, 0x7, 0xff, 0xe4, 0x0, 0x59,
    0xf8, 0x77, 0xff, 0xfc, 0x51, 0xa4, 0x17, 0x55,
    0xff, 0x10,

    /* U+6E7F "湿" */
    0x2, 0x20, 0x7, 0xff, 0xa, 0xf6, 0x40, 0x1d,
    0xff, 0xf5, 0x0, 0x26, 0xda, 0xc0, 0xb, 0x55,
    0xc6, 0x20, 0x12, 0x67, 0x0, 0x7f, 0xc9, 0x2,
    0x6a, 0x0, 0x5a, 0xae, 0x30, 0x3, 0xaf, 0x98,
    0x5, 0x1f, 0xfc, 0xa0, 0x3, 0xd4, 0x80, 0xa,
    0x3f, 0xf9, 0x40, 0x35, 0x50, 0x1, 0x75, 0x5f,
    0x78, 0x6, 0x10, 0x25, 0x55, 0x8a, 0xc9, 0x2a,
    0x80, 0x36, 0x36, 0x88, 0x8, 0x80, 0x7c, 0x22,
    0x80, 0xa, 0x6c, 0x76, 0x1, 0xf3, 0xe0, 0x2,
    0x54, 0x21, 0x48, 0x3, 0x94, 0x5c, 0x10, 0xf8,
    0x10, 0x68, 0x3, 0xa1, 0x84, 0x25, 0x10, 0x3,
    0x18, 0x0, 0x10, 0x5, 0x58, 0xd9, 0x48, 0x37,
    0x4d, 0x85, 0x71, 0x3c, 0x6f, 0xc5, 0x10, 0x3e,
    0x67, 0xfb, 0x40,

    /* U+6E90 "源" */
    0x0, 0x10, 0x4, 0x45, 0xfe, 0x10, 0x6, 0x68,
    0xb6, 0xef, 0xfa, 0x0, 0x1e, 0x1a, 0x0, 0xcc,
    0xc0, 0xf9, 0x94, 0x0, 0x7, 0xdc, 0x40, 0xd5,
    0x48, 0x0, 0x55, 0x8, 0x81, 0x4c, 0xac, 0x40,
    0x13, 0x28, 0x7, 0x99, 0x28, 0x3, 0x30, 0xc0,
    0x1d, 0x19, 0x98, 0x3, 0x4c, 0xc4, 0x1, 0xa3,
    0x33, 0x0, 0x73, 0x61, 0x0, 0x69, 0xee, 0xc2,
    0x1, 0xe2, 0x0, 0xde, 0x89, 0x84, 0x3, 0xa2,
    0x44, 0x2, 0x6a, 0xac, 0x2, 0x1, 0x97, 0x3c,
    0x43, 0xdf, 0x85, 0xee, 0x18, 0x2, 0x31, 0x53,
    0x20, 0x77, 0x0, 0x4f, 0xe, 0x1, 0x49, 0x92,
    0x25, 0x12, 0x20, 0x3, 0xa8, 0x20, 0x35, 0x96,
    0x0, 0x5b, 0xb0, 0x6, 0x53, 0x80, 0xe3, 0x58,
    0x38, 0xb8, 0x45, 0x1f, 0x0, 0x7d, 0x87, 0xf1,
    0x13, 0xc1, 0x3, 0x68, 0x10, 0x0, 0x62, 0x4,
    0x56, 0x18, 0x5, 0x3f, 0xe3, 0x0, 0xc0,

    /* U+706D "灭" */
    0x2, 0xff, 0xff, 0xe1, 0x20, 0x0, 0xaa, 0xbd,
    0x10, 0xaa, 0xf2, 0x80, 0x4a, 0xbe, 0xfa, 0x55,
    0xf0, 0x80, 0x7f, 0xf2, 0xdf, 0x80, 0x3f, 0x53,
    0x80, 0x7a, 0xd4, 0x3, 0xe1, 0x52, 0x0, 0xe3,
    0x37, 0x0, 0x7c, 0xc0, 0xa0, 0x1d, 0x4, 0xa0,
    0x2, 0x28, 0x1, 0x2c, 0x1, 0xc6, 0x92, 0x1,
    0x38, 0x58, 0x38, 0xc0, 0x7, 0x1f, 0x20, 0x1,
    0x9, 0x98, 0x4f, 0xc2, 0x1, 0xe1, 0x0, 0xa4,
    0xe4, 0xfc, 0x4, 0x3, 0xf8, 0x70, 0xb8, 0x38,
    0xe8, 0x3, 0xf9, 0xfc, 0xb0, 0x80, 0xb5, 0x74,
    0xc0, 0x33, 0xdf, 0xc3, 0xf9, 0x80, 0x47, 0xa3,
    0x96, 0xa0, 0xf, 0x9, 0xe9, 0x10, 0xe, 0x2c,
    0xa7, 0xf0, 0x4, 0x5b, 0x8, 0x7, 0xf2, 0xe5,
    0x0,

    /* U+70B9 "点" */
    0x0, 0xf9, 0x3c, 0x3, 0xff, 0x88, 0x20, 0x45,
    0xe1, 0x0, 0xff, 0xb7, 0x7d, 0x20, 0x1f, 0xf6,
    0xf7, 0x74, 0x0, 0x78, 0x46, 0x30, 0xf, 0x8,
    0x7, 0x8f, 0xba, 0x90, 0xde, 0xec, 0x1, 0xfd,
    0x9b, 0xbe, 0x90, 0xf, 0xf0, 0x91, 0x78, 0xc0,
    0x3f, 0xfa, 0x8, 0x9f, 0x68, 0x7, 0xfa, 0x6e,
    0xfc, 0xe0, 0x1f, 0x8f, 0x3f, 0xbf, 0xee, 0xff,
    0x58, 0x80, 0x79, 0xb0, 0xbd, 0xc2, 0x3c, 0x42,
    0x30, 0x40, 0x31, 0x4b, 0x14, 0x40, 0xa0, 0xe8,
    0x34, 0x34, 0x2, 0x2c, 0x18, 0x6, 0x1b, 0xe,
    0x44, 0xf, 0x9c, 0x80, 0x24, 0x30, 0x40, 0x12,
    0x20, 0x6c, 0x20, 0x50, 0x1, 0x5f, 0x90, 0x4,
    0xf0, 0x0, 0x95, 0x0, 0x3c, 0x80,

    /* U+7248 "版" */
    0x0, 0xeb, 0x30, 0x44, 0xfc, 0x20, 0x15, 0xa8,
    0xa3, 0x85, 0x5d, 0xfc, 0x80, 0x12, 0x90, 0x7,
    0x47, 0xff, 0x94, 0x3, 0xff, 0x95, 0xc8, 0x6,
    0x60, 0xf, 0xfe, 0xb, 0x50, 0x44, 0x2, 0x3f,
    0xfc, 0x1, 0xd1, 0xff, 0x58, 0x2a, 0xc, 0xc8,
    0xc8, 0x3, 0xfc, 0x39, 0xa2, 0xcc, 0x17, 0x0,
    0xe8, 0xff, 0x38, 0x0, 0xd0, 0xc, 0x4b, 0xc0,
    0x30, 0xad, 0x7, 0x88, 0x9, 0x12, 0xa4, 0x14,
    0x3, 0xb1, 0x44, 0x8, 0x18, 0x29, 0xd9, 0x80,
    0x18, 0x40, 0xc0, 0x24, 0x2, 0x6, 0x11, 0x40,
    0x6, 0x40, 0x70, 0xa, 0x90, 0x1, 0x20, 0x4,
    0x0, 0xd8, 0x24, 0x0, 0x52, 0xf1, 0xa7, 0x86,
    0xa5, 0x0, 0xb, 0x38, 0x1, 0x49, 0x47, 0xd6,
    0x9e, 0x56, 0xa8, 0x6, 0x6b, 0x0, 0x4a, 0x56,
    0x2f, 0x28, 0x2, 0xa4, 0x0, 0x58, 0x40, 0x2,
    0xb0, 0x9b, 0x10, 0xc, 0xd4, 0x0,

    /* U+72B6 "状" */
    0x0, 0x9b, 0x40, 0x33, 0x70, 0x7, 0xf8, 0xc0,
    0x30, 0x82, 0x69, 0x0, 0x46, 0x60, 0xf, 0xe4,
    0x6f, 0x0, 0xa7, 0x80, 0x3f, 0xd6, 0x72, 0x0,
    0xb2, 0x60, 0xf, 0xf5, 0x50, 0x0, 0x2b, 0x40,
    0x4, 0xee, 0xa0, 0x7b, 0x95, 0xb2, 0x0, 0xf5,
    0x0, 0x34, 0x44, 0x80, 0x33, 0x10, 0xd0, 0x2,
    0xc8, 0x0, 0x99, 0xa1, 0x40, 0x46, 0x62, 0x0,
    0x49, 0x0, 0x1c, 0xd8, 0x2a, 0x1, 0xcd, 0x60,
    0x1c, 0x26, 0x65, 0xc0, 0xd, 0x53, 0x10, 0x0,
    0xcc, 0x29, 0xaa, 0x20, 0x17, 0x53, 0x80, 0x75,
    0x30, 0x30, 0x30, 0x4, 0x8a, 0x1, 0xd0, 0x54,
    0x0, 0x68, 0x10, 0xf, 0xca, 0xf2, 0x40, 0x9,
    0x1a, 0x0, 0xf9, 0xa9, 0x58, 0x3, 0x52, 0x50,
    0x7, 0x89, 0xa8, 0x3, 0x92, 0xc4, 0x3, 0x37,
    0x24, 0x80, 0x7c, 0x96, 0x0,

    /* U+7387 "率" */
    0x0, 0xf9, 0x48, 0x3, 0xff, 0x85, 0x6a, 0x1,
    0xf0, 0xb3, 0x78, 0x75, 0x9b, 0x90, 0xa, 0x67,
    0xc0, 0xb3, 0x3d, 0xc0, 0x6f, 0x9f, 0xf4, 0x6,
    0xe7, 0xfd, 0x1a, 0x2, 0x98, 0xc0, 0xd1, 0x41,
    0x8e, 0x99, 0x2, 0x3, 0x8f, 0x33, 0x1, 0x7a,
    0x3c, 0xe, 0x30, 0x5, 0x17, 0x18, 0xb0, 0x10,
    0x1d, 0xa6, 0x1, 0x96, 0xa4, 0xc8, 0x7f, 0xa3,
    0xfa, 0x4, 0x1b, 0x6a, 0x72, 0x5c, 0xa4, 0xdf,
    0x21, 0x7c, 0x96, 0xfd, 0xdc, 0xe, 0x5, 0x60,
    0x6d, 0xb0, 0x40, 0xa6, 0x60, 0xab, 0x20, 0x6b,
    0x13, 0x32, 0x8e, 0xe6, 0x78, 0x5b, 0x2f, 0x33,
    0x37, 0xf7, 0x78, 0x5f, 0xbb, 0xce, 0x23, 0xf0,
    0x0, 0x47, 0xc0, 0x1f, 0xfd, 0x50,

    /* U+73AF "环" */
    0x0, 0xf8, 0x47, 0xf8, 0x2, 0x34, 0x4c, 0xbd,
    0xdf, 0xd0, 0x0, 0xdb, 0xbc, 0x79, 0x93, 0xe,
    0x66, 0x90, 0x7, 0x78, 0x47, 0xb1, 0x9c, 0x4a,
    0x67, 0x84, 0x3, 0x84, 0x3, 0x94, 0xc0, 0x3f,
    0xf8, 0x66, 0x36, 0x1, 0xf6, 0x78, 0x4f, 0x80,
    0x54, 0x1c, 0xd2, 0x1, 0xd1, 0x40, 0xd4, 0x0,
    0x16, 0x13, 0x57, 0xb0, 0xc, 0x8a, 0x1e, 0xa0,
    0xb, 0x6, 0x3, 0xd4, 0xa0, 0xf, 0xe7, 0x59,
    0xf0, 0x1, 0xca, 0xa8, 0x3, 0xbe, 0xf2, 0x19,
    0x80, 0x19, 0x8e, 0x0, 0x26, 0x6, 0x16, 0x64,
    0x80, 0x7a, 0x2c, 0x7, 0xe5, 0xb6, 0xa9, 0x20,
    0x1f, 0x23, 0x0, 0xdf, 0x49, 0x0, 0x7f, 0xf0,
    0x90, 0x40, 0x3f, 0xfa, 0xa0,

    /* U+73B0 "现" */
    0x5, 0x5f, 0x1f, 0xff, 0xc8, 0x0, 0xaa, 0xf3,
    0x84, 0xd5, 0x52, 0x1, 0xbf, 0xca, 0x9f, 0xe7,
    0x4, 0x78, 0x77, 0x0, 0x7f, 0xf0, 0x88, 0x40,
    0x38, 0xd5, 0x9d, 0x50, 0x2, 0x10, 0x10, 0xe,
    0xfa, 0x33, 0x55, 0x0, 0x27, 0x3, 0x0, 0xec,
    0xf5, 0x4f, 0xe0, 0x8, 0x84, 0x40, 0x1f, 0xfc,
    0x2c, 0x50, 0xf, 0xfe, 0x1a, 0xe, 0x18, 0x7,
    0xce, 0xb4, 0xc, 0xa3, 0xe6, 0x2a, 0xc0, 0x4d,
    0x28, 0x74, 0x27, 0x32, 0x56, 0x1, 0xa2, 0x3,
    0x85, 0x6c, 0xfb, 0xa, 0x18, 0x0, 0xca, 0x22,
    0xec, 0x83, 0x1, 0xb5, 0xb2, 0x0, 0xd6, 0xc0,
    0x1d, 0x1c, 0xb8, 0x80, 0x41, 0xbe, 0x2a, 0x1,
    0xc4, 0xde, 0x60, 0x1, 0xda, 0xa6, 0x10,

    /* U+7406 "理" */
    0x5, 0x66, 0xc7, 0xbb, 0xfb, 0x0, 0x2b, 0x99,
    0xe2, 0x7a, 0x42, 0x5a, 0x72, 0x0, 0xbb, 0xcd,
    0x7e, 0x83, 0x1f, 0x42, 0x5f, 0x0, 0x3f, 0xe9,
    0xfb, 0xe, 0xf9, 0x0, 0xff, 0x9a, 0x9c, 0x26,
    0x94, 0x3, 0x36, 0x1a, 0x62, 0x7, 0xae, 0x3,
    0xae, 0x80, 0x73, 0x88, 0x38, 0x3, 0xdb, 0x1,
    0x99, 0xa0, 0x19, 0xac, 0x92, 0xd0, 0x1a, 0x5c,
    0x22, 0x54, 0x3, 0xfd, 0xff, 0x58, 0x77, 0xfb,
    0x80, 0x3e, 0x15, 0x45, 0x56, 0x3, 0xaa, 0x90,
    0x3, 0xc9, 0xd3, 0x2a, 0xa3, 0x84, 0xd5, 0x20,
    0x0, 0x31, 0xc6, 0xb5, 0x9b, 0xfe, 0xb0, 0xef,
    0xf6, 0x0, 0x4, 0x4d, 0xb6, 0xa0, 0x1e, 0x30,
    0xf, 0x4c, 0x10, 0x3, 0xff, 0x58, 0x6f, 0xfe,
    0x0, 0xfa, 0xef, 0xfe, 0x0,

    /* U+7528 "用" */
    0x0, 0x9, 0x9f, 0xfc, 0x20, 0x6, 0xcc, 0xff,
    0xa4, 0x2, 0x1d, 0xda, 0xc2, 0xf7, 0x61, 0x0,
    0xe2, 0x29, 0x81, 0xc8, 0xa0, 0xe, 0x13, 0x39,
    0xc1, 0x4c, 0xe0, 0xf, 0x66, 0x54, 0x13, 0x99,
    0x8, 0x6, 0x1e, 0xeb, 0x2, 0xfb, 0xa1, 0x0,
    0xe1, 0x1c, 0xe, 0x23, 0x0, 0x78, 0x8a, 0x60,
    0x62, 0x28, 0x3, 0x87, 0x76, 0xb0, 0xad, 0xd8,
    0x40, 0x2e, 0x2d, 0xda, 0xc2, 0xb7, 0x61, 0x0,
    0x95, 0xc8, 0xa6, 0x6, 0x22, 0x80, 0x21, 0x3c,
    0x0, 0xff, 0xe0, 0x40, 0x38, 0x7, 0xfc, 0x6c,
    0xe2, 0x1, 0xf3, 0x30, 0x7e, 0x8e, 0x0, 0x31,
    0x79, 0x85, 0x48, 0xac, 0xe8, 0x7, 0xf6, 0x7f,
    0x10,

    /* U+7531 "由" */
    0x0, 0xf5, 0xb0, 0x7, 0xff, 0x1, 0x78, 0x3,
    0xff, 0x90, 0x4a, 0xbc, 0x26, 0xab, 0xc3, 0x55,
    0xe0, 0x4a, 0xae, 0x20, 0x7, 0xfe, 0x15, 0xff,
    0xa8, 0x3, 0xff, 0x8a, 0x20, 0x1f, 0xfc, 0x11,
    0x66, 0xc2, 0xcd, 0xb0, 0x3, 0x44, 0x60, 0x38,
    0x89, 0xc0, 0x37, 0x76, 0x15, 0xee, 0xac, 0x3,
    0xff, 0x8a, 0x20, 0x1f, 0xfc, 0x11, 0x77, 0xc2,
    0xce, 0xf7, 0x80, 0x69, 0x9c, 0x25, 0x33, 0x28,
    0x4, 0x3d, 0xdf, 0xd4, 0x0, 0x9c, 0x0, 0xfe,
    0x5f, 0x30,

    /* U+754C "界" */
    0x0, 0xc2, 0x3f, 0xe0, 0xf, 0x97, 0xbb, 0xfc,
    0xe0, 0x1f, 0xb3, 0x25, 0x2c, 0xc8, 0x3, 0xff,
    0xa1, 0x99, 0x29, 0x66, 0x40, 0x1f, 0xee, 0xe9,
    0x8b, 0xba, 0x10, 0xf, 0xe2, 0x28, 0xc0, 0x8a,
    0x0, 0xff, 0x66, 0x4a, 0x59, 0x90, 0x80, 0x7c,
    0xbd, 0x62, 0xdd, 0xca, 0x9, 0xe7, 0x0, 0xf0,
    0xb5, 0x9d, 0x8, 0x91, 0x65, 0x80, 0x39, 0xab,
    0xa1, 0xe3, 0x4, 0x11, 0x6a, 0x7a, 0x10, 0x0,
    0x22, 0x8e, 0x83, 0x1, 0x0, 0x97, 0xe5, 0x60,
    0x0, 0xf6, 0xe2, 0x14, 0x60, 0x1c, 0x2f, 0xb8,
    0x1, 0xe7, 0x38, 0x0, 0xff, 0xe0, 0x1b, 0xec,
    0x41, 0x0, 0x3f, 0xf8, 0xb, 0x2f, 0x8e, 0x1,
    0xff, 0xc1, 0x6e, 0xa3, 0x0, 0xcb, 0xe0, 0x1e,

    /* U+7684 "的" */
    0x0, 0xfe, 0x20, 0xf, 0xd5, 0x0, 0x1b, 0x24,
    0x3, 0xe4, 0xe0, 0x8, 0x87, 0x0, 0x3c, 0x82,
    0xe0, 0x12, 0x0, 0x99, 0xe2, 0xfb, 0xe, 0xf7,
    0xa, 0xb, 0xcc, 0xb8, 0x41, 0xea, 0x80, 0x3,
    0x35, 0x7f, 0xce, 0x1, 0x62, 0xa8, 0x42, 0x5,
    0x40, 0x3f, 0xeb, 0x48, 0x10, 0xc, 0x20, 0x1f,
    0x2a, 0xb9, 0x40, 0x2, 0xe0, 0xb, 0xff, 0xd,
    0xd1, 0xa5, 0x8, 0x18, 0x80, 0x22, 0xa8, 0x1,
    0xa8, 0x6c, 0x4, 0xc0, 0x6, 0xaa, 0x10, 0x8,
    0x59, 0x49, 0x84, 0x3, 0xfd, 0x2e, 0x65, 0xc0,
    0x10, 0x88, 0x3, 0x86, 0xc, 0x8, 0x1, 0x7d,
    0xc1, 0x0, 0xf2, 0x2, 0x0, 0x22, 0xec, 0x1,
    0xe, 0xcb, 0x42, 0x0, 0x46, 0x88, 0xc6, 0x1,
    0x55, 0x49, 0xc8, 0x0,

    /* U+76EE "目" */
    0x4f, 0xff, 0xee, 0x0, 0x45, 0x57, 0x94, 0x2,
    0x55, 0xf8, 0x80, 0x26, 0x22, 0xf0, 0x80, 0x57,
    0xbb, 0xe6, 0x0, 0xaf, 0x77, 0xcc, 0x1, 0x31,
    0x17, 0x84, 0x2, 0x74, 0x4f, 0x10, 0x5, 0x57,
    0x7e, 0x50, 0xb, 0x7f, 0xfc, 0xe0, 0x1f, 0xfc,
    0x26, 0x33, 0xf0, 0x80, 0x57, 0x99, 0xe6, 0x0,
    0xaf, 0x33, 0xcc, 0x1, 0x31, 0x9f, 0x84, 0x0,

    /* U+76F8 "相" */
    0x0, 0xff, 0xe4, 0x64, 0x80, 0x7f, 0xf1, 0x8b,
    0xff, 0xe0, 0xf, 0xf3, 0xd5, 0x4a, 0x0, 0x47,
    0x70, 0xab, 0xb8, 0x43, 0x15, 0x6d, 0x0, 0x64,
    0xc8, 0x8e, 0x64, 0x1, 0xfd, 0x1d, 0xe0, 0xdd,
    0xc1, 0xb, 0xff, 0xa0, 0x3, 0x38, 0x10, 0x6,
    0x7a, 0xa9, 0x40, 0x36, 0x82, 0x58, 0x5, 0x8a,
    0xb6, 0x80, 0x44, 0x80, 0x69, 0x20, 0x1f, 0xeb,
    0x2, 0x57, 0x67, 0xb, 0xff, 0xa0, 0x0, 0x4c,
    0xe2, 0x11, 0x2e, 0xf, 0x55, 0x28, 0x2, 0x46,
    0x0, 0x26, 0x0, 0x62, 0xad, 0xa0, 0x2f, 0x40,
    0x1f, 0xfc, 0x11, 0xc4, 0x0, 0xfb, 0x15, 0x6d,
    0x0, 0xff, 0x9e, 0xaa, 0x50, 0xf, 0xfa, 0xff,
    0xe8, 0x0,

    /* U+770B "看" */
    0x0, 0xfe, 0x13, 0x69, 0x70, 0x8, 0xee, 0xd9,
    0x8d, 0xef, 0xec, 0xb3, 0x10, 0x8, 0xce, 0xba,
    0x51, 0xae, 0xfd, 0xa6, 0x0, 0xde, 0xf1, 0x2e,
    0x15, 0xdf, 0xf4, 0x80, 0x65, 0xbb, 0x81, 0x6e,
    0xfc, 0x1, 0x6f, 0xcc, 0xa8, 0x12, 0x67, 0xbf,
    0x54, 0x26, 0x64, 0x17, 0xa9, 0x9f, 0x90, 0x11,
    0xe, 0xc0, 0xf7, 0x7e, 0x64, 0x10, 0x2, 0x60,
    0x34, 0xcf, 0x40, 0x8, 0x5, 0x16, 0x60, 0x26,
    0x7c, 0x1, 0xcc, 0xee, 0xd0, 0x6b, 0xbe, 0x90,
    0xc, 0xdb, 0x2, 0xd, 0x55, 0xd0, 0x1, 0xc4,
    0x1, 0x3d, 0xdf, 0x48, 0x7, 0xf4, 0xee, 0xf5,
    0x0, 0x7f, 0x4e, 0xef, 0x50, 0x7, 0xf4, 0x6e,
    0xf5, 0x0, 0x7e, 0xe7, 0x22, 0xe5, 0xf3, 0x0,
    0x0,

    /* U+77E5 "知" */
    0x0, 0xff, 0xe3, 0xeb, 0x80, 0x7f, 0xf0, 0x88,
    0x80, 0x1c, 0x89, 0xc2, 0x0, 0x50, 0x34, 0x4c,
    0x77, 0x7c, 0xe0, 0xf, 0x9, 0xbb, 0xcc, 0x1b,
    0xfe, 0x0, 0x89, 0x67, 0x82, 0x7b, 0x8c, 0x1,
    0xf4, 0x8b, 0x8, 0x18, 0x88, 0x3, 0xe3, 0x4a,
    0x0, 0xff, 0xe0, 0x9b, 0x1b, 0xb8, 0x3d, 0xdc,
    0xa0, 0x1f, 0x3c, 0xcc, 0x9, 0x32, 0xe0, 0xf,
    0xbb, 0xaa, 0xf, 0xee, 0x58, 0x7, 0xfb, 0x1,
    0x40, 0x3f, 0xf8, 0x2c, 0x37, 0x20, 0x1f, 0xf4,
    0x8f, 0xdb, 0xe3, 0x86, 0xff, 0x80, 0x34, 0xb5,
    0xa, 0x61, 0x70, 0x44, 0xc8, 0x0, 0x58, 0xd2,
    0xa0, 0x2, 0xf8, 0x36, 0x68, 0xcc, 0xa5, 0x4c,
    0x1, 0x84, 0xb0, 0x40, 0x18, 0xaf, 0xea, 0x1,
    0xff, 0xc1,

    /* U+786C "硬" */
    0x0, 0xf8, 0x47, 0xfc, 0x0, 0x5a, 0xad, 0x39,
    0xdd, 0xfc, 0x0, 0x36, 0x44, 0x31, 0x7e, 0x64,
    0xf, 0x99, 0x80, 0xd, 0x8a, 0x99, 0x66, 0xab,
    0x1, 0x2a, 0x98, 0xc0, 0x32, 0xe0, 0x0, 0xa6,
    0x60, 0x59, 0x95, 0x80, 0x64, 0x12, 0x28, 0x1,
    0xbe, 0x31, 0xf0, 0x1, 0xde, 0x17, 0xba, 0x0,
    0x6f, 0x8c, 0x7c, 0x0, 0x65, 0x40, 0xd7, 0x0,
    0xa2, 0x81, 0xa9, 0x80, 0x35, 0x88, 0x17, 0x0,
    0x44, 0xc0, 0x2c, 0x20, 0x1b, 0x60, 0x3, 0xd5,
    0x80, 0xf8, 0xe0, 0x18, 0xc0, 0x38, 0xa3, 0x70,
    0x27, 0x75, 0xe0, 0x1e, 0x4f, 0x4, 0x84, 0x60,
    0x72, 0x20, 0x80, 0x7a, 0xd8, 0x16, 0xa6, 0x8c,
    0x40, 0x3f, 0xba, 0x0, 0x8, 0x60, 0x72, 0x40,
    0x1e, 0x7c, 0x16, 0xa9, 0xf2, 0xc8, 0x7d, 0xd4,
    0xb1, 0x0, 0x4, 0xc0, 0x59, 0xdb, 0xcd, 0xfa,
    0xd1, 0x12, 0xc0, 0x1e, 0x3e, 0x81, 0x0, 0x92,
    0x77, 0xd0,

    /* U+786E "确" */
    0x0, 0xfe, 0x22, 0x0, 0x7f, 0xf0, 0xe6, 0x40,
    0x1f, 0x77, 0xff, 0x1a, 0xa3, 0x66, 0x4a, 0x1,
    0x5c, 0x83, 0x4c, 0x82, 0xd1, 0x50, 0x4c, 0x40,
    0x25, 0x70, 0xa6, 0x7e, 0x2b, 0x8d, 0x28, 0x40,
    0xc, 0xa0, 0x65, 0x84, 0x7f, 0xea, 0x8, 0xff,
    0x18, 0x3, 0x41, 0xe9, 0x81, 0xaa, 0x41, 0xea,
    0x0, 0x33, 0x8d, 0x3d, 0x87, 0xab, 0x86, 0x2a,
    0x80, 0x26, 0x14, 0x80, 0xa, 0x7b, 0xc2, 0xfb,
    0x0, 0x28, 0x0, 0xf3, 0x5c, 0x3, 0xdc, 0x0,
    0x54, 0x60, 0x1d, 0x8a, 0xe1, 0x8a, 0x80, 0x12,
    0x38, 0x4, 0x20, 0x66, 0x50, 0x23, 0x60, 0xe,
    0x6c, 0x5, 0x9, 0xcb, 0x9, 0xcb, 0x0, 0xe3,
    0x60, 0xe1, 0xcc, 0xf5, 0x80, 0x63, 0x7e, 0x85,
    0x93, 0x3f, 0x30, 0x6, 0x88, 0x5, 0x13, 0x80,
    0x62, 0x65, 0x0, 0xf2, 0x9f, 0x80, 0x71, 0xcc,
    0x21, 0x80, 0x64, 0xe2, 0x0, 0xe1, 0xff, 0x58,
    0x0,

    /* U+793A "示" */
    0x0, 0x13, 0x37, 0xf9, 0x0, 0x32, 0x44, 0x7f,
    0xbc, 0x3, 0x37, 0x77, 0xfa, 0xc0, 0x3f, 0xf8,
    0xf3, 0xff, 0xff, 0xc0, 0xd0, 0x5, 0x4c, 0xf2,
    0x4, 0xcf, 0x40, 0x0, 0xd9, 0x84, 0xcc, 0x31,
    0x66, 0x13, 0x31, 0x40, 0x3a, 0x9c, 0x3, 0x35,
    0xc0, 0x7, 0xa4, 0x18, 0x3, 0x34, 0x3b, 0x80,
    0x32, 0x34, 0x8, 0x7, 0x3b, 0xa1, 0x0, 0x5,
    0x4a, 0xc0, 0x1f, 0x42, 0x50, 0xe, 0x15, 0x0,
    0x7f, 0x50, 0xc0, 0xb6, 0x80, 0x7f, 0x86, 0x68,
    0x20, 0x40, 0x10, 0xea, 0x1, 0xe6, 0x20, 0xe,
    0x48, 0x29, 0x0, 0xff, 0xe0, 0x67, 0xf9, 0xc0,
    0x3e,

    /* U+79BB "离" */
    0x0, 0xf8, 0x40, 0x3f, 0xf8, 0x4d, 0xe6, 0x1,
    0xff, 0xc1, 0x64, 0xd1, 0x0, 0xf5, 0xff, 0xf9,
    0x47, 0xbf, 0xfb, 0xbe, 0x61, 0xa0, 0x0, 0xd2,
    0xe0, 0x51, 0x32, 0xb4, 0x62, 0x66, 0x40, 0xb6,
    0xb8, 0xcd, 0x73, 0x28, 0x6, 0x14, 0x40, 0x20,
    0x4a, 0x0, 0x7e, 0x6c, 0x48, 0xd7, 0x88, 0x0,
    0x7e, 0x90, 0x18, 0xd7, 0x7, 0x20, 0xe, 0xe6,
    0xaa, 0x81, 0xa6, 0x75, 0x80, 0x9, 0x50, 0x47,
    0x0, 0x8, 0xb3, 0x88, 0x5d, 0x3, 0xdd, 0xc0,
    0xd7, 0x7c, 0xe1, 0x3e, 0x15, 0xff, 0x4, 0xc9,
    0xbf, 0xc0, 0x1f, 0xf7, 0x71, 0xa0, 0x3, 0xf2,
    0x5e, 0x83, 0xb8, 0x9c, 0xc0, 0x3e, 0x41, 0x5a,
    0xdf, 0xf1, 0x20, 0x18, 0x7, 0xaa, 0x14, 0x80,
    0xca, 0x5, 0x0,

    /* U+7A7A "空" */
    0x0, 0xfb, 0x9c, 0x3, 0xff, 0x96, 0x9f, 0xfe,
    0x18, 0xff, 0xee, 0x0, 0xaa, 0xbf, 0xe6, 0x0,
    0xc8, 0xb9, 0x2a, 0xb5, 0x9a, 0xab, 0x80, 0xd,
    0x2, 0xad, 0x40, 0x1f, 0x24, 0x81, 0x3b, 0x52,
    0xb0, 0x6, 0xf3, 0x33, 0x41, 0x1e, 0x4b, 0xd0,
    0x6, 0x46, 0xcc, 0x52, 0x90, 0xb6, 0xc0, 0x7,
    0x57, 0xfe, 0xa0, 0x2a, 0x9e, 0xef, 0xf2, 0x80,
    0x6e, 0x88, 0xc2, 0xb1, 0x19, 0xc0, 0x32, 0xb3,
    0x61, 0x36, 0x6c, 0x40, 0x1f, 0xfd, 0x69, 0xff,
    0xf0, 0xbf, 0xff, 0x86, 0xea, 0xbf, 0xf8, 0x42,

    /* U+7B49 "等" */
    0x0, 0x92, 0xc4, 0x3, 0x3d, 0x0, 0x7e, 0xe5,
    0x52, 0x24, 0x12, 0xcd, 0xc4, 0x0, 0x35, 0x1b,
    0xbd, 0x2, 0x73, 0x39, 0x40, 0xb5, 0x3d, 0x87,
    0x79, 0xdb, 0xe8, 0x2b, 0xdc, 0x24, 0xe8, 0x25,
    0x47, 0x56, 0x41, 0x5c, 0x40, 0x2a, 0xc5, 0x66,
    0x6a, 0x90, 0xb3, 0x5c, 0xe0, 0x10, 0x8b, 0xa2,
    0x30, 0xa4, 0x46, 0x40, 0xe, 0xae, 0xec, 0x4d,
    0xdd, 0x9c, 0x2, 0xef, 0xff, 0x13, 0x7f, 0xfa,
    0x42, 0xab, 0xfc, 0xc3, 0x55, 0x81, 0x8c, 0xff,
    0xc2, 0x67, 0x10, 0x3c, 0xcf, 0xf2, 0x84, 0xcc,
    0x40, 0xbf, 0x44, 0xd7, 0xff, 0xa0, 0x3f, 0xe3,
    0x0, 0x96, 0x42, 0xf0, 0x80, 0x3f, 0xf8, 0x9,
    0x3c, 0x84, 0xaa, 0xc0, 0xf, 0xf8, 0x60, 0x32,
    0x96, 0x0, 0x3f, 0xf8, 0x33, 0xfc, 0xe0, 0x18,

    /* U+7BB1 "箱" */
    0x0, 0xff, 0x8, 0x7, 0xe1, 0xd3, 0x0, 0xc7,
    0xc4, 0x1, 0xf3, 0x13, 0x19, 0xc5, 0x40, 0xea,
    0xb8, 0x40, 0x64, 0x2b, 0x32, 0xe6, 0xa, 0xae,
    0x50, 0xb1, 0xba, 0xa, 0xd1, 0x2f, 0xb0, 0xbf,
    0xf2, 0x42, 0xd2, 0xe1, 0x6a, 0x7, 0x82, 0x31,
    0x80, 0x51, 0x6a, 0x4d, 0xd0, 0xcc, 0xce, 0xe3,
    0xcf, 0x18, 0x0, 0x55, 0x1, 0x15, 0x1d, 0x62,
    0x29, 0x10, 0x1, 0x55, 0x20, 0x22, 0xa8, 0x4,
    0xcd, 0x28, 0x4, 0x5b, 0xa7, 0xa, 0xdc, 0x6,
    0xff, 0xb4, 0x3, 0x11, 0x14, 0x29, 0x48, 0x12,
    0xaa, 0x90, 0xe, 0x82, 0x8, 0x83, 0x0, 0x8e,
    0x30, 0xc, 0xce, 0xc0, 0xaf, 0x22, 0xb7, 0x75,
    0x0, 0x4d, 0x2d, 0x40, 0x8, 0x91, 0x6e, 0xeb,
    0x0, 0x22, 0x79, 0x0, 0xcc, 0x4, 0x89, 0x28,
    0x4, 0x90, 0x1, 0xf2, 0x55, 0x52, 0x1, 0xff,
    0xc0, 0x6f, 0xfb, 0x40, 0x20,

    /* U+7C92 "粒" */
    0x0, 0xc6, 0x20, 0x1f, 0xfc, 0x4e, 0x90, 0xe,
    0x67, 0x0, 0xf1, 0x10, 0x3, 0x20, 0x5, 0x98,
    0x0, 0xf4, 0xf8, 0x4, 0x36, 0x60, 0x1f, 0xea,
    0x26, 0x0, 0x38, 0x2a, 0xcc, 0xea, 0xb1, 0x0,
    0x5, 0x74, 0x6, 0x16, 0x6a, 0x86, 0x6a, 0xa9,
    0xc0, 0x3, 0xfc, 0x0, 0x68, 0xe9, 0xff, 0xb2,
    0xbd, 0x40, 0x1f, 0x54, 0x26, 0x7d, 0x89, 0x40,
    0x2, 0x50, 0x6, 0xcc, 0x48, 0x36, 0x62, 0xf,
    0x80, 0x1c, 0x40, 0x18, 0x8f, 0x1, 0x18, 0xc5,
    0x10, 0x0, 0x47, 0x0, 0xe2, 0x50, 0x3a, 0x60,
    0xc1, 0x21, 0x2c, 0x0, 0xee, 0x21, 0x67, 0x93,
    0x50, 0x67, 0x7, 0x0, 0xd0, 0x72, 0x61, 0x8,
    0xe2, 0x5, 0xa8, 0x20, 0x11, 0x3c, 0x20, 0x5,
    0x68, 0x10, 0x49, 0xc0, 0x18, 0xb5, 0xc0, 0x38,
    0x44, 0xda, 0x28, 0x23, 0x0, 0x8, 0x3, 0xa7,
    0xba, 0x61, 0xee, 0xc0, 0x1f, 0xae, 0xff, 0xc0,

    /* U+7EBF "线" */
    0x0, 0xff, 0xe4, 0x2d, 0x0, 0x65, 0xd1, 0x60,
    0xf, 0xbd, 0x80, 0x31, 0x1a, 0xc6, 0x8, 0x6,
    0x15, 0xa0, 0xf, 0x27, 0x81, 0x0, 0x69, 0x16,
    0x59, 0x0, 0x85, 0x65, 0xb9, 0x40, 0x2, 0xf2,
    0x10, 0x51, 0xb0, 0x14, 0xa1, 0x4e, 0x0, 0xa0,
    0x5, 0x14, 0x7a, 0xa8, 0x7f, 0x69, 0x5c, 0x80,
    0x29, 0x55, 0x1b, 0xc1, 0xc, 0xe7, 0xed, 0x20,
    0x57, 0x28, 0xd8, 0xef, 0xb8, 0x2a, 0xa7, 0x3d,
    0x80, 0x65, 0x34, 0x45, 0x57, 0x21, 0xb2, 0x9c,
    0x40, 0x8, 0x73, 0x8e, 0xe3, 0xa2, 0x1, 0x47,
    0xdc, 0x80, 0x6, 0x0, 0x28, 0xd0, 0x1, 0xf,
    0x60, 0xd0, 0x5, 0x5f, 0x92, 0x72, 0x80, 0x6,
    0x51, 0xd0, 0xc, 0x2b, 0x5f, 0x4c, 0xc0, 0x46,
    0x7, 0x10, 0xd, 0xd4, 0xf1, 0xd8, 0x73, 0x65,
    0x49, 0x43, 0x12, 0x15, 0x9a, 0xe3, 0x1c, 0xd1,
    0x8b, 0x69, 0xea, 0x40, 0x86, 0x1, 0x7b, 0xf3,
    0x80, 0x13, 0x10, 0xfc,

    /* U+7EC4 "组" */
    0x0, 0x98, 0x3, 0xff, 0x84, 0xd2, 0x20, 0xd,
    0xff, 0xe8, 0x0, 0xd4, 0xc2, 0x0, 0x35, 0xaa,
    0x88, 0x40, 0x23, 0x34, 0x0, 0x6d, 0x55, 0x84,
    0x3, 0x43, 0xc, 0xe0, 0x7, 0xf8, 0xd2, 0xd,
    0xac, 0x1, 0x1f, 0xf1, 0x80, 0x50, 0x39, 0x81,
    0x70, 0x3, 0x5d, 0xc4, 0x1, 0x8, 0x5, 0x60,
    0x17, 0x22, 0x42, 0x1, 0x57, 0x9a, 0x28, 0x7,
    0xff, 0x3, 0x4e, 0x8d, 0xc0, 0x1a, 0xab, 0x8,
    0x5, 0x26, 0x6e, 0xcb, 0x0, 0x2d, 0xdc, 0x40,
    0x17, 0x24, 0xe7, 0xe0, 0x2, 0x3b, 0xa3, 0x0,
    0x9e, 0xdc, 0x23, 0x5c, 0x3, 0xf9, 0x6b, 0xb1,
    0x29, 0x43, 0xc4, 0x60, 0x0, 0x81, 0x8c, 0x76,
    0x46, 0x8b, 0xf7, 0x46, 0xdd, 0x4d, 0x6c, 0x21,
    0x97, 0x7f, 0xd0,

    /* U+7EC6 "细" */
    0x0, 0x88, 0x3, 0xff, 0x84, 0x3a, 0x80, 0x5d,
    0xdf, 0x84, 0x1, 0x22, 0x80, 0x22, 0x98, 0x14,
    0x86, 0x10, 0x9, 0xa4, 0x3, 0x2b, 0xe, 0xb6,
    0x0, 0x4c, 0x2e, 0x76, 0xe0, 0x1f, 0xeb, 0x70,
    0x86, 0x70, 0xf, 0xe6, 0x21, 0xb4, 0x90, 0xf,
    0xfe, 0x2, 0x21, 0x50, 0x1, 0xbe, 0x31, 0xf6,
    0x0, 0x6e, 0x71, 0xb0, 0xa, 0x24, 0x16, 0x5c,
    0x2, 0x75, 0xa5, 0x87, 0x5, 0x61, 0xd6, 0xc0,
    0x2, 0x48, 0xdd, 0x94, 0x3, 0xff, 0x80, 0xb3,
    0xda, 0xe0, 0x1f, 0xc9, 0xf6, 0xc6, 0xee, 0x0,
    0xff, 0xb, 0x66, 0xc8, 0x1, 0x54, 0x3a, 0xb8,
    0x0, 0x9e, 0x96, 0xbe, 0x70, 0x8a, 0x5, 0xa7,
    0x0, 0x55, 0x3e, 0x90, 0x2, 0xdf, 0xfd, 0x60,
    0x0,

    /* U+7EDC "络" */
    0x0, 0xff, 0xe4, 0x40, 0x80, 0x4d, 0xa0, 0x1f,
    0xc8, 0xe6, 0x1, 0x69, 0xaa, 0xe2, 0x0, 0xde,
    0x84, 0x0, 0x34, 0x1a, 0xac, 0xa0, 0x11, 0xa7,
    0x90, 0x87, 0x0, 0xff, 0xa0, 0x14, 0x2, 0xf4,
    0x47, 0x5d, 0x8a, 0x86, 0x92, 0x1c, 0x80, 0xa,
    0x63, 0x47, 0x7, 0x6b, 0x2b, 0x6b, 0x0, 0x13,
    0x10, 0x2b, 0x94, 0x20, 0x70, 0x0, 0x80, 0x31,
    0xe9, 0x8c, 0x0, 0xbf, 0x3c, 0xc3, 0xeb, 0x8,
    0x1, 0x1a, 0x80, 0x7a, 0x1f, 0x99, 0xf5, 0x27,
    0x8c, 0xa8, 0xf7, 0x59, 0x8b, 0x6e, 0xff, 0x6b,
    0x5e, 0x1b, 0x89, 0xaa, 0xa4, 0xdc, 0x22, 0xa9,
    0x20, 0x3, 0x5, 0xbf, 0xc8, 0x70, 0x9, 0x56,
    0x70, 0xe, 0x41, 0x7d, 0xc1, 0x0, 0xff, 0x25,
    0xf4, 0xae, 0x88, 0x1, 0x56, 0x70, 0xc, 0xc5,
    0x7d, 0x4, 0x1, 0x45, 0x52, 0x40, 0x31, 0x4a,
    0x0, 0x7b, 0x7f, 0xdc, 0x1, 0x80,

    /* U+7EEA "绪" */
    0x0, 0x84, 0x3, 0xd6, 0x60, 0x1f, 0xaa, 0x80,
    0x18, 0x51, 0xc0, 0x4, 0x1, 0x85, 0x3c, 0x1,
    0x1f, 0xc1, 0x7e, 0x39, 0x0, 0x14, 0x8a, 0x80,
    0x2e, 0xa4, 0x1e, 0xa0, 0x64, 0x0, 0x2f, 0x25,
    0xc2, 0x6a, 0xe1, 0x86, 0xd4, 0x20, 0xb, 0x27,
    0x82, 0x77, 0x98, 0x3a, 0x44, 0x9c, 0x81, 0x4b,
    0xd6, 0x2a, 0x66, 0x5, 0x10, 0x99, 0x38, 0x5d,
    0x89, 0x11, 0x9d, 0x88, 0x31, 0xdd, 0x94, 0x10,
    0xca, 0x81, 0x6f, 0x54, 0x63, 0xfe, 0x0, 0x8e,
    0x24, 0xa3, 0x9c, 0x52, 0x66, 0x60, 0xd, 0xa1,
    0x38, 0x77, 0x84, 0x47, 0x7b, 0x80, 0x32, 0x46,
    0x7d, 0x80, 0x4d, 0xdd, 0x40, 0x6, 0xa7, 0x34,
    0x97, 0x0, 0x2e, 0x64, 0xe0, 0x18, 0xe7, 0xad,
    0x4c, 0x2, 0x11, 0xbc, 0x3, 0x6a, 0xcf, 0x62,
    0x0, 0x17, 0x76, 0x80, 0xd, 0xd8, 0xe2, 0x1,
    0x97, 0x76, 0x80, 0x8,

    /* U+7EED "续" */
    0x0, 0xd8, 0x80, 0x19, 0xec, 0x3, 0xf3, 0x1b,
    0x80, 0x91, 0x39, 0x88, 0xa1, 0x0, 0xd6, 0xa6,
    0x11, 0xba, 0x62, 0xdd, 0xa0, 0x2, 0x52, 0x83,
    0xca, 0xcc, 0x28, 0xe6, 0x50, 0x0, 0x1b, 0x72,
    0xf1, 0x66, 0x84, 0x19, 0xa4, 0x10, 0x81, 0xa,
    0x38, 0xaa, 0x90, 0x6a, 0xb2, 0x80, 0x4e, 0xa6,
    0xbe, 0x66, 0xed, 0xaf, 0x80, 0x50, 0x9e, 0x70,
    0xe0, 0x7f, 0x2c, 0xa8, 0xb, 0x71, 0x0, 0x23,
    0xc9, 0x1c, 0xf5, 0x20, 0x5, 0x90, 0x0, 0x3a,
    0x2e, 0xab, 0xf1, 0x89, 0x1, 0x0, 0xe9, 0x2,
    0x50, 0xe7, 0xb4, 0x64, 0x16, 0x68, 0xc2, 0xf7,
    0xf6, 0x92, 0x25, 0xa0, 0xca, 0x22, 0xb0, 0x12,
    0x16, 0xb8, 0xee, 0xa0, 0x13, 0x3b, 0x90, 0x31,
    0xbd, 0x23, 0xc0, 0x6, 0x94, 0x7d, 0x90, 0x0,
    0x89, 0x2f, 0xe9, 0x99, 0x92, 0x97, 0x92, 0xda,
    0x41, 0x32, 0x40, 0xed, 0x97, 0xab, 0x0, 0x36,
    0x9c, 0x80, 0x76, 0xe7, 0x5a, 0x80, 0x62, 0xfb,

    /* U+7F13 "缓" */
    0x0, 0xff, 0xe4, 0x40, 0x80, 0x71, 0x23, 0xdf,
    0xa8, 0x4, 0xae, 0x35, 0xbd, 0xfe, 0xdb, 0xa1,
    0x94, 0x0, 0xbd, 0x2, 0x55, 0xe6, 0xa3, 0xf7,
    0xac, 0x40, 0x25, 0xd0, 0x3c, 0x62, 0x18, 0x50,
    0xe1, 0x0, 0x98, 0x19, 0x86, 0x8b, 0x28, 0xb0,
    0x4b, 0x40, 0x15, 0x30, 0x42, 0xab, 0x51, 0x4a,
    0x9d, 0x80, 0x24, 0x30, 0xb0, 0x6b, 0x86, 0xa7,
    0x8a, 0x69, 0x20, 0x10, 0x44, 0x48, 0xee, 0x38,
    0xe6, 0x70, 0x82, 0xf2, 0x8b, 0xa6, 0x61, 0xc7,
    0x33, 0xb8, 0x0, 0xaf, 0x42, 0x2f, 0xe1, 0x7c,
    0xcd, 0xba, 0x2, 0xa1, 0x9e, 0x80, 0x61, 0x7c,
    0xcd, 0x0, 0x10, 0xad, 0x6e, 0x8e, 0x18, 0x2b,
    0xa4, 0x38, 0x0, 0x5f, 0x69, 0x1d, 0xab, 0x2d,
    0x6f, 0x2e, 0x80, 0x1, 0x7d, 0xc6, 0xac, 0xa0,
    0xa1, 0x94, 0x80, 0x8, 0xa1, 0x33, 0xa, 0xcf,
    0x98, 0x46, 0x4d, 0x73, 0x3, 0xf9, 0x30, 0x1b,
    0xa5, 0xcb, 0x9d, 0x49, 0xd1, 0x0, 0xe1, 0xed,
    0x93, 0x0, 0x14, 0xf7, 0x88,

    /* U+7F16 "编" */
    0x0, 0x88, 0x3, 0x93, 0x10, 0x3, 0xf4, 0xd0,
    0x6, 0x57, 0xb3, 0x0, 0xf9, 0x30, 0x0, 0xaa,
    0x4e, 0x19, 0x55, 0x80, 0x25, 0x7, 0x2, 0xaa,
    0xc2, 0xb5, 0x50, 0x80, 0x39, 0x42, 0x0, 0x19,
    0xff, 0xd4, 0x1, 0x12, 0x4b, 0x38, 0x86, 0x7f,
    0xf5, 0x0, 0x52, 0x33, 0x26, 0x10, 0x8a, 0xaf,
    0x84, 0x4, 0xdc, 0x6c, 0x0, 0x23, 0xf8, 0x82,
    0xb4, 0xdc, 0x84, 0x26, 0xef, 0xf0, 0x2, 0x8a,
    0xd, 0x80, 0x13, 0x21, 0xe0, 0xc4, 0x0, 0x42,
    0x97, 0xe6, 0x0, 0x38, 0xc1, 0xc0, 0x2e, 0x36,
    0xbf, 0x33, 0x4, 0xc8, 0x74, 0x2d, 0x0, 0xd,
    0x90, 0x36, 0x88, 0x9, 0x90, 0xf0, 0x5a, 0x0,
    0x16, 0xbe, 0x98, 0x70, 0xc, 0xc0, 0x20, 0xe2,
    0x3, 0x43, 0x5e, 0xc4, 0x80, 0x1c, 0xcd, 0x0,
    0xfd, 0xa8, 0x3c, 0x0, 0x4b, 0xe1, 0x74, 0x7a,
    0x1, 0xd8, 0xa1, 0xea, 0x2, 0x5, 0xfe, 0x40,

    /* U+7F51 "网" */
    0x0, 0xff, 0xe1, 0x77, 0xff, 0xff, 0x3, 0x81,
    0xae, 0xea, 0xbb, 0xd3, 0x6c, 0x0, 0xe5, 0x44,
    0x41, 0xa2, 0x16, 0x43, 0x80, 0x1f, 0xe8, 0x2,
    0xa, 0x4, 0x4, 0x0, 0xbe, 0xde, 0x81, 0x52,
    0xbd, 0x0, 0x39, 0x61, 0x50, 0xb5, 0x55, 0xa0,
    0x1e, 0x60, 0x50, 0x37, 0x5, 0x0, 0xf3, 0x0,
    0x20, 0x10, 0x3c, 0x3, 0xd2, 0xd0, 0xec, 0x74,
    0x6a, 0x1, 0xa8, 0x61, 0xaa, 0x19, 0x55, 0x0,
    0x17, 0x25, 0x8, 0x48, 0x40, 0x70, 0x78, 0x3,
    0xbd, 0x40, 0x15, 0xa2, 0x9, 0xbe, 0x1, 0x8,
    0x4, 0xc6, 0x1, 0xff, 0xc4, 0x25, 0xe0, 0xf,
    0xf9, 0xa9, 0x9f, 0x9c, 0x3, 0xf2, 0x7f, 0xa4,

    /* U+7F6E "置" */
    0x1, 0x66, 0xff, 0xe0, 0x20, 0x1, 0x66, 0x22,
    0x98, 0x84, 0xca, 0x21, 0x3c, 0x1, 0xae, 0x9c,
    0x2a, 0x8a, 0x35, 0x43, 0x0, 0xea, 0xb6, 0xb,
    0xb2, 0x8d, 0xd8, 0xc0, 0x27, 0xbb, 0xf1, 0x25,
    0xde, 0x91, 0x16, 0x5d, 0xf8, 0x92, 0xef, 0x64,
    0xe, 0xed, 0x75, 0x50, 0x35, 0x55, 0x7b, 0x1,
    0x88, 0x5d, 0x55, 0x3, 0x55, 0x5e, 0x42, 0x2,
    0x20, 0x1, 0x66, 0x79, 0x0, 0x3f, 0x16, 0x67,
    0x90, 0x3, 0xf1, 0x5d, 0xf8, 0xc0, 0x3f, 0x15,
    0x57, 0x8c, 0x3, 0xf0, 0xb3, 0x78, 0x80, 0x3e,
    0xe9, 0xff, 0xf5, 0x70, 0x6, 0x8f, 0xb8, 0x8f,
    0xd5, 0xfe, 0x0, 0x2d, 0x57, 0xff, 0x4,

    /* U+80CC "背" */
    0x0, 0xe9, 0xa0, 0x1f, 0x30, 0x8, 0x40, 0xc,
    0xd9, 0x44, 0xc, 0x1c, 0x9f, 0xb0, 0xa, 0x23,
    0x18, 0x6, 0xbd, 0x96, 0xc0, 0x2e, 0xec, 0xa0,
    0x1a, 0x37, 0xa2, 0xc, 0x26, 0xaf, 0x48, 0x0,
    0x30, 0x3, 0x22, 0x1f, 0xaf, 0x2e, 0xc6, 0x60,
    0x0, 0xa4, 0x5d, 0xc5, 0x37, 0xdc, 0xfa, 0xa6,
    0x19, 0xa2, 0xee, 0xfc, 0x11, 0x83, 0x72, 0x21,
    0x99, 0x5d, 0xc0, 0x1f, 0x47, 0xff, 0xa4, 0x3,
    0xf4, 0x7f, 0xfa, 0x40, 0x3f, 0x2d, 0x57, 0x98,
    0x3, 0xf1, 0xb3, 0x78, 0x40, 0x3f, 0x36, 0x67,
    0x9c, 0x3, 0xf3, 0xf7, 0x7a, 0x0, 0x3f, 0x78,
    0x8e, 0x44, 0x60, 0x80, 0x78, 0x84, 0x3, 0x7d,
    0x24, 0x0, 0x7b, 0x18, 0x3, 0x57, 0xf9, 0x80,
    0x20,

    /* U+80FD "能" */
    0x0, 0xff, 0xe4, 0x5c, 0x0, 0x69, 0x20, 0xf,
    0xc6, 0x9a, 0x1, 0x99, 0xc0, 0x3, 0x0, 0x1b,
    0xcd, 0x72, 0xc0, 0x31, 0x47, 0x29, 0x1, 0x41,
    0xc9, 0xda, 0x48, 0x2, 0xf5, 0x63, 0x48, 0x25,
    0xc2, 0xb2, 0x1, 0x88, 0x13, 0x35, 0xdc, 0xc1,
    0x39, 0xbd, 0xff, 0x39, 0x87, 0x98, 0x2, 0xfc,
    0xb, 0xb3, 0xfb, 0xb0, 0x84, 0x55, 0x47, 0xa0,
    0x3, 0x48, 0x88, 0x44, 0x16, 0xe2, 0x34, 0x20,
    0x4, 0x64, 0x50, 0x4, 0x73, 0x77, 0x38, 0x6,
    0x6b, 0xb8, 0x2, 0x85, 0x0, 0x1d, 0x98, 0x5,
    0x1f, 0xf0, 0x80, 0x42, 0xd7, 0x8e, 0x1, 0xa3,
    0xfe, 0x10, 0xa, 0x24, 0x2b, 0xc, 0x2, 0x5a,
    0xa8, 0x3, 0x3f, 0xda, 0x95, 0x8, 0x3, 0x55,
    0x61, 0x0, 0xb8, 0x2, 0x75, 0x0, 0xe5, 0x50,
    0x88, 0x7, 0x59, 0xa9, 0x31, 0x0, 0xdd, 0x44,
    0xe1, 0xb, 0x11, 0xf, 0x80, 0x3d, 0xc2, 0xff,
    0x44, 0x1b, 0xbb, 0x69, 0x80,

    /* U+81EA "自" */
    0x0, 0xf0, 0x80, 0x7f, 0xdb, 0x80, 0x1f, 0xca,
    0x74, 0x1, 0x89, 0x56, 0x6a, 0x13, 0x55, 0xc9,
    0x55, 0x48, 0xd, 0x56, 0xb0, 0x7, 0xff, 0xe6,
    0x0, 0xff, 0xe1, 0xff, 0xfe, 0x60, 0xa, 0x6a,
    0xbe, 0x40, 0x9, 0x95, 0x7e, 0x20, 0x9, 0x95,
    0x7e, 0x20, 0xa, 0x6a, 0xbe, 0x40, 0xb, 0xff,
    0xf3, 0x0, 0x7f, 0xf0, 0xdd, 0x9b, 0xe5, 0x0,
    0xa2, 0x67, 0xe3, 0x0, 0xbf, 0xff, 0x30, 0x37,
    0x80, 0x7e, 0x9e,

    /* U+826F "良" */
    0x0, 0xfa, 0xd8, 0x3, 0xff, 0x86, 0xbe, 0x1,
    0xff, 0x77, 0xfc, 0x2d, 0xff, 0x80, 0x3f, 0x2d,
    0x57, 0x9c, 0x4, 0x3, 0xed, 0x55, 0xf6, 0x80,
    0x7f, 0x47, 0xff, 0xa8, 0x3, 0xf9, 0x6a, 0xbc,
    0xe0, 0x1f, 0xda, 0xab, 0xed, 0x0, 0xfe, 0xc7,
    0x7f, 0x60, 0x7, 0xf2, 0xcc, 0xa2, 0x13, 0x27,
    0x10, 0xf, 0xd3, 0xdc, 0x33, 0x77, 0x57, 0xe6,
    0x1, 0xfd, 0x26, 0x81, 0x14, 0xa6, 0x1, 0xfc,
    0xa9, 0x5c, 0xee, 0xb0, 0xf, 0xf1, 0x41, 0xb,
    0x40, 0x7, 0x12, 0xd, 0xe7, 0xed, 0x63, 0xb7,
    0x42, 0x8, 0x2e, 0xd8, 0x82, 0xcd, 0xc0, 0x47,
    0x33, 0x2f, 0x1, 0x73, 0xb9, 0x92, 0xc8, 0x20,
    0x1, 0x8e, 0xdc, 0x0,

    /* U+8282 "节" */
    0x0, 0xd1, 0xa0, 0x13, 0x78, 0x7, 0xff, 0x27,
    0x7f, 0xe7, 0x2f, 0xfa, 0x43, 0xff, 0x2c, 0x55,
    0x48, 0x35, 0x53, 0x5, 0x56, 0x75, 0x5c, 0x66,
    0x55, 0xbc, 0x15, 0x71, 0x1, 0x19, 0xbd, 0xc,
    0xe0, 0x53, 0x30, 0x80, 0x59, 0x94, 0x36, 0x65,
    0x2b, 0x98, 0x40, 0xb, 0xfb, 0xa8, 0xe, 0xed,
    0xa0, 0x20, 0x10, 0x8f, 0x0, 0x8e, 0x30, 0x70,
    0xf, 0xfe, 0x9, 0x80, 0x80, 0x7f, 0xf0, 0x58,
    0xc, 0x3, 0xfe, 0x31, 0x30, 0x10, 0xf, 0xfa,
    0xfa, 0x10, 0x3, 0xff, 0x81, 0x1b, 0x96, 0x1,
    0xff, 0xc1, 0x23, 0x0, 0xff, 0xe4, 0x0,

    /* U+843D "落" */
    0x0, 0xff, 0xe4, 0xe3, 0x80, 0x65, 0xf1, 0x0,
    0xc4, 0x89, 0x16, 0xa2, 0x6d, 0x4, 0x4c, 0x11,
    0x77, 0xa, 0xdd, 0xe7, 0xa, 0xbb, 0x50, 0x57,
    0xf7, 0x93, 0xff, 0x3f, 0x50, 0x77, 0xfb, 0x80,
    0xb, 0xd1, 0x76, 0x6, 0x70, 0x49, 0x10, 0xe,
    0x59, 0x6a, 0x21, 0x80, 0xee, 0x4f, 0xf8, 0xc0,
    0x21, 0x6c, 0x60, 0xd0, 0x4, 0xd4, 0x1, 0x10,
    0x1, 0x3c, 0xc5, 0x18, 0x38, 0x34, 0x52, 0x78,
    0x20, 0x9, 0x79, 0x71, 0x6c, 0x36, 0x38, 0xe,
    0x10, 0xd, 0x12, 0x44, 0xeb, 0xf7, 0x58, 0xd,
    0xb7, 0x41, 0x0, 0x30, 0x55, 0x11, 0x13, 0xc7,
    0x4c, 0xb1, 0x66, 0x0, 0x3a, 0x8e, 0x74, 0x9b,
    0xb9, 0x87, 0xb8, 0x40, 0x8, 0x53, 0x10, 0x2e,
    0xed, 0x40, 0x1, 0x0, 0x2a, 0x40, 0x7, 0xe3,
    0x0, 0xc5, 0x70, 0x40, 0x11, 0x77, 0x69, 0x0,
    0xc2, 0xee, 0x0, 0xc5, 0x99, 0xa0, 0x3, 0x1c,
    0x80, 0x69, 0xd3, 0x3c, 0xfe, 0x20, 0x0,

    /* U+884C "行" */
    0x0, 0xe1, 0x0, 0xff, 0xe2, 0x64, 0x0, 0x7f,
    0xf0, 0xa4, 0xa8, 0x37, 0xff, 0xd8, 0x1, 0x9d,
    0xa8, 0x82, 0x26, 0x7e, 0x0, 0x9e, 0x19, 0x40,
    0xa, 0xcd, 0xe5, 0x0, 0x44, 0x1a, 0x42, 0x88,
    0x3, 0xfd, 0x33, 0x4, 0xab, 0xaa, 0xff, 0x0,
    0xb0, 0x33, 0x20, 0x2a, 0xbf, 0x58, 0x4, 0xd2,
    0xae, 0xbf, 0xf9, 0x11, 0xfe, 0xe0, 0x4, 0x48,
    0x78, 0x7, 0xff, 0x2, 0xdd, 0x80, 0x3f, 0xf8,
    0x51, 0x72, 0x1, 0xff, 0xc2, 0x34, 0x0, 0xff,
    0xf6, 0x9b, 0x31, 0x44, 0x3, 0xff, 0x80, 0xf1,
    0x3, 0x90, 0x8,

    /* U+8868 "表" */
    0x0, 0xff, 0xe6, 0x4e, 0x80, 0x7f, 0x8c, 0xfc,
    0x6, 0x7c, 0x40, 0x12, 0x66, 0x72, 0x96, 0x67,
    0x48, 0x4, 0x9d, 0xdc, 0xc5, 0xdd, 0xd4, 0x1,
    0xc8, 0x98, 0x8d, 0x13, 0x10, 0x80, 0x62, 0xaa,
    0xc8, 0x35, 0x5c, 0x1, 0xc7, 0xff, 0x98, 0xbf,
    0xf4, 0x80, 0x43, 0xff, 0xe6, 0x2f, 0xff, 0x40,
    0xc, 0xce, 0x11, 0x4b, 0x84, 0x4c, 0xa2, 0x6c,
    0x0, 0xcc, 0x7a, 0x1a, 0x69, 0x1, 0x64, 0xac,
    0x30, 0x9, 0xf8, 0xc9, 0x0, 0x56, 0xdb, 0x42,
    0x0, 0x11, 0xf1, 0x7, 0x0, 0xd0, 0x53, 0x1a,
    0x40, 0xb, 0x9f, 0x70, 0xe, 0x29, 0x0, 0xf1,
    0xb0, 0x6, 0x26, 0xa9, 0x68, 0x85, 0x90, 0x6,
    0x48, 0x52, 0xd9, 0x6f, 0x7, 0xb5, 0xd9, 0x10,
    0x6, 0x3b, 0x45, 0xfe, 0x30, 0x1, 0x3a, 0xc,
    0x40, 0x11, 0xf6, 0xe8, 0x1, 0xf3, 0xd0, 0x0,

    /* U+89C8 "览" */
    0x0, 0xff, 0xe5, 0xfa, 0x0, 0x1b, 0x44, 0x3,
    0xcd, 0xa0, 0x20, 0x1b, 0x4c, 0xc4, 0x50, 0x80,
    0x4, 0xc0, 0x38, 0xd0, 0x77, 0x74, 0x80, 0x7f,
    0x78, 0x6c, 0x5e, 0xea, 0x40, 0x3e, 0x1a, 0x39,
    0x3b, 0xb3, 0x10, 0x80, 0x4, 0xc0, 0x22, 0x48,
    0x61, 0xc5, 0xb2, 0x0, 0x9b, 0x55, 0xd4, 0x20,
    0x95, 0x6c, 0x92, 0x0, 0xc3, 0x52, 0xb1, 0x35,
    0x5a, 0x18, 0x3, 0xeb, 0xfd, 0x5f, 0xfa, 0x0,
    0x3f, 0xe6, 0x50, 0xf, 0xfe, 0x19, 0xd, 0x20,
    0x7, 0xff, 0x7, 0x9, 0x8, 0x3, 0xfc, 0xac,
    0xc5, 0xb0, 0x8, 0xdc, 0x10, 0x40, 0x21, 0x88,
    0x4a, 0x38, 0x4, 0x92, 0x10, 0xc0, 0xb1, 0x9a,
    0xaf, 0x60, 0xb3, 0xff, 0x89, 0x83, 0x15, 0xab,
    0xe0, 0x1, 0x75, 0x5d, 0x82, 0x13, 0xb4, 0xa0,
    0x1c, 0xab, 0xc4, 0x0,

    /* U+89D2 "角" */
    0x0, 0xff, 0xe4, 0x17, 0x10, 0x7, 0xff, 0x2,
    0x5, 0x19, 0xb8, 0x40, 0x39, 0x14, 0x62, 0x34,
    0xc9, 0x40, 0x31, 0x52, 0xf7, 0x6f, 0x24, 0x40,
    0x4, 0x58, 0x29, 0xdd, 0xc4, 0x9d, 0xa0, 0xb8,
    0x21, 0x11, 0x20, 0xcc, 0xc8, 0x63, 0x45, 0x2,
    0xcd, 0x68, 0xb3, 0x5a, 0x3, 0x98, 0x1, 0x66,
    0xb4, 0x59, 0xad, 0x0, 0x18, 0x5, 0x11, 0x28,
    0x44, 0x4a, 0x1, 0xc3, 0xdd, 0x40, 0xf7, 0x50,
    0x1, 0xbc, 0x15, 0x6d, 0x15, 0x5b, 0x40, 0x31,
    0x8d, 0x54, 0xa1, 0x55, 0x28, 0x4, 0x28, 0xff,
    0xff, 0xa0, 0x2, 0xa0, 0x90, 0xf, 0xfa, 0xd2,
    0x44, 0x3, 0xc8, 0x8c, 0x3, 0x5a, 0x60, 0xf,
    0xb6, 0xd2, 0x4f, 0x94, 0x3, 0xf4, 0xff, 0x9c,

    /* U+89E6 "触" */
    0x0, 0xff, 0xe4, 0xa6, 0x0, 0x7d, 0xaa, 0x1,
    0xf6, 0x89, 0x10, 0x40, 0x31, 0x98, 0x3, 0xe7,
    0x2d, 0xd4, 0x80, 0x7f, 0xf0, 0x1c, 0x77, 0x3,
    0x1, 0x9a, 0x1c, 0x66, 0x8, 0x0, 0xa0, 0xde,
    0x40, 0x4a, 0x26, 0x40, 0xb3, 0x23, 0x1, 0xf0,
    0x3a, 0x50, 0xa4, 0x9, 0xf1, 0x9d, 0x0, 0x8d,
    0x82, 0x68, 0x3c, 0x40, 0x3f, 0xc5, 0x63, 0x34,
    0x1e, 0x20, 0x1f, 0xfc, 0x16, 0x60, 0x48, 0x4,
    0x24, 0x2, 0xc0, 0x1e, 0xfc, 0x6, 0x10, 0x4,
    0x68, 0xc5, 0x80, 0x7a, 0x68, 0x3c, 0x42, 0xae,
    0xc0, 0xf7, 0x62, 0x0, 0xcf, 0x77, 0x0, 0x11,
    0x21, 0xe1, 0xc0, 0xc, 0x38, 0x89, 0x8, 0x7,
    0x99, 0xc8, 0x0, 0x60, 0xc0, 0x1f, 0xdf, 0x61,
    0x60, 0xa, 0x22, 0x2, 0x20, 0x7a, 0xfb, 0xc5,
    0x94, 0x90, 0x9, 0xa0, 0x1, 0xb6, 0x54, 0xf,
    0x39, 0xfb, 0x20, 0x2, 0xd5, 0x0, 0x4f, 0xe9,
    0x5c, 0xb1, 0x80, 0x13, 0x40,

    /* U+8BA4 "认" */
    0x1, 0xa4, 0x0, 0xe2, 0xe2, 0x0, 0xf0, 0x95,
    0xb0, 0x7, 0x8, 0x7, 0xe8, 0x69, 0x10, 0xf,
    0xfe, 0x14, 0xd8, 0x80, 0x42, 0x6, 0x1, 0xe1,
    0x10, 0x20, 0x7, 0xff, 0x2, 0xfb, 0x9e, 0x1,
    0xce, 0x2, 0x1, 0xd3, 0x70, 0x1, 0xe2, 0x1,
    0x0, 0xe2, 0x42, 0x0, 0xf7, 0x3, 0x80, 0x7f,
    0xf0, 0x8c, 0x28, 0x3, 0xff, 0x84, 0x8c, 0x66,
    0x0, 0xff, 0xe0, 0x28, 0x41, 0xc8, 0x7, 0xf1,
    0xd8, 0xc2, 0x8c, 0x29, 0x80, 0x7d, 0x78, 0x10,
    0x50, 0x8, 0x8f, 0x0, 0xf9, 0x6b, 0x5a, 0x8,
    0x1, 0x27, 0x20, 0x19, 0x5f, 0xf2, 0x59, 0xc0,
    0x22, 0x96, 0x90, 0xd, 0x2, 0xaf, 0x20, 0x1c,
    0xd0, 0x40, 0x1e, 0xc8, 0x0, 0xf9, 0xec, 0x0,

    /* U+8BBE "设" */
    0x0, 0x18, 0x6, 0x14, 0x4e, 0x10, 0xc, 0x3b,
    0x80, 0x13, 0xdd, 0xf1, 0x0, 0x61, 0xc2, 0xa0,
    0xd, 0xfe, 0xd0, 0xf, 0x8a, 0xc0, 0x3f, 0xf8,
    0x8b, 0x40, 0xc, 0x20, 0xf, 0xce, 0xf3, 0x0,
    0x1d, 0x68, 0x0, 0x41, 0x9e, 0xe1, 0x11, 0x81,
    0xe1, 0x5c, 0x2, 0xda, 0xa2, 0x87, 0xfa, 0x0,
    0xf, 0x1e, 0xab, 0x9c, 0x14, 0x80, 0x3e, 0xfa,
    0xaf, 0x80, 0x3f, 0xa2, 0x1, 0xdf, 0xe2, 0x50,
    0xf, 0xf3, 0x8c, 0x83, 0x94, 0x80, 0x7e, 0x13,
    0x8, 0x78, 0x83, 0x98, 0x7, 0x85, 0xf9, 0x1,
    0x8d, 0xce, 0x0, 0x3d, 0xc1, 0x10, 0x72, 0xa3,
    0x3a, 0x88, 0x3, 0xad, 0xb8, 0xaf, 0x5b, 0x31,
    0x69, 0xb6, 0xa0, 0x11, 0x48, 0xd8, 0x5e, 0x18,
    0x27, 0x4b, 0x60, 0x7, 0xba, 0xd0, 0x3, 0x9b,
    0x64, 0x0,

    /* U+8BC1 "证" */
    0x5, 0x0, 0xff, 0xe1, 0x15, 0x68, 0x85, 0xff,
    0xff, 0x9, 0x69, 0xe0, 0x7c, 0xce, 0x23, 0x99,
    0x84, 0xb, 0x60, 0x11, 0x9b, 0xb, 0x36, 0x0,
    0x8d, 0x40, 0x3f, 0xf8, 0xe, 0xf1, 0x80, 0xd,
    0xc0, 0x3f, 0x4c, 0x41, 0x0, 0x9, 0x0, 0x1f,
    0xbb, 0xc4, 0x3, 0xf2, 0xff, 0xb0, 0x3, 0xff,
    0x80, 0x75, 0x48, 0x0, 0xff, 0xe0, 0x32, 0xa9,
    0x0, 0x3f, 0xf9, 0x25, 0x0, 0x1f, 0xfc, 0x1a,
    0xd2, 0x0, 0xff, 0xe0, 0x9, 0xd5, 0x0, 0x3f,
    0xf8, 0x19, 0xdc, 0xf8, 0xf, 0xf1, 0xaf, 0xfd,
    0x20, 0x3, 0xf, 0xaa, 0xff, 0x80,

    /* U+8BCA "诊" */
    0x0, 0xff, 0xe3, 0xa9, 0x0, 0x73, 0xe8, 0x7,
    0xe9, 0xc3, 0x0, 0x86, 0x49, 0x0, 0x3e, 0xd3,
    0xe0, 0xa, 0xc1, 0xa8, 0x80, 0x3c, 0x3c, 0xe0,
    0x7, 0x5a, 0x95, 0xc2, 0x0, 0xf1, 0xd0, 0x44,
    0x49, 0x32, 0x2c, 0x40, 0x2, 0x33, 0x14, 0xb1,
    0xe5, 0xe9, 0xcf, 0x56, 0xe8, 0x7a, 0x65, 0x66,
    0xf8, 0xce, 0xb4, 0x22, 0xb9, 0x1, 0xaf, 0x80,
    0x1b, 0x39, 0x89, 0x4a, 0xa0, 0x35, 0x0, 0x7d,
    0x8d, 0x4c, 0xc5, 0xe0, 0xf, 0xf4, 0x6a, 0xaa,
    0x61, 0x4, 0x3, 0xf9, 0xa, 0x29, 0xdc, 0x9c,
    0x80, 0x1f, 0x8f, 0x5e, 0x60, 0xa9, 0x10, 0x1,
    0xf1, 0x83, 0xeb, 0x1e, 0x15, 0x0, 0x78, 0x6b,
    0x2, 0x89, 0xf1, 0x70, 0x40, 0x3e, 0x6b, 0x36,
    0xd8, 0x85, 0x80, 0x7c, 0xf7, 0x89, 0xb2, 0xfa,
    0xe0, 0x1f, 0xc8, 0x0, 0xfd, 0xa2, 0x0, 0xf8,

    /* U+8BD5 "试" */
    0x1, 0x10, 0x7, 0xe9, 0x90, 0x8, 0x5, 0x58,
    0x20, 0x1f, 0x19, 0x5e, 0x80, 0x54, 0x1a, 0x1,
    0xfd, 0x46, 0xc0, 0x1, 0xf1, 0x20, 0xf, 0x9c,
    0x64, 0x80, 0x22, 0xd2, 0x6f, 0xfe, 0x53, 0xf9,
    0xa0, 0x55, 0xc0, 0xf5, 0x5c, 0x83, 0x55, 0x4,
    0x55, 0x2c, 0x5, 0x57, 0x8c, 0x15, 0x48, 0x1b,
    0xf0, 0x1, 0x7f, 0xee, 0xf1, 0x0, 0xff, 0x54,
    0x4, 0x59, 0x0, 0x7f, 0xca, 0x80, 0x8a, 0xc0,
    0x40, 0x1f, 0xfc, 0x22, 0x7, 0x0, 0xff, 0xe0,
    0x5d, 0x20, 0xe8, 0x8, 0x7, 0x8a, 0xb4, 0x18,
    0x19, 0x50, 0xf8, 0x40, 0x21, 0x9b, 0x9, 0xce,
    0xa3, 0xd3, 0x40, 0x10, 0x7, 0x82, 0x6d, 0x39,
    0x80, 0x4c, 0x30, 0x60, 0x14, 0x4e, 0xa0, 0x7,
    0xd4, 0x32, 0x0,

    /* U+8BDD "话" */
    0x0, 0xff, 0x85, 0x6a, 0x80, 0x4, 0x90, 0x2,
    0x3c, 0x56, 0x77, 0x28, 0x7c, 0x0, 0xed, 0x60,
    0xd4, 0x82, 0xc2, 0xff, 0x6a, 0x0, 0x3b, 0x46,
    0x2d, 0xcb, 0xb0, 0x68, 0x7, 0x92, 0x98, 0x3,
    0xff, 0x84, 0xa1, 0x3d, 0xd7, 0x85, 0x77, 0x5b,
    0x5f, 0xf1, 0xd5, 0xdd, 0x0, 0xd7, 0x74, 0x4d,
    0x40, 0x0, 0xd5, 0x67, 0xc, 0x55, 0xc6, 0xa8,
    0x1, 0xff, 0xc7, 0x1f, 0xf7, 0x5, 0x7f, 0x94,
    0x3, 0xfa, 0x2e, 0xea, 0x0, 0xff, 0x8d, 0x12,
    0x50, 0xf, 0xe2, 0x0, 0xff, 0xe0, 0xde, 0xd0,
    0x62, 0xae, 0x0, 0xe7, 0x7, 0x4a, 0x7, 0xaa,
    0xc0, 0x1c, 0x93, 0xd2, 0x41, 0x7f, 0xf8, 0x2,

    /* U+8BE6 "详" */
    0x0, 0xf8, 0xc0, 0x38, 0x80, 0x33, 0x0, 0x45,
    0xb8, 0x20, 0x3, 0xd3, 0x0, 0x1c, 0xd8, 0x0,
    0xbc, 0x6c, 0x1, 0x4, 0x60, 0x3, 0xc4, 0x70,
    0x0, 0xf7, 0x83, 0xa7, 0x0, 0x63, 0x82, 0xb,
    0xfc, 0xaf, 0x80, 0xcf, 0x30, 0x9, 0xd4, 0x3e,
    0xa9, 0x20, 0xd5, 0x51, 0x55, 0xdc, 0x20, 0x8a,
    0xa6, 0xc, 0x55, 0x84, 0x40, 0xe8, 0x0, 0x14,
    0x42, 0x86, 0xa2, 0x8, 0x2e, 0xd0, 0x1, 0x2d,
    0xda, 0x81, 0xee, 0xe0, 0xf, 0x93, 0xfe, 0xa,
    0xff, 0x48, 0x7, 0xff, 0x2d, 0x56, 0x60, 0xc5,
    0x58, 0xc0, 0x38, 0x6a, 0xa9, 0x6, 0xaa, 0xa4,
    0x3, 0x1b, 0x47, 0xfc, 0x15, 0xff, 0x50, 0x0,
    0x83, 0x64, 0x80, 0x3f, 0xe4, 0x39, 0xe5, 0x0,
    0xff, 0x8b, 0x18, 0x3, 0xfe,

    /* U+8BED "语" */
    0x0, 0x8, 0x4, 0x24, 0x5f, 0x84, 0x2, 0xca,
    0x0, 0x56, 0xef, 0xf0, 0x5, 0xcb, 0x21, 0x5b,
    0xa8, 0xc, 0xdd, 0xb8, 0x2, 0x39, 0x71, 0x13,
    0xbb, 0x41, 0x9d, 0xcc, 0x40, 0x19, 0xbc, 0x42,
    0xa8, 0xa1, 0x55, 0x40, 0x4, 0x89, 0x18, 0x3,
    0xfc, 0x2f, 0xfe, 0x47, 0x0, 0x1d, 0xdc, 0xa0,
    0x11, 0xe, 0x0, 0x1c, 0x80, 0x7, 0xdc, 0x10,
    0x15, 0x55, 0x1, 0xaa, 0x88, 0x8a, 0xa0, 0x11,
    0x0, 0xa, 0xa8, 0xe1, 0x15, 0x41, 0x4a, 0xb0,
    0xe, 0x3f, 0xed, 0xdf, 0xbf, 0x80, 0x3e, 0x6d,
    0xdf, 0x80, 0x3f, 0xed, 0xdc, 0xe0, 0x1f, 0xca,
    0x0, 0x22, 0xdc, 0x1, 0xf6, 0x74, 0x0, 0xc,
    0xf7, 0x0, 0x78, 0x91, 0xb0, 0x1, 0x99, 0x9c,
    0x3, 0xdb, 0xd0, 0x20, 0xe, 0xed, 0x0, 0x10,

    /* U+8BF4 "说" */
    0x0, 0xf1, 0x61, 0x0, 0x43, 0x82, 0x1, 0x1f,
    0x28, 0x0, 0x9f, 0xc0, 0x28, 0x11, 0x0, 0x46,
    0xf4, 0x60, 0xa, 0x38, 0x5, 0x69, 0x0, 0xe9,
    0x48, 0x0, 0xc, 0xe8, 0x64, 0x20, 0x7, 0xaa,
    0xc1, 0x6f, 0x3a, 0xcb, 0x2c, 0x40, 0x8, 0xaa,
    0x40, 0x1, 0x21, 0x16, 0x4, 0x0, 0xba, 0xa9,
    0x60, 0x10, 0xcc, 0xef, 0x0, 0xd5, 0xf0, 0x1,
    0xff, 0xc9, 0x15, 0x5d, 0x80, 0x1f, 0xe1, 0xa,
    0xac, 0xe0, 0x1f, 0xe6, 0xf5, 0x55, 0x86, 0xf8,
    0x80, 0x7e, 0x20, 0x7d, 0x0, 0xff, 0x97, 0x55,
    0x9, 0x0, 0x30, 0xc8, 0x80, 0x3c, 0x69, 0x16,
    0x4c, 0xc0, 0x18, 0x98, 0xc0, 0x12, 0xbb, 0xaf,
    0x3e, 0x7, 0x4, 0x59, 0x12, 0x0, 0xd, 0xd,
    0x8e, 0x10, 0x11, 0x26, 0x96, 0xc0, 0x38, 0xf7,
    0x8, 0x0, 0x3b, 0xff, 0x28, 0x0,

    /* U+8BF7 "请" */
    0x0, 0xfe, 0x5f, 0x0, 0xf5, 0xd0, 0x0, 0x5d,
    0xef, 0x7, 0x79, 0x80, 0x10, 0xb4, 0x5, 0x33,
    0x20, 0x4c, 0xd6, 0x0, 0x3a, 0x53, 0x36, 0xdd,
    0x9c, 0x2e, 0xec, 0x0, 0x97, 0xc, 0x2a, 0xa6,
    0xa, 0xa8, 0x80, 0x31, 0x81, 0x5e, 0xea, 0x3,
    0x76, 0x11, 0x77, 0xfc, 0x7b, 0xba, 0x3, 0x77,
    0xb3, 0x10, 0x7, 0xb7, 0x11, 0xf6, 0xe8, 0x8c,
    0x80, 0x5, 0x91, 0x1f, 0x0, 0x80, 0x7c, 0x39,
    0x9a, 0x80, 0x3f, 0xc3, 0x99, 0xa8, 0x3, 0xfc,
    0x3d, 0xda, 0xc0, 0x3f, 0x8, 0xf, 0x76, 0xb0,
    0xf, 0xa3, 0x80, 0x77, 0x75, 0x0, 0x71, 0x3,
    0xb0, 0x0, 0x88, 0xc, 0x40, 0x1c, 0xed, 0xb2,
    0x1, 0xd7, 0x8, 0x40,

    /* U+8C03 "调" */
    0x0, 0x28, 0x4, 0x23, 0xfc, 0x0, 0x5a, 0x80,
    0x7, 0xf7, 0x7e, 0x50, 0x5a, 0x75, 0x0, 0x36,
    0x61, 0xe7, 0x2c, 0x3, 0x2c, 0x20, 0x3, 0x8c,
    0xcc, 0x26, 0x80, 0x1c, 0xe2, 0x1, 0x6f, 0xc,
    0x73, 0x0, 0x2b, 0xfe, 0x0, 0xd3, 0x42, 0xd4,
    0x80, 0x9, 0xa6, 0x0, 0xde, 0x22, 0x3, 0x11,
    0x0, 0xd, 0x7c, 0x3, 0xaa, 0x82, 0xb5, 0x40,
    0xf, 0xef, 0xeb, 0xbd, 0x20, 0x1f, 0xde, 0xf7,
    0x75, 0x0, 0x7f, 0xbc, 0x7, 0xe4, 0x3, 0xf2,
    0xc0, 0x80, 0x7f, 0xc2, 0x14, 0x20, 0x40, 0x3f,
    0x20, 0x1e, 0x31, 0xbf, 0x4, 0x7b, 0xba, 0x80,
    0x39, 0x39, 0x2d, 0x4, 0x48, 0x86, 0x5, 0x1,
    0x0, 0xcc, 0x50, 0x1, 0x86, 0xe9, 0x10, 0x1,
    0x9a, 0xcc, 0x3, 0x1f, 0xfa, 0xc0,

    /* U+8D1F "负" */
    0x0, 0xe1, 0xb2, 0x0, 0xff, 0xe1, 0x5a, 0x3a,
    0x24, 0x60, 0x1f, 0xce, 0xa1, 0x57, 0x77, 0x0,
    0x7e, 0x68, 0x9f, 0xfa, 0x2, 0x40, 0x3e, 0x89,
    0x30, 0x66, 0x3c, 0x21, 0x32, 0x80, 0x45, 0x6e,
    0x66, 0x99, 0xa0, 0x12, 0x65, 0x60, 0x12, 0x22,
    0x64, 0x3f, 0xf6, 0xf7, 0xfa, 0x0, 0x33, 0x73,
    0x0, 0x76, 0x38, 0x7, 0xe1, 0x0, 0xf8, 0xc0,
    0x3f, 0xf8, 0x62, 0x20, 0xf, 0xfe, 0x11, 0x83,
    0x0, 0x7f, 0xf0, 0xa8, 0x8d, 0x0, 0x3f, 0x85,
    0x41, 0xda, 0x1a, 0xf0, 0x2c, 0x3, 0xc9, 0xf9,
    0xe, 0xaf, 0xaf, 0x1c, 0x20, 0x12, 0xcf, 0x58,
    0xd4, 0x0, 0xa, 0xe9, 0x7c, 0xc0, 0x10, 0xe9,
    0x7a, 0xa0, 0x1c, 0xbe, 0x50, 0x0, 0xce, 0xa4,
    0x0, 0xfc, 0x39, 0x60,

    /* U+8D23 "责" */
    0x0, 0xfb, 0x54, 0x3, 0xe1, 0x55, 0xf1, 0x62,
    0xaf, 0x18, 0x2d, 0x57, 0x81, 0xaa, 0xba, 0x41,
    0x36, 0xef, 0x81, 0xae, 0xfa, 0x80, 0x15, 0x77,
    0xc0, 0xd7, 0x7c, 0x1, 0x47, 0xff, 0x4, 0xff,
    0xf0, 0x3, 0xbf, 0xfc, 0x13, 0xff, 0xe6, 0xcd,
    0xc9, 0x9f, 0xeb, 0xdd, 0x31, 0x10, 0x26, 0x7f,
    0xb8, 0x88, 0x1, 0xdb, 0xfe, 0x9b, 0xff, 0x18,
    0x7, 0xfd, 0x5a, 0x1, 0xff, 0xc1, 0x13, 0xe0,
    0xf, 0xfe, 0xc, 0x0, 0xb1, 0x2e, 0x80, 0x71,
    0x48, 0x53, 0x4f, 0x46, 0xa9, 0x0, 0x4a, 0xf3,
    0xba, 0x4a, 0x68, 0xec, 0x5a, 0xd4, 0xc, 0x85,
    0x19, 0xe5, 0x0, 0x8e, 0x79, 0xb8, 0x27, 0xf6,
    0x98, 0x3, 0xe1, 0xba, 0x0,

    /* U+8D25 "败" */
    0x0, 0xff, 0xe7, 0xaf, 0x80, 0x7d, 0xdf, 0xfc,
    0x20, 0x60, 0x1f, 0xcb, 0x32, 0x70, 0xb, 0xc8,
    0x3, 0xf6, 0xa2, 0x30, 0x2, 0x41, 0x66, 0xc2,
    0x1, 0xa2, 0x40, 0x21, 0x23, 0x99, 0xc4, 0x1,
    0xfc, 0xc1, 0x9f, 0xa1, 0xc6, 0x1, 0xf8, 0xe4,
    0x18, 0x18, 0x4, 0x3, 0xfa, 0xc4, 0x58, 0x6,
    0x40, 0x1f, 0xed, 0x96, 0x70, 0xb4, 0x0, 0xf0,
    0x80, 0x4a, 0xd4, 0x2c, 0x7a, 0x1, 0xe7, 0x10,
    0xc, 0x49, 0x24, 0x80, 0x1b, 0x14, 0xf5, 0xb4,
    0x40, 0x1c, 0xa, 0x1, 0xc5, 0x41, 0xb8, 0x20,
    0x14, 0x83, 0x90, 0x6, 0x47, 0x6a, 0x5d, 0x10,
    0xb1, 0xd2, 0xf1, 0x0, 0x45, 0xa4, 0x85, 0x9c,
    0xe2, 0xf9, 0x79, 0xfa, 0x1, 0x3d, 0x80, 0x59,
    0xa3, 0x84, 0x5, 0xe7, 0xa1, 0x50, 0x1, 0x85,
    0x74, 0x80, 0x21, 0xd9,

    /* U+8D28 "质" */
    0x0, 0xc2, 0x31, 0x1a, 0x34, 0x56, 0x90, 0x6,
    0x4f, 0xee, 0xb7, 0x2e, 0x58, 0x54, 0x3, 0xe9,
    0xab, 0xb6, 0x4d, 0x75, 0xc1, 0x0, 0x79, 0x40,
    0x44, 0xd5, 0xa, 0xbc, 0x20, 0x19, 0x6a, 0xb1,
    0x95, 0x57, 0x28, 0x6, 0x7f, 0xfc, 0xa7, 0xff,
    0xc8, 0x1, 0xcb, 0xff, 0x29, 0xff, 0xcc, 0x1,
    0xfd, 0x77, 0xe0, 0xf, 0xf0, 0xa2, 0x24, 0x11,
    0x0, 0x1e, 0x10, 0x10, 0xc, 0x44, 0x0, 0xfc,
    0x40, 0x1c, 0x20, 0x40, 0x1f, 0xb4, 0x80, 0x32,
    0x3, 0x0, 0x7e, 0x44, 0x3, 0x48, 0x41, 0xa4,
    0x9b, 0x10, 0x4, 0xc3, 0xa0, 0x6d, 0x85, 0xe6,
    0x98, 0x6a, 0x0, 0x18, 0x34, 0x5a, 0xe2, 0xc3,
    0x5d, 0xa4, 0xf2, 0x2, 0x3d, 0x9, 0x78, 0xe3,
    0x0, 0x97, 0xca, 0x80, 0xf4, 0x43, 0x35, 0xc0,
    0x3c, 0x39, 0x0,

    /* U+8D77 "起" */
    0x0, 0xff, 0xe4, 0xa7, 0x88, 0x7, 0xff, 0x1e,
    0x2a, 0xb8, 0xc0, 0x25, 0x56, 0x3, 0xa9, 0x10,
    0x47, 0x2b, 0x0, 0x51, 0x4e, 0x13, 0x49, 0x57,
    0x78, 0x3, 0xb7, 0xec, 0x3b, 0xd8, 0x3, 0xfc,
    0x23, 0x1, 0x8, 0xca, 0xb8, 0x3, 0x3f, 0x72,
    0x83, 0x3b, 0x89, 0x55, 0x80, 0x33, 0x66, 0x46,
    0x99, 0x81, 0xe, 0xff, 0x0, 0x61, 0x6, 0x37,
    0x13, 0x30, 0x7, 0x72, 0x80, 0x49, 0x60, 0x5,
    0xfb, 0x0, 0xf7, 0x10, 0x3, 0xcc, 0x0, 0x75,
    0xe0, 0x1c, 0x82, 0x40, 0x2, 0x0, 0x99, 0x50,
    0x1, 0x2c, 0xc8, 0x40, 0x9, 0xca, 0x9c, 0x2,
    0x45, 0x68, 0x80, 0x48, 0x0, 0xc9, 0xd8, 0xd9,
    0x4, 0x2b, 0xb9, 0xf8, 0x62, 0x10, 0x31, 0x94,
    0xf7, 0xdf, 0xfb, 0xba, 0xa2, 0x4b, 0x0, 0x2d,
    0xfe, 0xdd, 0xd5, 0x5a, 0x4b, 0x94, 0x3, 0x89,
    0x12, 0x55, 0xc4,

    /* U+8DEF "路" */
    0x0, 0xff, 0xe4, 0x8, 0xf0, 0x1, 0x74, 0x3,
    0xf0, 0xf7, 0x70, 0x3, 0xc1, 0x57, 0x10, 0x7,
    0x4e, 0x40, 0x0, 0x54, 0xaa, 0xb2, 0x0, 0x72,
    0x99, 0x0, 0x24, 0x13, 0xfd, 0x0, 0x80, 0x1c,
    0xe0, 0x11, 0xba, 0xa2, 0xa, 0x18, 0x80, 0x3a,
    0xfe, 0x83, 0x4e, 0x9a, 0xbc, 0xa4, 0x3, 0xd,
    0xd8, 0x22, 0xf7, 0x41, 0x62, 0x5c, 0x1, 0xe6,
    0x50, 0x34, 0x31, 0x6d, 0x22, 0x6a, 0x80, 0x65,
    0xd0, 0x7, 0xd3, 0x6c, 0xb6, 0xe9, 0x2b, 0x14,
    0x3, 0xcc, 0xc9, 0x6, 0xc5, 0x57, 0xa8, 0x58,
    0x80, 0x74, 0xe7, 0x43, 0x55, 0x64, 0xce, 0x10,
    0xf, 0xf7, 0x7f, 0xa0, 0x3, 0xfb, 0x72, 0x80,
    0x3f, 0xf8, 0x36, 0xc, 0xb2, 0x0, 0x31, 0x17,
    0x80, 0x62, 0x80, 0x69, 0xf9, 0x20, 0x6, 0xf7,
    0x1c, 0x3, 0x15, 0xe6, 0x18, 0x3, 0xaf, 0x30,
    0xc0, 0x1c, 0xc6, 0x1, 0xcb, 0xe8, 0x66, 0x9e,
    0x0, 0x80,

    /* U+8F7B "轻" */
    0x0, 0xff, 0xe4, 0x17, 0x10, 0x7, 0xff, 0x9,
    0x4, 0xc0, 0xb, 0xff, 0xec, 0x0, 0x47, 0xc8,
    0x77, 0xf8, 0x6e, 0xf5, 0x2, 0x80, 0x2a, 0xc1,
    0xee, 0xe4, 0x4e, 0xc0, 0xb0, 0x1, 0x8, 0x4b,
    0x22, 0x0, 0x32, 0x34, 0x10, 0x5, 0xc8, 0xfa,
    0x1, 0xc7, 0x60, 0x40, 0x10, 0xa7, 0x0, 0x79,
    0xb0, 0xda, 0xa0, 0x0, 0x41, 0x70, 0x1d, 0xcb,
    0xd9, 0x7c, 0x99, 0x3c, 0x1, 0x55, 0xb8, 0x5d,
    0xb1, 0x36, 0x0, 0xd, 0x34, 0x2, 0xaa, 0xf0,
    0x55, 0x7b, 0x6f, 0xfe, 0x94, 0x0, 0xdc, 0x19,
    0xf9, 0x32, 0x50, 0x99, 0x90, 0x27, 0x7d, 0xc1,
    0xa9, 0x19, 0x98, 0xc, 0xd1, 0x7, 0xbd, 0x40,
    0x52, 0x80, 0x7f, 0x9a, 0x94, 0x40, 0x2, 0x38,
    0x0, 0x23, 0x80, 0x3e, 0xde, 0xea, 0x43, 0xba,
    0xf0, 0xf, 0xbe, 0xef, 0xf6, 0x80, 0x66, 0xf0,
    0x34, 0x4f, 0xc6,

    /* U+8F7D "载" */
    0x0, 0xff, 0xe5, 0x64, 0x0, 0x4d, 0x80, 0x40,
    0x1c, 0x89, 0x9, 0x22, 0xf, 0x85, 0xf5, 0x40,
    0x23, 0xbb, 0x89, 0x6e, 0xda, 0x0, 0x76, 0xa3,
    0x0, 0x1f, 0xfc, 0x6f, 0xfe, 0xe0, 0xa, 0x60,
    0xc0, 0x1b, 0xff, 0x1b, 0xff, 0xce, 0x5f, 0xe8,
    0xf5, 0x8, 0x95, 0x39, 0x9e, 0x51, 0x99, 0xce,
    0x8, 0x80, 0x14, 0x4e, 0xc0, 0x66, 0x2, 0x90,
    0x56, 0xa9, 0x6e, 0xec, 0x31, 0x0, 0x42, 0x0,
    0x25, 0x82, 0xda, 0x77, 0x58, 0xc0, 0x2c, 0x2c,
    0x0, 0x36, 0x40, 0x7c, 0x66, 0x1, 0x82, 0x43,
    0x88, 0x0, 0x81, 0x2c, 0x56, 0xee, 0x2, 0xb0,
    0x90, 0x8, 0xff, 0xe2, 0x7d, 0xb8, 0x5, 0x18,
    0x10, 0x9, 0xa2, 0xac, 0x9f, 0x6c, 0x88, 0xc1,
    0xc0, 0x1b, 0x14, 0x48, 0x57, 0x7d, 0xb4, 0xdd,
    0xca, 0xca, 0x15, 0xb7, 0x26, 0x47, 0x54, 0x4c,
    0x85, 0xa8, 0xf0, 0xf, 0x85, 0xa6, 0xc4, 0x2a,
    0x3, 0x80,

    /* U+8F93 "输" */
    0x0, 0xff, 0x8, 0x7, 0xce, 0x60, 0x1c, 0xbc,
    0x20, 0x1e, 0x94, 0x0, 0xc3, 0x61, 0x20, 0x1e,
    0x12, 0x0, 0x87, 0x46, 0xdd, 0xc0, 0x17, 0x78,
    0x57, 0xf9, 0x30, 0xed, 0x2e, 0x24, 0x1, 0xac,
    0x37, 0x64, 0xb2, 0xb, 0xfb, 0x6, 0xe6, 0x35,
    0x7a, 0x23, 0x4d, 0xcb, 0xbe, 0x74, 0x23, 0xa0,
    0x4, 0x74, 0xc7, 0xf2, 0x22, 0xbc, 0xa8, 0x24,
    0x6a, 0x49, 0x5, 0xd1, 0xec, 0x2, 0xd6, 0x30,
    0x0, 0x80, 0x2e, 0x83, 0xdc, 0x2, 0x59, 0x90,
    0xd4, 0x0, 0x3a, 0x40, 0x3f, 0xdb, 0x80, 0xd,
    0x80, 0xf, 0x24, 0x68, 0xb5, 0x80, 0x17, 0x40,
    0x3d, 0xe9, 0x43, 0x6e, 0x0, 0xb7, 0x0, 0xf5,
    0xe3, 0x80, 0x76, 0x40, 0x5c, 0x80, 0x7f, 0xc2,
    0x60, 0x62, 0x23, 0x0, 0xfc, 0x25, 0x2a, 0x10,
    0xc, 0x0,

    /* U+8FD0 "运" */
    0x0, 0x8, 0x7, 0xff, 0x12, 0xb4, 0x81, 0x59,
    0xbf, 0x8, 0x5, 0x6d, 0x83, 0x73, 0x3f, 0x88,
    0x3, 0x59, 0x2f, 0x7f, 0xfe, 0x30, 0xe, 0xc4,
    0x0, 0xff, 0xe2, 0x5e, 0xef, 0xf8, 0xc3, 0x3b,
    0x89, 0xd7, 0x70, 0x25, 0xdf, 0x10, 0x54, 0x88,
    0x95, 0x98, 0xa5, 0x8c, 0xdc, 0x20, 0xce, 0x1,
    0xde, 0x6a, 0xf0, 0x1, 0xff, 0x41, 0xf0, 0x13,
    0xc0, 0x7, 0xf2, 0xbd, 0x10, 0xb2, 0xba, 0x80,
    0x7c, 0x34, 0x17, 0xfd, 0x8a, 0x14, 0x20, 0x12,
    0x7, 0x8b, 0xab, 0x4d, 0xef, 0xf0, 0x20, 0x0,
    0xed, 0x11, 0x98, 0xa8, 0x64, 0x20, 0x1d, 0x50,
    0x2c, 0x4b, 0xc0, 0xbf, 0xee, 0xf6, 0x74, 0x94,
    0x58, 0x16, 0x62, 0xa2, 0x3f, 0x58,

    /* U+8FD1 "近" */
    0x1, 0x50, 0xf, 0xf3, 0x48, 0x4, 0xb4, 0xe0,
    0x18, 0x92, 0x2f, 0xe4, 0x88, 0x0, 0x4a, 0x83,
    0x0, 0x76, 0xdb, 0xc, 0xf5, 0x90, 0x4, 0xa9,
    0x0, 0x13, 0xff, 0x53, 0x8, 0x7, 0xaa, 0xc0,
    0x31, 0x9f, 0xc0, 0x3, 0x45, 0x30, 0x9, 0xf3,
    0x3e, 0x0, 0x7d, 0xdb, 0x0, 0x27, 0xdd, 0x48,
    0x5e, 0xe8, 0x1, 0x9f, 0x20, 0x1b, 0x88, 0xa0,
    0x62, 0x20, 0x7, 0xe1, 0x30, 0xf, 0xfe, 0x10,
    0x83, 0x0, 0x7f, 0xf0, 0x90, 0xc, 0x3, 0xff,
    0x85, 0xc6, 0x1, 0xff, 0xc0, 0xf0, 0x35, 0x90,
    0xf, 0xfa, 0x98, 0xb1, 0xdc, 0x1, 0x2c, 0x10,
    0x4, 0x5a, 0x99, 0xae, 0xdb, 0xdb, 0xac, 0xae,
    0xff, 0x59, 0x26, 0x18, 0x47, 0xdd, 0xa2, 0xee,
    0x89, 0x98,

    /* U+8FDE "连" */
    0x0, 0xfe, 0x50, 0xf, 0xe3, 0xc2, 0x0, 0xc9,
    0x42, 0x1, 0xf8, 0x83, 0x4, 0x4e, 0xef, 0x6,
    0x77, 0xcc, 0x1, 0xe, 0x85, 0x15, 0x51, 0x6,
    0xab, 0xc0, 0x18, 0x6b, 0x8f, 0x78, 0x33, 0xa3,
    0x76, 0xc0, 0xe, 0x45, 0x0, 0x4a, 0x15, 0xc0,
    0x7, 0xd9, 0x92, 0x80, 0xa8, 0xb9, 0x99, 0xde,
    0x10, 0x9, 0x10, 0x64, 0x6, 0x29, 0x28, 0x33,
    0x31, 0x0, 0x51, 0x1, 0x0, 0x17, 0x74, 0xe5,
    0xdd, 0x18, 0x7, 0xc4, 0xab, 0x8c, 0xca, 0xb8,
    0xc0, 0x3c, 0xb5, 0x59, 0x6, 0xab, 0x80, 0x3c,
    0xff, 0xf9, 0xcb, 0xff, 0x48, 0x6, 0x10, 0xf,
    0xfe, 0x18, 0xe0, 0xc3, 0x0, 0x7f, 0xf0, 0x7,
    0x7, 0xe6, 0x5b, 0xc, 0xbb, 0xa, 0xb9, 0x80,
    0x53, 0x5, 0xb9, 0x55, 0x35, 0x5f, 0x68, 0x0,

    /* U+90AE "邮" */
    0x0, 0x8f, 0xc8, 0x3, 0x19, 0xf0, 0x7, 0xf9,
    0x33, 0x38, 0x80, 0x3f, 0xed, 0xe7, 0x12, 0x5e,
    0xe6, 0x6, 0x77, 0x10, 0x0, 0x62, 0xcc, 0x3,
    0x18, 0x70, 0x99, 0x8, 0x6, 0x51, 0x90, 0x9,
    0xac, 0x15, 0x80, 0x3a, 0x54, 0x40, 0x3f, 0xf8,
    0x4, 0x66, 0x0, 0xcb, 0x60, 0xae, 0x1, 0x8a,
    0x19, 0x0, 0x2a, 0x70, 0x89, 0x0, 0xe7, 0x49,
    0x0, 0xbf, 0x3, 0x78, 0x3, 0xd0, 0x46, 0x1,
    0xff, 0xc1, 0x30, 0x60, 0xf, 0xf8, 0xd1, 0xc1,
    0x80, 0x1f, 0x81, 0xbc, 0x1, 0xd7, 0xe, 0x60,
    0xa, 0xad, 0x20, 0x18, 0xfb, 0xe0, 0x9, 0x95,
    0x73, 0x2b, 0x0, 0x42, 0x1, 0x24, 0x80, 0x75,
    0x10, 0x7, 0xc0,

    /* U+91C7 "采" */
    0x0, 0xff, 0xe0, 0xa, 0xdb, 0x0, 0x63, 0x44,
    0x2b, 0x3c, 0x56, 0x77, 0x28, 0x48, 0x3, 0x55,
    0xda, 0xa6, 0x48, 0x29, 0x19, 0x8d, 0x40, 0xd,
    0x31, 0x3f, 0xec, 0xe, 0x86, 0x3a, 0xa0, 0x7,
    0x86, 0x50, 0x9, 0x6c, 0x40, 0x9a, 0xc0, 0x3c,
    0xcc, 0x90, 0x4, 0xb, 0x8f, 0x9b, 0x0, 0x7d,
    0x6, 0x60, 0x26, 0x40, 0x5d, 0x0, 0xfc, 0x3c,
    0x61, 0x24, 0x41, 0x81, 0x0, 0xf7, 0xff, 0x95,
    0x3f, 0xfc, 0x60, 0x15, 0x56, 0x80, 0xc, 0xd5,
    0x58, 0x80, 0x25, 0x5d, 0x66, 0xa8, 0x6e, 0xe5,
    0x58, 0x40, 0x38, 0xf4, 0x74, 0x1, 0xa7, 0x8a,
    0x1, 0xe2, 0x9c, 0x6c, 0x10, 0x0, 0xe2, 0xd6,
    0x20, 0x5, 0x5a, 0xf3, 0x62, 0x1, 0x86, 0xec,
    0x17, 0xc0, 0xe, 0x9e, 0x60, 0xf, 0xc9, 0x98,
    0xa0, 0x2, 0x30, 0x7, 0xff, 0x0, 0xd0, 0x0,

    /* U+91CD "重" */
    0x0, 0xf8, 0x48, 0xda, 0x2f, 0x88, 0x2, 0x5f,
    0xfe, 0xed, 0xcb, 0x33, 0x59, 0x80, 0x4f, 0x32,
    0xaa, 0x5a, 0x8e, 0xfc, 0xd3, 0x98, 0x0, 0xb6,
    0x65, 0x54, 0xb5, 0x1d, 0xdf, 0x38, 0x16, 0x67,
    0x98, 0x73, 0x3c, 0xc0, 0x3, 0x5c, 0xcc, 0xc3,
    0x99, 0xbc, 0xc4, 0x2, 0x10, 0xaa, 0x94, 0x6a,
    0xa4, 0x10, 0xf, 0x84, 0x60, 0x0, 0x8e, 0x0,
    0xfd, 0x77, 0x28, 0xdd, 0xca, 0x1, 0xf0, 0xff,
    0xce, 0x5f, 0xf3, 0x80, 0x7c, 0x3f, 0xf3, 0x97,
    0xfc, 0xe0, 0x1e, 0x6c, 0xcc, 0xc3, 0x99, 0xbc,
    0x3, 0xbf, 0x33, 0x30, 0xe6, 0x6d, 0x10, 0xd,
    0x57, 0x79, 0x46, 0xef, 0x84, 0x0, 0x6a, 0x23,
    0xc0, 0x1, 0x1e, 0x55, 0x7, 0xd5, 0x79, 0x46,
    0xab, 0xe0,

    /* U+91CF "量" */
    0x0, 0x84, 0xcf, 0xfc, 0x1, 0xf2, 0x66, 0x7f,
    0x8c, 0x3, 0xf4, 0x47, 0xce, 0x1, 0xfe, 0xff,
    0xf8, 0x40, 0x3f, 0xcc, 0xdf, 0x38, 0x7, 0x84,
    0xc5, 0xd9, 0xbf, 0x3b, 0x8c, 0x40, 0xf, 0x96,
    0xef, 0xfe, 0xbc, 0x40, 0x3, 0xe4, 0x3b, 0xff,
    0xa3, 0x10, 0x0, 0x27, 0x4e, 0xcd, 0x3b, 0x99,
    0xa7, 0xa3, 0x10, 0xe, 0x27, 0x78, 0x49, 0xde,
    0x20, 0xf, 0xcd, 0xff, 0x18, 0xff, 0xcc, 0x1,
    0xf9, 0x26, 0x62, 0x39, 0x99, 0x0, 0x3c, 0x68,
    0xcd, 0x88, 0x8c, 0xd9, 0x10, 0x1, 0x9c, 0x3,
    0xff, 0x89, 0xf6, 0xcd, 0xc4, 0x46, 0x6e, 0xbf,
    0x0, 0x55, 0x7f, 0xf1, 0x0,

    /* U+94AE "钮" */
    0x0, 0x8a, 0x40, 0x3f, 0xf8, 0x8e, 0xc2, 0x0,
    0x6c, 0xcf, 0x88, 0x3, 0x68, 0x22, 0xa2, 0xa3,
    0x1a, 0x21, 0x8c, 0x3, 0x94, 0x2a, 0x92, 0x71,
    0x81, 0x10, 0xf0, 0x30, 0x9, 0x4a, 0xbf, 0xda,
    0x0, 0x10, 0x8, 0xc0, 0x30, 0xd8, 0x57, 0xfa,
    0x0, 0x1e, 0x20, 0x18, 0x40, 0x1a, 0x32, 0x29,
    0x56, 0x0, 0x13, 0x0, 0x8, 0x6, 0x8c, 0x63,
    0x32, 0x9b, 0xe3, 0x96, 0x62, 0x44, 0x2, 0x1d,
    0xe2, 0x7e, 0xc3, 0x43, 0x54, 0x41, 0x0, 0x67,
    0x88, 0xa, 0x44, 0xa4, 0x37, 0x44, 0x14, 0xc0,
    0x22, 0x66, 0x19, 0x99, 0x40, 0xc, 0xc0, 0x1,
    0x88, 0x7, 0xff, 0x0, 0xcc, 0x0, 0x17, 0x0,
    0xf8, 0x5b, 0x40, 0x2, 0x20, 0x3, 0x80, 0x7c,
    0x4d, 0x28, 0x1, 0xe1, 0x10, 0x7, 0x99, 0x9c,
    0x9f, 0xe0, 0xff, 0x89, 0x7c, 0x80, 0x34, 0xc8,
    0x62, 0xab, 0xf8, 0x80,

    /* U+94FE "链" */
    0x0, 0xa5, 0x0, 0x3d, 0x8a, 0x1, 0xf3, 0x60,
    0x21, 0x80, 0x4, 0xc4, 0x3, 0xc6, 0x1e, 0xb9,
    0xa5, 0xfc, 0x17, 0xff, 0x10, 0x2, 0x82, 0x2b,
    0x4e, 0xa4, 0xca, 0x67, 0x10, 0x1, 0xdb, 0xb8,
    0xb6, 0x4c, 0x54, 0x2a, 0xcc, 0x0, 0x40, 0xad,
    0x51, 0xda, 0x90, 0x56, 0x50, 0x2, 0x37, 0x33,
    0x0, 0xf9, 0xf, 0x8a, 0x8e, 0x3b, 0x88, 0x5b,
    0xc2, 0x3d, 0xf5, 0x80, 0xe8, 0x16, 0xa8, 0xc5,
    0xd4, 0x13, 0x92, 0x0, 0xbd, 0xd0, 0xce, 0xe9,
    0x3, 0x10, 0x1d, 0x4c, 0x3d, 0x56, 0x1d, 0x55,
    0x10, 0x5f, 0x7, 0x62, 0x80, 0x2a, 0xa0, 0x5a,
    0xa2, 0x80, 0x78, 0x43, 0xff, 0xc, 0x7f, 0x9c,
    0x3, 0x5e, 0xb0, 0x78, 0x7, 0xf9, 0x81, 0xdb,
    0xc1, 0xc8, 0x3, 0xf9, 0xc6, 0xb1, 0xd9, 0x9b,
    0x2d, 0x64, 0x88, 0x50, 0x1, 0x7a, 0xe2, 0xcc,
    0xa8, 0xa2, 0xa9, 0x76, 0xf0, 0x8, 0x42, 0xe8,
    0x0, 0xb7, 0xdf, 0xfa, 0x80,

    /* U+95F2 "闲" */
    0x0, 0x34, 0x0, 0x7f, 0xf0, 0x4d, 0xe8, 0x3b,
    0xff, 0xee, 0x0, 0x2d, 0x2a, 0x55, 0x7c, 0xa0,
    0xf, 0x45, 0xb4, 0x45, 0x9a, 0xae, 0xd0, 0x10,
    0x10, 0x40, 0x8, 0x40, 0x3f, 0xa2, 0x66, 0x1b,
    0x99, 0x9c, 0x3, 0x8d, 0x54, 0xc0, 0x2a, 0xb7,
    0x0, 0x75, 0xe6, 0x90, 0xbc, 0x66, 0x24, 0x3,
    0xea, 0xa0, 0x25, 0xc0, 0x7, 0xe8, 0x57, 0x9,
    0x87, 0x80, 0xf, 0x53, 0xe8, 0x4, 0xec, 0xe6,
    0x1, 0x8d, 0xec, 0xc0, 0x34, 0xd9, 0x80, 0x63,
    0xd4, 0x0, 0xf2, 0x0, 0x7f, 0xf3, 0x69, 0x40,
    0x4, 0xba, 0x1, 0xf9, 0x8, 0x0, 0x34, 0xae,

    /* U+95F4 "间" */
    0x0, 0x33, 0x80, 0x7f, 0xf0, 0x4a, 0x24, 0x1,
    0xff, 0xf3, 0x0, 0x12, 0xd9, 0x81, 0x55, 0xe0,
    0x12, 0xe2, 0x4a, 0x70, 0x55, 0xf0, 0x80, 0x88,
    0x0, 0x28, 0xab, 0xc0, 0x1f, 0xaa, 0xbe, 0x10,
    0xf, 0xd1, 0xff, 0x58, 0x7, 0xfb, 0x8c, 0xe2,
    0x0, 0xff, 0x36, 0x65, 0x20, 0x1f, 0xe7, 0xee,
    0xa8, 0x3, 0xfd, 0xe2, 0x38, 0x3, 0xfd, 0xac,
    0xd6, 0x0, 0x7f, 0x96, 0x66, 0x70, 0xf, 0xe7,
    0xbf, 0xfb, 0x54, 0x3, 0xf4, 0xa0, 0x4, 0x54,
    0x64, 0x22, 0x0, 0xff, 0x97, 0x49, 0xf, 0xc8,
    0x3, 0xf3, 0xfe, 0x90,

    /* U+961F "队" */
    0x3, 0x3e, 0x20, 0x2, 0xf0, 0x7, 0x8f, 0x33,
    0xa0, 0x0, 0x62, 0x1, 0xfa, 0xfa, 0xc3, 0xc0,
    0x6, 0x1, 0xfc, 0xe3, 0xe6, 0xa0, 0x3, 0x0,
    0xff, 0x32, 0x70, 0x6, 0x10, 0xf, 0xcd, 0x30,
    0x40, 0x10, 0x80, 0x7f, 0x32, 0x48, 0x80, 0x5e,
    0x1, 0xfe, 0xb2, 0xd0, 0x8, 0x84, 0xc0, 0x3f,
    0xb4, 0xd4, 0x0, 0x81, 0x40, 0x1f, 0xc2, 0xde,
    0x8, 0x2e, 0xc2, 0x1, 0xf8, 0x48, 0x1, 0xe5,
    0x3, 0x20, 0x1e, 0x7f, 0xe5, 0x87, 0x48, 0x6,
    0x72, 0x0, 0xe7, 0xaa, 0x73, 0xc2, 0x28, 0x40,
    0xf0, 0x7, 0x95, 0x4f, 0x47, 0x60, 0x15, 0x1c,
    0x80, 0x7a, 0xa1, 0x34, 0x3, 0x24, 0x34, 0x0,
    0x71, 0xbd, 0x88, 0x7, 0x3b, 0x80, 0x7, 0xe6,
    0x13, 0x0, 0x1f, 0xa2, 0x0,

    /* U+964D "降" */
    0x0, 0xff, 0xe3, 0x8, 0xe0, 0xa, 0xa8, 0x1,
    0xf1, 0xf7, 0x68, 0x1, 0x51, 0x55, 0xc2, 0x1,
    0xaa, 0xc3, 0x42, 0x1, 0x2a, 0xb2, 0x0, 0x66,
    0xc1, 0x54, 0x60, 0x4f, 0xf1, 0x92, 0x80, 0x73,
    0x49, 0xd2, 0x62, 0x46, 0xf, 0x80, 0x75, 0x8b,
    0xa1, 0x59, 0xab, 0x9f, 0x90, 0x7, 0xc6, 0xfd,
    0x1c, 0xac, 0x3e, 0xa0, 0x1d, 0x6d, 0xd9, 0xac,
    0xce, 0x28, 0x7a, 0xfa, 0x0, 0xd0, 0x4a, 0xf7,
    0x8a, 0x9f, 0xd2, 0xda, 0x1, 0x84, 0x85, 0x6a,
    0xec, 0xd, 0x73, 0xce, 0x1, 0x5a, 0x97, 0xd0,
    0x7f, 0x82, 0x3f, 0xce, 0x1, 0x8e, 0x8d, 0x80,
    0x3f, 0xf8, 0x31, 0xf9, 0x50, 0x1f, 0xe0, 0x8f,
    0xf9, 0x80, 0x3d, 0x15, 0x58, 0x16, 0xaa, 0x40,
    0xf, 0x1a, 0xae, 0xd, 0x55, 0x88, 0x3, 0xff,
    0x8c, 0x7e, 0x60, 0x1f, 0x7b, 0x80, 0x70,

    /* U+96C6 "集" */
    0x0, 0x92, 0xc0, 0x23, 0xb1, 0x0, 0xfe, 0x80,
    0x22, 0xa9, 0xc, 0x8b, 0x0, 0x67, 0x34, 0xdd,
    0x98, 0x37, 0x78, 0x2, 0x38, 0xc, 0xca, 0xc2,
    0x33, 0x36, 0x80, 0x13, 0x44, 0x33, 0x2b, 0x8,
    0xcc, 0xb4, 0x80, 0x2, 0xf0, 0x17, 0x75, 0x3,
    0xdd, 0xd4, 0x1, 0x2c, 0x80, 0x2e, 0xea, 0x7,
    0xbb, 0xc0, 0x1f, 0x66, 0x60, 0x8c, 0xcc, 0x1,
    0xf6, 0x66, 0x8, 0xcc, 0xde, 0x80, 0x1d, 0x77,
    0x39, 0xdd, 0xf9, 0x40, 0xd, 0xca, 0x45, 0x19,
    0x17, 0xca, 0x3, 0xc, 0x91, 0x9, 0x41, 0x99,
    0x44, 0x6d, 0x1, 0xee, 0xa8, 0xc5, 0x45, 0x42,
    0x3b, 0xa9, 0x0, 0x13, 0x65, 0xbf, 0xe8, 0x54,
    0x4f, 0x42, 0x8, 0x4e, 0xda, 0x6d, 0x8, 0x4,
    0xff, 0x7, 0x7c, 0x53, 0xdb, 0x4, 0x1, 0xf3,
    0x5f, 0xf1, 0x0,

    /* U+96E8 "雨" */
    0x8f, 0xff, 0xfe, 0x1d, 0x57, 0xca, 0x35, 0x5e,
    0xb2, 0x55, 0xf6, 0x82, 0xaf, 0x90, 0x1b, 0xff,
    0xa0, 0x7f, 0xfb, 0x40, 0x2, 0x13, 0x39, 0x46,
    0x67, 0x29, 0x80, 0x42, 0x48, 0xcc, 0xd0, 0x74,
    0x66, 0x68, 0x6, 0x19, 0xdc, 0x30, 0x5, 0x6e,
    0x20, 0x7, 0xe, 0xd8, 0x67, 0x5, 0xe3, 0xde,
    0x80, 0x79, 0x33, 0x1c, 0x0, 0x3b, 0xcd, 0x0,
    0xea, 0xa1, 0x98, 0x1, 0x32, 0x33, 0x0, 0x7b,
    0x1b, 0x27, 0xc3, 0xd7, 0x2b, 0xc0, 0x39, 0xb2,
    0x5c, 0x41, 0xb2, 0x98, 0x3, 0xf3, 0x77, 0x0,
    0x25, 0xcf, 0x0, 0xff, 0xe0, 0xb2, 0xe1, 0x80,
    0x7e, 0x48, 0x0, 0x55, 0x16, 0xc0,

    /* U+96EA "雪" */
    0x2, 0x66, 0xff, 0xe0, 0x8, 0x1, 0xe2, 0x3a,
    0x65, 0x11, 0xca, 0x0, 0x4f, 0xfe, 0x18, 0xff,
    0xe5, 0x4, 0xee, 0xf0, 0xc7, 0x77, 0x80, 0x2c,
    0xdd, 0xc2, 0xfb, 0xba, 0x40, 0x32, 0xee, 0xc8,
    0x1f, 0x9b, 0xb0, 0x7, 0x26, 0xec, 0xe0, 0xc,
    0xdd, 0x8c, 0x0, 0x9c, 0xdb, 0xb2, 0x0, 0x3f,
    0x76, 0x4e, 0x0, 0xa, 0xe6, 0x48, 0x63, 0xd9,
    0x90, 0x88, 0x0, 0x4c, 0x89, 0x35, 0xa, 0x26,
    0x60, 0x9, 0xa6, 0x7f, 0xe8, 0x0, 0x93, 0x6e,
    0xff, 0x90, 0x3, 0xae, 0xab, 0xf9, 0x40, 0x3a,
    0x3f, 0xff, 0xa0, 0x3, 0x27, 0xff, 0xfa, 0x0,
    0x32, 0xd5, 0x7f, 0x94, 0x2,

    /* U+96F7 "雷" */
    0x0, 0x11, 0x7f, 0xf0, 0x4, 0x0, 0x5b, 0xbf,
    0xfc, 0x6, 0x0, 0x1e, 0x67, 0x38, 0x66, 0x72,
    0x80, 0xf6, 0x67, 0x38, 0x66, 0x76, 0xb8, 0x2,
    0x67, 0x53, 0x8e, 0x4c, 0xd6, 0x20, 0x10, 0xc4,
    0x53, 0xe0, 0xd1, 0x11, 0x80, 0x63, 0xcc, 0xb8,
    0x0, 0x99, 0x93, 0x0, 0x7, 0xdf, 0x76, 0xf0,
    0x3, 0xee, 0xd3, 0xce, 0x0, 0x1c, 0xcb, 0x8a,
    0x57, 0x32, 0xb0, 0xd, 0xf9, 0x9a, 0xa3, 0x33,
    0x88, 0x3, 0x2f, 0xfd, 0x3, 0xff, 0x58, 0x7,
    0x97, 0xfe, 0x81, 0xff, 0xac, 0x3, 0xc9, 0x77,
    0x30, 0x5d, 0xd0, 0x1, 0xf3, 0xbc, 0x22, 0x77,
    0x84, 0x3, 0xc9, 0x99, 0x38, 0xe6, 0x52, 0x1,
    0xe5, 0xff, 0xfd, 0x60, 0x1d, 0xb4, 0x1, 0xf9,
    0x3c, 0x80,

    /* U+96FE "雾" */
    0x0, 0x8, 0xff, 0xf0, 0x80, 0x21, 0xee, 0xff,
    0xe0, 0xf8, 0x4, 0x4a, 0xbe, 0x3, 0x55, 0xe7,
    0x10, 0x2, 0x28, 0x8f, 0x0, 0x4, 0x79, 0x88,
    0x2, 0x13, 0x44, 0x84, 0x56, 0x89, 0x8c, 0x3,
    0x1b, 0xeb, 0x35, 0x80, 0x2c, 0xdb, 0x54, 0x40,
    0x9, 0x2d, 0x9e, 0xc2, 0xcb, 0x99, 0x9e, 0x88,
    0x3, 0x1b, 0x50, 0x43, 0xe5, 0x55, 0x24, 0x1,
    0xd3, 0xb8, 0x40, 0x95, 0x26, 0x3, 0x0, 0x1e,
    0x15, 0xce, 0x84, 0xa9, 0x36, 0xf4, 0x0, 0xeb,
    0x54, 0xee, 0x40, 0x9, 0x83, 0x77, 0xf6, 0xd8,
    0x2, 0x11, 0xd9, 0x1e, 0xc5, 0x32, 0x9d, 0x59,
    0x20, 0x0, 0x72, 0x8, 0xaf, 0x60, 0xf9, 0x4e,
    0xb3, 0x23, 0x0, 0xd7, 0xfe, 0x80, 0xaf, 0xf9,
    0xc0, 0x40, 0x30, 0xa3, 0x57, 0x44, 0xa8, 0xaa,
    0x2a, 0x0, 0x71, 0xdc, 0xc, 0xf3, 0x0, 0xd5,
    0x84, 0x0, 0x71, 0x7f, 0x5b, 0x88, 0x5, 0xfe,
    0xd3, 0x0, 0xc0,

    /* U+9760 "靠" */
    0x0, 0xc2, 0x1, 0x11, 0x80, 0x7f, 0x8b, 0x8c,
    0x1, 0x10, 0x0, 0xfe, 0x2f, 0xc, 0xff, 0x2a,
    0x7f, 0xe7, 0x0, 0xc8, 0x17, 0x78, 0xcd, 0x77,
    0x94, 0x2, 0x88, 0x1d, 0x56, 0x33, 0x55, 0x6c,
    0xe1, 0xb, 0x88, 0xf2, 0x22, 0x23, 0xc2, 0x6,
    0xcc, 0x99, 0xc8, 0x89, 0x9c, 0x8c, 0x1, 0x84,
    0x1e, 0xef, 0xd0, 0x1, 0xfc, 0xf7, 0x7e, 0x80,
    0xf, 0x86, 0xed, 0x41, 0x34, 0x11, 0x76, 0x20,
    0x8, 0x7f, 0xd7, 0x6a, 0x5, 0x40, 0x8b, 0xb7,
    0xf8, 0x80, 0x6e, 0xf5, 0x0, 0x68, 0xbb, 0xc4,
    0x0, 0x6a, 0xaa, 0xc0, 0x40, 0x11, 0x77, 0x68,
    0x4, 0x57, 0x73, 0x1, 0x0, 0x23, 0x32, 0xb0,
    0x19, 0xa9, 0x8b, 0x74, 0x0, 0xa3, 0x32, 0xd9,
    0x11, 0x1d, 0xc3, 0x84, 0x0, 0x51, 0x77, 0xc1,
    0x12, 0xee, 0x4a, 0x30, 0x8, 0xd1, 0x31, 0x0,
    0x62, 0xd5, 0x0, 0xf, 0xa0, 0x7, 0x0,

    /* U+9762 "面" */
    0x11, 0xff, 0xe1, 0x87, 0xf7, 0x7f, 0xf0, 0x9f,
    0x33, 0xe4, 0x3c, 0xcf, 0x31, 0x19, 0xf9, 0x50,
    0xcf, 0xc2, 0x19, 0xff, 0xc2, 0xff, 0xfd, 0x0,
    0x1, 0x4a, 0xa0, 0x35, 0x51, 0xa, 0xa8, 0x20,
    0x18, 0xd5, 0x41, 0xea, 0xa2, 0x15, 0x51, 0x80,
    0x7e, 0x9f, 0xf3, 0x0, 0x7f, 0xf0, 0x1a, 0xa8,
    0x80, 0x1f, 0xfc, 0xf, 0x55, 0x10, 0x7, 0xff,
    0x2, 0x7f, 0xcc, 0x1, 0xff, 0xc0, 0x6a, 0xa2,
    0x0, 0x7f, 0xf0, 0x3d, 0x54, 0x40, 0x1f, 0x89,
    0x10, 0x1c, 0x88, 0x21, 0x44, 0x18, 0x6, 0x5b,
    0xb0, 0x3d, 0xd9, 0xa, 0xec, 0x20, 0x19, 0xff,
    0xff, 0xc4, 0x1, 0x7c, 0x80, 0x7f, 0xb6, 0x0,

    /* U+97F3 "音" */
    0x0, 0xf8, 0x40, 0x3f, 0xf8, 0x7e, 0xe0, 0x1f,
    0x8d, 0x57, 0x83, 0x55, 0x78, 0x40, 0x11, 0x55,
    0xc2, 0xb5, 0x5c, 0x40, 0xb, 0xf9, 0x3e, 0xff,
    0xcc, 0xbf, 0xe3, 0x0, 0xce, 0x18, 0x1, 0x1b,
    0x68, 0x7, 0xc3, 0xa6, 0xe0, 0x3a, 0x6e, 0x1,
    0xbb, 0xfe, 0xe1, 0x8f, 0xe1, 0x3f, 0xfc, 0xf7,
    0x55, 0xff, 0xc2, 0x55, 0xc6, 0x7f, 0xc2, 0xaa,
    0x20, 0x0, 0xcc, 0x47, 0xd3, 0xa0, 0x1f, 0x47,
    0x77, 0x88, 0x3, 0xf4, 0xff, 0xf8, 0x80, 0x3f,
    0x35, 0x57, 0x84, 0x3, 0xf0, 0xb3, 0x78, 0x3,
    0xf9, 0xf3, 0x3c, 0x20, 0x1f, 0xa3, 0xbb, 0xc4,
    0x1, 0xe1, 0xf7, 0x11, 0xf6, 0xc8, 0x4,

    /* U+9875 "页" */
    0xaf, 0xff, 0xfe, 0x10, 0xcd, 0x57, 0x48, 0x3d,
    0x57, 0x84, 0xd5, 0x78, 0x45, 0xa, 0xbe, 0x0,
    0xd9, 0xdc, 0x81, 0xee, 0xd0, 0x1, 0xe1, 0x4b,
    0xaa, 0x5d, 0xc6, 0x20, 0x1f, 0x12, 0xaa, 0x4d,
    0x54, 0x20, 0x1f, 0xf0, 0x88, 0x3, 0xff, 0x84,
    0x42, 0x1, 0xff, 0xc1, 0x20, 0x20, 0xf, 0xfe,
    0xd, 0x2, 0x0, 0x7f, 0xf0, 0x5, 0x95, 0x98,
    0x1, 0xfd, 0xf5, 0xa1, 0x19, 0x3d, 0x32, 0x0,
    0xf2, 0x61, 0xe9, 0x56, 0xad, 0x40, 0x4, 0xd7,
    0xf2, 0xba, 0x60, 0x2, 0xb7, 0x74, 0x80, 0xc,
    0x23, 0x6c, 0x80, 0x3a, 0x20, 0xa0, 0x5, 0xb7,
    0x20, 0xf, 0xcf, 0x80, 0x0,

    /* U+9891 "频" */
    0x0, 0xc3, 0xa4, 0x2, 0x3f, 0xc0, 0x12, 0x99,
    0x88, 0x42, 0xbb, 0xbe, 0xa0, 0xa, 0x6c, 0x1,
    0x15, 0xfb, 0xaa, 0xb, 0xdd, 0x50, 0x7, 0xc2,
    0x6c, 0x66, 0xd1, 0x53, 0x30, 0x80, 0x7d, 0x32,
    0x2e, 0xe3, 0x8f, 0x74, 0x1, 0x29, 0x1a, 0x85,
    0xb2, 0x3, 0xe6, 0x50, 0x1, 0xa0, 0x16, 0x45,
    0xa3, 0x3, 0x8e, 0x4, 0x80, 0x36, 0xff, 0xa8,
    0xfb, 0x90, 0x1, 0x23, 0x0, 0x7a, 0x74, 0x48,
    0x31, 0x80, 0x2, 0xe, 0x1, 0xe6, 0xb0, 0x0,
    0x99, 0x0, 0xc, 0x3, 0xe8, 0x16, 0x0, 0x48,
    0xa0, 0x1, 0x80, 0x80, 0x38, 0x64, 0x40, 0xf,
    0x20, 0x16, 0x90, 0x80, 0x74, 0xb0, 0x21, 0x1b,
    0x85, 0x1b, 0x54, 0x85, 0x0, 0x71, 0x61, 0xe8,
    0x1, 0xac, 0xd8, 0xeb, 0x40, 0x22, 0x9d, 0x1f,
    0x12, 0x9c, 0x2d, 0x1a, 0xa3, 0xd0, 0x3, 0x9e,
    0x70, 0x42, 0x5e, 0x70, 0x40, 0xb, 0x40, 0x16,
    0x73, 0x0, 0x57, 0xcc, 0x1, 0xcb, 0x40,

    /* U+9897 "颗" */
    0x0, 0x19, 0xf8, 0x80, 0x3f, 0x8f, 0x33, 0xd1,
    0xff, 0xf4, 0x80, 0x58, 0xc5, 0xc4, 0x77, 0x69,
    0xa, 0xbb, 0x80, 0x2a, 0x53, 0x93, 0x15, 0x6f,
    0x17, 0x66, 0x10, 0x4, 0x84, 0x28, 0x21, 0x5a,
    0xc3, 0xba, 0xc0, 0xd, 0xec, 0x58, 0x40, 0x4,
    0xc8, 0xc7, 0x0, 0xef, 0x62, 0xd2, 0x0, 0x8,
    0x40, 0x78, 0x4, 0x53, 0x6a, 0x37, 0x36, 0x1,
    0xf8, 0x7a, 0x64, 0x83, 0x32, 0xf0, 0xf, 0xc3,
    0x54, 0x20, 0x1a, 0xa4, 0x0, 0x61, 0x0, 0xca,
    0x84, 0x43, 0xf, 0x40, 0xc, 0x60, 0x1d, 0x44,
    0xa0, 0xea, 0xc0, 0x5, 0x1, 0x0, 0xd2, 0x9c,
    0x0, 0x26, 0xa8, 0x9b, 0x56, 0x1a, 0x4, 0x6a,
    0x30, 0xa, 0xf4, 0xe0, 0xa7, 0xa4, 0xc1, 0x39,
    0x40, 0x31, 0x3e, 0xa5, 0x9c, 0x54, 0x30, 0x8,
    0x7, 0xbd, 0xf5, 0x0, 0xa, 0xe2,

    /* U+98CE "风" */
    0x0, 0x8c, 0xff, 0xe0, 0xf, 0xb3, 0x3f, 0xda,
    0x1, 0xfa, 0x3b, 0xbe, 0x70, 0xf, 0xf0, 0x8f,
    0x83, 0xc0, 0x3f, 0xd4, 0x60, 0x13, 0xf8, 0x7,
    0xfc, 0x78, 0x80, 0x9, 0x61, 0x0, 0xff, 0x4b,
    0x59, 0xc0, 0xc8, 0x7, 0xff, 0x2, 0x53, 0x5e,
    0x4, 0x4, 0x3, 0xf0, 0x80, 0x2c, 0x41, 0xc0,
    0xc0, 0x3f, 0x8c, 0x1, 0x0, 0x8, 0x1, 0x1,
    0x0, 0xe2, 0x6, 0x6, 0x7a, 0x87, 0x25, 0x2,
    0x0, 0xe4, 0x3, 0x49, 0x75, 0x72, 0x91, 0x4,
    0x0, 0xea, 0x45, 0xb5, 0x80, 0x5, 0xa1, 0xa5,
    0x80, 0x64, 0x3e, 0x35, 0xa0, 0x9, 0x8c, 0x34,
    0xd6, 0xc0, 0x68, 0x95, 0xa8, 0x3, 0xb0, 0xd8,
    0x69, 0x0, 0x8f, 0xc0, 0x3f, 0xed, 0x18, 0x3,
    0xd2, 0x0, 0xff, 0x8f, 0x9c, 0x0,

    /* U+98DF "食" */
    0x0, 0xff, 0xe6, 0xeb, 0x0, 0x7f, 0xf0, 0xa8,
    0xa0, 0x80, 0x3f, 0xf8, 0x14, 0xb6, 0x58, 0x60,
    0x1f, 0xc9, 0xab, 0x89, 0xab, 0x8e, 0x1, 0xe2,
    0xab, 0x1d, 0x3e, 0x6b, 0x78, 0xd5, 0x0, 0x16,
    0x6a, 0x9c, 0xba, 0x8e, 0xae, 0xb9, 0xd7, 0x39,
    0x34, 0x79, 0x55, 0x40, 0xb5, 0x47, 0x9b, 0x51,
    0xa, 0x70, 0x4, 0x77, 0x78, 0x0, 0x96, 0xc0,
    0x1d, 0x1d, 0xde, 0x0, 0xff, 0x47, 0x77, 0x84,
    0x3, 0xfa, 0x3b, 0xbc, 0x20, 0x1f, 0xcb, 0x54,
    0x12, 0xaa, 0x84, 0x3, 0xf6, 0xaa, 0xb4, 0xa4,
    0x7a, 0x48, 0x3, 0xfc, 0x7a, 0x36, 0x96, 0x40,
    0x18, 0x94, 0x72, 0x6f, 0x47, 0x60, 0x6e, 0xcc,
    0x40, 0x6, 0xa0, 0x62, 0x25, 0x10, 0x3f, 0x50,
    0xcb, 0x80, 0x13, 0x7f, 0x6e, 0x5c, 0x40, 0x25,
    0xaf, 0x50,

    /* U+9996 "首" */
    0x0, 0x8f, 0x10, 0x3, 0xa5, 0x80, 0x3c, 0x6f,
    0x66, 0x1, 0x23, 0x0, 0x73, 0x35, 0xa1, 0xec,
    0xd5, 0x8, 0x33, 0x14, 0x66, 0x70, 0x1c, 0xcc,
    0x22, 0x99, 0xa0, 0x7f, 0xfd, 0x41, 0xbf, 0xfd,
    0xa0, 0x16, 0x77, 0x54, 0x19, 0xdd, 0x48, 0x7,
    0x12, 0xc4, 0x26, 0x51, 0x11, 0x98, 0x3, 0xc6,
    0xcd, 0xf8, 0x3, 0xe7, 0xff, 0xf9, 0x0, 0x3e,
    0x5a, 0xaf, 0x88, 0x3, 0xe2, 0x44, 0xf8, 0x40,
    0x3e, 0x7e, 0xef, 0x8c, 0x3, 0xe5, 0xbb, 0xf8,
    0xc0, 0x3e, 0x25, 0x5f, 0x80, 0x3f, 0x3f, 0x77,
    0xc6, 0x1, 0xf3, 0x66, 0x7c, 0x60, 0x1e, 0xe9,
    0x33, 0xfb, 0x28, 0x0,

    /* U+9A8C "验" */
    0x0, 0xff, 0xe3, 0x11, 0x70, 0x6, 0x3d, 0x10,
    0xe, 0xfd, 0xdc, 0x40, 0x14, 0x90, 0x80, 0x77,
    0xd6, 0xd0, 0x18, 0x0, 0x94, 0xa4, 0x3, 0x8a,
    0x91, 0x80, 0x40, 0x1c, 0x98, 0xca, 0x1, 0xe3,
    0x0, 0xd2, 0x52, 0x31, 0x46, 0x1, 0x10, 0xb,
    0x8, 0xad, 0x91, 0xc, 0x22, 0xc4, 0x0, 0x30,
    0x29, 0x12, 0xd4, 0x96, 0x66, 0x14, 0xb6, 0x3,
    0x4, 0xc0, 0xff, 0x6d, 0xcf, 0xfb, 0xaa, 0x8c,
    0x1e, 0x14, 0x87, 0xd2, 0xa3, 0x22, 0x9, 0xca,
    0x0, 0x8f, 0xf9, 0xc4, 0x56, 0xa2, 0xc1, 0xa4,
    0x1, 0xcb, 0x44, 0x4b, 0x15, 0x6b, 0x3, 0x40,
    0x0, 0xcf, 0x51, 0xb7, 0x91, 0xfe, 0x30, 0x26,
    0x0, 0x5, 0x1f, 0x64, 0x88, 0xa, 0xe9, 0x4a,
    0xa, 0x1, 0x6c, 0x90, 0x89, 0x82, 0xbc, 0x1,
    0x2a, 0x1, 0xca, 0xd2, 0x17, 0xf9, 0xbf, 0xe3,
    0x5f, 0xf3, 0x0, 0xe, 0x5a, 0x2a, 0xbf, 0xce,

    /* U+9AD8 "高" */
    0x0, 0xfa, 0x2c, 0x3, 0xf3, 0xbf, 0x91, 0x9d,
    0xfc, 0x83, 0x33, 0xe2, 0x39, 0x9f, 0x18, 0xf7,
    0x3e, 0xef, 0xf6, 0x77, 0x1c, 0x2, 0x4a, 0xaf,
    0xe0, 0xf, 0xdf, 0xfe, 0x20, 0xf, 0xef, 0xff,
    0x10, 0x7, 0xcf, 0x55, 0xfc, 0x1, 0xa7, 0xf6,
    0xab, 0xf6, 0xfd, 0x80, 0x45, 0x99, 0xfe, 0x40,
    0xe, 0x34, 0xcc, 0xf5, 0x18, 0x80, 0x7b, 0xc6,
    0xab, 0x10, 0x7, 0xff, 0x37, 0xc6, 0xab, 0x10,
    0x7, 0xf3, 0xff, 0xfb, 0x15, 0x0, 0x3f, 0xf8,
    0x3d, 0x41, 0xe0, 0x8, 0xf0, 0xf, 0xd7, 0xfc,
    0x80,

    /* U+9EA6 "麦" */
    0x0, 0xfd, 0xaa, 0x1, 0xfc, 0x2a, 0xbe, 0x2c,
    0x55, 0xe3, 0x0, 0x8a, 0xab, 0xc0, 0xd5, 0x5d,
    0x20, 0x11, 0xff, 0xf8, 0x27, 0xff, 0xa8, 0x3,
    0x47, 0xff, 0x4, 0xff, 0xf0, 0x7, 0x55, 0x78,
    0x1a, 0xab, 0x80, 0x32, 0xb8, 0x7, 0xff, 0x1,
    0x44, 0x1, 0x17, 0x7a, 0xa8, 0x2f, 0x77, 0xe5,
    0x0, 0x6f, 0x76, 0x31, 0xbb, 0xed, 0xee, 0x20,
    0x7, 0xa0, 0xc6, 0xab, 0xc0, 0x1f, 0xa5, 0xc1,
    0xff, 0xe5, 0x18, 0x0, 0xe1, 0x7e, 0x7c, 0xb7,
    0x91, 0xb4, 0xd1, 0x0, 0xe3, 0x96, 0xf3, 0x4b,
    0x6e, 0x5c, 0x30, 0xf, 0x17, 0x40, 0x82, 0xc0,
    0x10, 0xc1, 0x80, 0x79, 0x1a, 0x33, 0xed, 0x77,
    0x56, 0x39, 0xd2, 0xa4, 0x0, 0xd8, 0x34, 0xce,
    0x92, 0x4, 0xbd, 0x95, 0xa9, 0x0, 0x4f, 0x5c,
    0x18, 0x7, 0x89, 0xf3, 0xec, 0x0,

    /* U+9ED8 "默" */
    0x0, 0x8, 0xfc, 0x0, 0x3e, 0x22, 0x0, 0x64,
    0xee, 0xf8, 0xc0, 0x3, 0x78, 0x20, 0x1d, 0x12,
    0x12, 0xe0, 0x1d, 0x4b, 0x60, 0x1d, 0x3c, 0x2,
    0xe0, 0x1e, 0x85, 0x10, 0xc, 0xea, 0x16, 0x80,
    0xa8, 0x80, 0x57, 0x80, 0xe, 0xfa, 0x4, 0xc0,
    0xab, 0x80, 0x9b, 0x87, 0x0, 0xd3, 0x0, 0xf0,
    0x1f, 0xea, 0x0, 0x57, 0xb0, 0x1, 0x3b, 0x96,
    0x19, 0xdc, 0x30, 0x30, 0x13, 0x0, 0xc3, 0xdc,
    0xb0, 0xce, 0xe0, 0x3, 0x84, 0xb8, 0x3, 0xd,
    0x52, 0x2, 0x2a, 0x48, 0x8, 0xd8, 0x80, 0x31,
    0x81, 0x68, 0x55, 0xcc, 0x81, 0x10, 0x4e, 0x1,
    0xa2, 0xa8, 0x2d, 0x52, 0xd4, 0x43, 0x9a, 0x44,
    0x0, 0xad, 0x28, 0xf2, 0x8d, 0x9e, 0xc1, 0x10,
    0xa, 0x1, 0x1a, 0xb, 0xb8, 0x32, 0x20, 0xce,
    0x22, 0x59, 0x0, 0xa4, 0x98, 0x56, 0x91, 0xc8,
    0x64, 0x1, 0x3, 0x40, 0x6, 0x80, 0x94, 0x6c,
    0x43, 0xd1, 0x0, 0x14, 0x88, 0x3, 0x14, 0x1c,
    0xc4, 0x13, 0xcc, 0x3, 0x35, 0x80,

    /* U+FF0C "，" */
    0xac, 0x73, 0xd1, 0x87, 0xc9,

    /* U+FF1A "：" */
    0x11, 0x7f, 0x91, 0xea, 0x40, 0x3f, 0x5d, 0x95,
    0x40
};


/*---------------------
 *  GLYPH DESCRIPTION
 *--------------------*/

static const lv_font_fmt_txt_glyph_dsc_t glyph_dsc[] = {
    {.bitmap_index = 0, .adv_w = 0, .box_w = 0, .box_h = 0, .ofs_x = 0, .ofs_y = 0} /* id = 0 reserved */,
    {.bitmap_index = 0, .adv_w = 80, .box_w = 0, .box_h = 0, .ofs_x = 0, .ofs_y = 0},
    {.bitmap_index = 0, .adv_w = 80, .box_w = 3, .box_h = 14, .ofs_x = 1, .ofs_y = 0},
    {.bitmap_index = 19, .adv_w = 102, .box_w = 6, .box_h = 5, .ofs_x = 0, .ofs_y = 9},
    {.bitmap_index = 33, .adv_w = 160, .box_w = 10, .box_h = 14, .ofs_x = 0, .ofs_y = 0},
    {.bitmap_index = 102, .adv_w = 160, .box_w = 10, .box_h = 17, .ofs_x = 0, .ofs_y = -2},
    {.bitmap_index = 179, .adv_w = 256, .box_w = 14, .box_h = 14, .ofs_x = 1, .ofs_y = 0},
    {.bitmap_index = 271, .adv_w = 192, .box_w = 12, .box_h = 15, .ofs_x = 0, .ofs_y = -1},
    {.bitmap_index = 352, .adv_w = 55, .box_w = 3, .box_h = 5, .ofs_x = 0, .ofs_y = 9},
    {.bitmap_index = 360, .adv_w = 96, .box_w = 5, .box_h = 18, .ofs_x = 1, .ofs_y = -4},
    {.bitmap_index = 405, .adv_w = 96, .box_w = 5, .box_h = 18, .ofs_x = 0, .ofs_y = -4},
    {.bitmap_index = 450, .adv_w = 112, .box_w = 7, .box_h = 6, .ofs_x = 0, .ofs_y = 8},
    {.bitmap_index = 471, .adv_w = 168, .box_w = 9, .box_h = 9, .ofs_x = 1, .ofs_y = 2},
    {.bitmap_index = 492, .adv_w = 80, .box_w = 3, .box_h = 5, .ofs_x = 1, .ofs_y = -3},
    {.bitmap_index = 500, .adv_w = 96, .box_w = 6, .box_h = 2, .ofs_x = 0, .ofs_y = 4},
    {.bitmap_index = 505, .adv_w = 80, .box_w = 3, .box_h = 2, .ofs_x = 1, .ofs_y = 0},
    {.bitmap_index = 508, .adv_w = 80, .box_w = 5, .box_h = 14, .ofs_x = 0, .ofs_y = 0},
    {.bitmap_index = 543, .adv_w = 160, .box_w = 10, .box_h = 14, .ofs_x = 0, .ofs_y = 0},
    {.bitmap_index = 605, .adv_w = 160, .box_w = 5, .box_h = 14, .ofs_x = 2, .ofs_y = 0},
    {.bitmap_index = 622, .adv_w = 160, .box_w = 10, .box_h = 14, .ofs_x = 0, .ofs_y = 0},
    {.bitmap_index = 682, .adv_w = 160, .box_w = 10, .box_h = 14, .ofs_x = 0, .ofs_y = 0},
    {.bitmap_index = 745, .adv_w = 160, .box_w = 10, .box_h = 14, .ofs_x = 0, .ofs_y = 0},
    {.bitmap_index = 792, .adv_w = 160, .box_w = 10, .box_h = 14, .ofs_x = 0, .ofs_y = 0},
    {.bitmap_index = 855, .adv_w = 160, .box_w = 10, .box_h = 14, .ofs_x = 0, .ofs_y = 0},
    {.bitmap_index = 923, .adv_w = 160, .box_w = 10, .box_h = 14, .ofs_x = 0, .ofs_y = 0},
    {.bitmap_index = 972, .adv_w = 160, .box_w = 10, .box_h = 14, .ofs_x = 0, .ofs_y = 0},
    {.bitmap_index = 1041, .adv_w = 160, .box_w = 10, .box_h = 14, .ofs_x = 0, .ofs_y = 0},
    {.bitmap_index = 1109, .adv_w = 80, .box_w = 3, .box_h = 10, .ofs_x = 1, .ofs_y = 0},
    {.bitmap_index = 1120, .adv_w = 80, .box_w = 3, .box_h = 13, .ofs_x = 1, .ofs_y = -3},
    {.bitmap_index = 1136, .adv_w = 168, .box_w = 9, .box_h = 10, .ofs_x = 1, .ofs_y = 2},
    {.bitmap_index = 1175, .adv_w = 168, .box_w = 9, .box_h = 6, .ofs_x = 1, .ofs_y = 4},
    {.bitmap_index = 1189, .adv_w = 168, .box_w = 9, .box_h = 10, .ofs_x = 1, .ofs_y = 2},
    {.bitmap_index = 1228, .adv_w = 160, .box_w = 10, .box_h = 14, .ofs_x = 0, .ofs_y = 0},
    {.bitmap_index = 1284, .adv_w = 292, .box_w = 17, .box_h = 18, .ofs_x = 1, .ofs_y = -4},
    {.bitmap_index = 1429, .adv_w = 192, .box_w = 14, .box_h = 14, .ofs_x = -1, .ofs_y = 0},
    {.bitmap_index = 1504, .adv_w = 192, .box_w = 11, .box_h = 14, .ofs_x = 1, .ofs_y = 0},
    {.bitmap_index = 1562, .adv_w = 208, .box_w = 13, .box_h = 14, .ofs_x = 0, .ofs_y = 0},
    {.bitmap_index = 1632, .adv_w = 208, .box_w = 12, .box_h = 14, .ofs_x = 1, .ofs_y = 0},
    {.bitmap_index = 1690, .adv_w = 192, .box_w = 11, .box_h = 14, .ofs_x = 1, .ofs_y = 0},
    {.bitmap_index = 1724, .adv_w = 176, .box_w = 10, .box_h = 14, .ofs_x = 1, .ofs_y = 0},
    {.bitmap_index = 1751, .adv_w = 224, .box_w = 13, .box_h = 14, .ofs_x = 0, .ofs_y = 0},
    {.bitmap_index = 1827, .adv_w = 208, .box_w = 11, .box_h = 14, .ofs_x = 1, .ofs_y = 0},
    {.bitmap_index = 1848, .adv_w = 80, .box_w = 3, .box_h = 14, .ofs_x = 1, .ofs_y = 0},
    {.bitmap_index = 1853, .adv_w = 144, .box_w = 8, .box_h = 14, .ofs_x = 0, .ofs_y = 0},
    {.bitmap_index = 1878, .adv_w = 192, .box_w = 11, .box_h = 14, .ofs_x = 1, .ofs_y = 0},
    {.bitmap_index = 1934, .adv_w = 160, .box_w = 9, .box_h = 14, .ofs_x = 1, .ofs_y = 0},
    {.bitmap_index = 1948, .adv_w = 240, .box_w = 13, .box_h = 14, .ofs_x = 1, .ofs_y = 0},
    {.bitmap_index = 2016, .adv_w = 208, .box_w = 11, .box_h = 14, .ofs_x = 1, .ofs_y = 0},
    {.bitmap_index = 2065, .adv_w = 224, .box_w = 14, .box_h = 14, .ofs_x = 0, .ofs_y = 0},
    {.bitmap_index = 2145, .adv_w = 192, .box_w = 11, .box_h = 14, .ofs_x = 1, .ofs_y = 0},
    {.bitmap_index = 2190, .adv_w = 224, .box_w = 14, .box_h = 15, .ofs_x = 0, .ofs_y = -1},
    {.bitmap_index = 2278, .adv_w = 208, .box_w = 12, .box_h = 14, .ofs_x = 1, .ofs_y = 0},
    {.bitmap_index = 2339, .adv_w = 192, .box_w = 12, .box_h = 14, .ofs_x = 0, .ofs_y = 0},
    {.bitmap_index = 2417, .adv_w = 176, .box_w = 11, .box_h = 14, .ofs_x = 0, .ofs_y = 0},
    {.bitmap_index = 2437, .adv_w = 208, .box_w = 11, .box_h = 14, .ofs_x = 1, .ofs_y = 0},
    {.bitmap_index = 2474, .adv_w = 192, .box_w = 12, .box_h = 14, .ofs_x = 0, .ofs_y = 0},
    {.bitmap_index = 2544, .adv_w = 272, .box_w = 17, .box_h = 14, .ofs_x = 0, .ofs_y = 0},
    {.bitmap_index = 2653, .adv_w = 192, .box_w = 12, .box_h = 14, .ofs_x = 0, .ofs_y = 0},
    {.bitmap_index = 2725, .adv_w = 192, .box_w = 12, .box_h = 14, .ofs_x = 0, .ofs_y = 0},
    {.bitmap_index = 2773, .adv_w = 176, .box_w = 11, .box_h = 14, .ofs_x = 0, .ofs_y = 0},
    {.bitmap_index = 2827, .adv_w = 80, .box_w = 4, .box_h = 18, .ofs_x = 1, .ofs_y = -4},
    {.bitmap_index = 2840, .adv_w = 80, .box_w = 5, .box_h = 14, .ofs_x = 0, .ofs_y = 0},
    {.bitmap_index = 2873, .adv_w = 80, .box_w = 4, .box_h = 18, .ofs_x = 0, .ofs_y = -4},
    {.bitmap_index = 2886, .adv_w = 135, .box_w = 8, .box_h = 8, .ofs_x = 0, .ofs_y = 6},
    {.bitmap_index = 2916, .adv_w = 144, .box_w = 11, .box_h = 1, .ofs_x = -1, .ofs_y = -2},
    {.bitmap_index = 2919, .adv_w = 96, .box_w = 4, .box_h = 3, .ofs_x = 0, .ofs_y = 11},
    {.bitmap_index = 2926, .adv_w = 160, .box_w = 10, .box_h = 10, .ofs_x = 0, .ofs_y = 0},
    {.bitmap_index = 2976, .adv_w = 160, .box_w = 9, .box_h = 14, .ofs_x = 1, .ofs_y = 0},
    {.bitmap_index = 3022, .adv_w = 144, .box_w = 9, .box_h = 10, .ofs_x = 0, .ofs_y = 0},
    {.bitmap_index = 3064, .adv_w = 160, .box_w = 9, .box_h = 14, .ofs_x = 0, .ofs_y = 0},
    {.bitmap_index = 3112, .adv_w = 160, .box_w = 10, .box_h = 10, .ofs_x = 0, .ofs_y = 0},
    {.bitmap_index = 3160, .adv_w = 80, .box_w = 6, .box_h = 14, .ofs_x = 0, .ofs_y = 0},
    {.bitmap_index = 3184, .adv_w = 160, .box_w = 9, .box_h = 14, .ofs_x = 0, .ofs_y = -4},
    {.bitmap_index = 3244, .adv_w = 160, .box_w = 8, .box_h = 14, .ofs_x = 1, .ofs_y = 0},
    {.bitmap_index = 3270, .adv_w = 64, .box_w = 2, .box_h = 14, .ofs_x = 1, .ofs_y = 0},
    {.bitmap_index = 3279, .adv_w = 64, .box_w = 4, .box_h = 18, .ofs_x = -1, .ofs_y = -4},
    {.bitmap_index = 3297, .adv_w = 144, .box_w = 8, .box_h = 14, .ofs_x = 1, .ofs_y = 0},
    {.bitmap_index = 3334, .adv_w = 64, .box_w = 2, .box_h = 14, .ofs_x = 1, .ofs_y = 0},
    {.bitmap_index = 3339, .adv_w = 240, .box_w = 13, .box_h = 10, .ofs_x = 1, .ofs_y = 0},
    {.bitmap_index = 3374, .adv_w = 160, .box_w = 8, .box_h = 10, .ofs_x = 1, .ofs_y = 0},
    {.bitmap_index = 3395, .adv_w = 160, .box_w = 10, .box_h = 10, .ofs_x = 0, .ofs_y = 0},
    {.bitmap_index = 3441, .adv_w = 160, .box_w = 9, .box_h = 14, .ofs_x = 1, .ofs_y = -4},
    {.bitmap_index = 3489, .adv_w = 160, .box_w = 9, .box_h = 14, .ofs_x = 0, .ofs_y = -4},
    {.bitmap_index = 3536, .adv_w = 96, .box_w = 6, .box_h = 10, .ofs_x = 1, .ofs_y = 0},
    {.bitmap_index = 3554, .adv_w = 144, .box_w = 9, .box_h = 10, .ofs_x = 0, .ofs_y = 0},
    {.bitmap_index = 3600, .adv_w = 80, .box_w = 5, .box_h = 14, .ofs_x = 0, .ofs_y = 0},
    {.bitmap_index = 3625, .adv_w = 160, .box_w = 8, .box_h = 10, .ofs_x = 1, .ofs_y = 0},
    {.bitmap_index = 3647, .adv_w = 144, .box_w = 9, .box_h = 10, .ofs_x = 0, .ofs_y = 0},
    {.bitmap_index = 3689, .adv_w = 208, .box_w = 13, .box_h = 10, .ofs_x = 0, .ofs_y = 0},
    {.bitmap_index = 3754, .adv_w = 144, .box_w = 9, .box_h = 10, .ofs_x = 0, .ofs_y = 0},
    {.bitmap_index = 3797, .adv_w = 144, .box_w = 9, .box_h = 14, .ofs_x = 0, .ofs_y = -4},
    {.bitmap_index = 3852, .adv_w = 144, .box_w = 9, .box_h = 10, .ofs_x = 0, .ofs_y = 0},
    {.bitmap_index = 3888, .adv_w = 96, .box_w = 6, .box_h = 18, .ofs_x = 0, .ofs_y = -4},
    {.bitmap_index = 3934, .adv_w = 75, .box_w = 3, .box_h = 18, .ofs_x = 1, .ofs_y = -4},
    {.bitmap_index = 3939, .adv_w = 96, .box_w = 6, .box_h = 18, .ofs_x = 0, .ofs_y = -4},
    {.bitmap_index = 3985, .adv_w = 168, .box_w = 10, .box_h = 5, .ofs_x = 0, .ofs_y = 4},
    {.bitmap_index = 4007, .adv_w = 115, .box_w = 6, .box_h = 5, .ofs_x = 1, .ofs_y = 9},
    {.bitmap_index = 4022, .adv_w = 294, .box_w = 18, .box_h = 15, .ofs_x = 0, .ofs_y = -1},
    {.bitmap_index = 4124, .adv_w = 168, .box_w = 9, .box_h = 10, .ofs_x = 1, .ofs_y = 1},
    {.bitmap_index = 4170, .adv_w = 216, .box_w = 12, .box_h = 12, .ofs_x = 1, .ofs_y = 0},
    {.bitmap_index = 4232, .adv_w = 288, .box_w = 16, .box_h = 9, .ofs_x = 1, .ofs_y = 3},
    {.bitmap_index = 4284, .adv_w = 198, .box_w = 12, .box_h = 13, .ofs_x = 0, .ofs_y = 0},
    {.bitmap_index = 4357, .adv_w = 288, .box_w = 6, .box_h = 5, .ofs_x = 1, .ofs_y = -2},
    {.bitmap_index = 4372, .adv_w = 288, .box_w = 6, .box_h = 6, .ofs_x = 1, .ofs_y = -1},
    {.bitmap_index = 4390, .adv_w = 288, .box_w = 15, .box_h = 2, .ofs_x = 2, .ofs_y = 6},
    {.bitmap_index = 4399, .adv_w = 288, .box_w = 16, .box_h = 13, .ofs_x = 1, .ofs_y = 0},
    {.bitmap_index = 4440, .adv_w = 288, .box_w = 16, .box_h = 15, .ofs_x = 1, .ofs_y = 0},
    {.bitmap_index = 4476, .adv_w = 288, .box_w = 16, .box_h = 15, .ofs_x = 1, .ofs_y = -1},
    {.bitmap_index = 4525, .adv_w = 288, .box_w = 16, .box_h = 15, .ofs_x = 1, .ofs_y = -1},
    {.bitmap_index = 4591, .adv_w = 288, .box_w = 16, .box_h = 16, .ofs_x = 1, .ofs_y = -1},
    {.bitmap_index = 4673, .adv_w = 288, .box_w = 18, .box_h = 17, .ofs_x = 0, .ofs_y = -1},
    {.bitmap_index = 4747, .adv_w = 288, .box_w = 14, .box_h = 17, .ofs_x = 2, .ofs_y = -1},
    {.bitmap_index = 4803, .adv_w = 288, .box_w = 14, .box_h = 17, .ofs_x = 2, .ofs_y = -1},
    {.bitmap_index = 4891, .adv_w = 288, .box_w = 16, .box_h = 17, .ofs_x = 1, .ofs_y = -1},
    {.bitmap_index = 4967, .adv_w = 288, .box_w = 17, .box_h = 17, .ofs_x = 1, .ofs_y = -2},
    {.bitmap_index = 5074, .adv_w = 288, .box_w = 16, .box_h = 16, .ofs_x = 1, .ofs_y = -2},
    {.bitmap_index = 5129, .adv_w = 288, .box_w = 16, .box_h = 15, .ofs_x = 1, .ofs_y = -1},
    {.bitmap_index = 5211, .adv_w = 288, .box_w = 17, .box_h = 18, .ofs_x = 1, .ofs_y = -2},
    {.bitmap_index = 5317, .adv_w = 288, .box_w = 17, .box_h = 17, .ofs_x = 0, .ofs_y = -2},
    {.bitmap_index = 5428, .adv_w = 288, .box_w = 18, .box_h = 18, .ofs_x = 0, .ofs_y = -2},
    {.bitmap_index = 5532, .adv_w = 288, .box_w = 18, .box_h = 17, .ofs_x = 0, .ofs_y = -1},
    {.bitmap_index = 5646, .adv_w = 288, .box_w = 18, .box_h = 17, .ofs_x = 0, .ofs_y = -1},
    {.bitmap_index = 5737, .adv_w = 288, .box_w = 17, .box_h = 16, .ofs_x = 1, .ofs_y = -1},
    {.bitmap_index = 5840, .adv_w = 288, .box_w = 18, .box_h = 18, .ofs_x = 0, .ofs_y = -2},
    {.bitmap_index = 5963, .adv_w = 288, .box_w = 18, .box_h = 18, .ofs_x = 0, .ofs_y = -2},
    {.bitmap_index = 6057, .adv_w = 288, .box_w = 18, .box_h = 16, .ofs_x = 0, .ofs_y = -1},
    {.bitmap_index = 6143, .adv_w = 288, .box_w = 17, .box_h = 17, .ofs_x = 0, .ofs_y = -2},
    {.bitmap_index = 6255, .adv_w = 288, .box_w = 17, .box_h = 16, .ofs_x = 0, .ofs_y = -1},
    {.bitmap_index = 6356, .adv_w = 288, .box_w = 18, .box_h = 17, .ofs_x = 0, .ofs_y = -1},
    {.bitmap_index = 6468, .adv_w = 288, .box_w = 18, .box_h = 18, .ofs_x = 0, .ofs_y = -2},
    {.bitmap_index = 6580, .adv_w = 288, .box_w = 17, .box_h = 17, .ofs_x = 1, .ofs_y = -1},
    {.bitmap_index = 6690, .adv_w = 288, .box_w = 18, .box_h = 16, .ofs_x = 0, .ofs_y = -1},
    {.bitmap_index = 6803, .adv_w = 288, .box_w = 17, .box_h = 16, .ofs_x = 0, .ofs_y = -1},
    {.bitmap_index = 6899, .adv_w = 288, .box_w = 17, .box_h = 18, .ofs_x = 0, .ofs_y = -2},
    {.bitmap_index = 7002, .adv_w = 288, .box_w = 16, .box_h = 17, .ofs_x = 1, .ofs_y = -2},
    {.bitmap_index = 7108, .adv_w = 288, .box_w = 16, .box_h = 17, .ofs_x = 1, .ofs_y = -2},
    {.bitmap_index = 7204, .adv_w = 288, .box_w = 16, .box_h = 15, .ofs_x = 1, .ofs_y = -1},
    {.bitmap_index = 7285, .adv_w = 288, .box_w = 17, .box_h = 16, .ofs_x = 0, .ofs_y = -1},
    {.bitmap_index = 7390, .adv_w = 288, .box_w = 17, .box_h = 17, .ofs_x = 1, .ofs_y = -2},
    {.bitmap_index = 7487, .adv_w = 288, .box_w = 14, .box_h = 18, .ofs_x = 2, .ofs_y = -2},
    {.bitmap_index = 7562, .adv_w = 288, .box_w = 18, .box_h = 17, .ofs_x = 0, .ofs_y = -2},
    {.bitmap_index = 7669, .adv_w = 288, .box_w = 16, .box_h = 17, .ofs_x = 0, .ofs_y = -1},
    {.bitmap_index = 7767, .adv_w = 288, .box_w = 16, .box_h = 16, .ofs_x = 1, .ofs_y = -1},
    {.bitmap_index = 7845, .adv_w = 288, .box_w = 16, .box_h = 17, .ofs_x = 1, .ofs_y = -2},
    {.bitmap_index = 7952, .adv_w = 288, .box_w = 17, .box_h = 17, .ofs_x = 0, .ofs_y = -1},
    {.bitmap_index = 8052, .adv_w = 288, .box_w = 17, .box_h = 16, .ofs_x = 0, .ofs_y = -1},
    {.bitmap_index = 8159, .adv_w = 288, .box_w = 17, .box_h = 17, .ofs_x = 0, .ofs_y = -1},
    {.bitmap_index = 8268, .adv_w = 288, .box_w = 16, .box_h = 17, .ofs_x = 1, .ofs_y = -2},
    {.bitmap_index = 8365, .adv_w = 288, .box_w = 16, .box_h = 18, .ofs_x = 1, .ofs_y = -2},
    {.bitmap_index = 8474, .adv_w = 288, .box_w = 15, .box_h = 17, .ofs_x = 1, .ofs_y = -2},
    {.bitmap_index = 8561, .adv_w = 288, .box_w = 17, .box_h = 17, .ofs_x = 0, .ofs_y = -2},
    {.bitmap_index = 8673, .adv_w = 288, .box_w = 18, .box_h = 17, .ofs_x = 0, .ofs_y = -2},
    {.bitmap_index = 8799, .adv_w = 288, .box_w = 15, .box_h = 17, .ofs_x = 1, .ofs_y = -2},
    {.bitmap_index = 8908, .adv_w = 288, .box_w = 16, .box_h = 17, .ofs_x = 1, .ofs_y = -1},
    {.bitmap_index = 9034, .adv_w = 288, .box_w = 18, .box_h = 17, .ofs_x = 0, .ofs_y = -1},
    {.bitmap_index = 9126, .adv_w = 288, .box_w = 14, .box_h = 18, .ofs_x = 3, .ofs_y = -2},
    {.bitmap_index = 9183, .adv_w = 288, .box_w = 16, .box_h = 17, .ofs_x = 1, .ofs_y = -1},
    {.bitmap_index = 9252, .adv_w = 288, .box_w = 16, .box_h = 17, .ofs_x = 1, .ofs_y = -2},
    {.bitmap_index = 9355, .adv_w = 288, .box_w = 17, .box_h = 16, .ofs_x = 0, .ofs_y = -2},
    {.bitmap_index = 9469, .adv_w = 288, .box_w = 17, .box_h = 16, .ofs_x = 0, .ofs_y = -1},
    {.bitmap_index = 9584, .adv_w = 288, .box_w = 12, .box_h = 14, .ofs_x = 3, .ofs_y = -1},
    {.bitmap_index = 9614, .adv_w = 288, .box_w = 16, .box_h = 15, .ofs_x = 1, .ofs_y = -1},
    {.bitmap_index = 9673, .adv_w = 288, .box_w = 16, .box_h = 16, .ofs_x = 1, .ofs_y = -1},
    {.bitmap_index = 9752, .adv_w = 288, .box_w = 14, .box_h = 16, .ofs_x = 2, .ofs_y = -1},
    {.bitmap_index = 9816, .adv_w = 288, .box_w = 17, .box_h = 17, .ofs_x = 0, .ofs_y = -1},
    {.bitmap_index = 9911, .adv_w = 288, .box_w = 14, .box_h = 16, .ofs_x = 2, .ofs_y = -1},
    {.bitmap_index = 9969, .adv_w = 288, .box_w = 17, .box_h = 16, .ofs_x = 0, .ofs_y = -2},
    {.bitmap_index = 10059, .adv_w = 288, .box_w = 16, .box_h = 18, .ofs_x = 1, .ofs_y = -2},
    {.bitmap_index = 10152, .adv_w = 288, .box_w = 15, .box_h = 18, .ofs_x = 1, .ofs_y = -2},
    {.bitmap_index = 10241, .adv_w = 288, .box_w = 17, .box_h = 16, .ofs_x = 0, .ofs_y = -1},
    {.bitmap_index = 10339, .adv_w = 288, .box_w = 17, .box_h = 16, .ofs_x = 1, .ofs_y = -1},
    {.bitmap_index = 10454, .adv_w = 288, .box_w = 14, .box_h = 15, .ofs_x = 2, .ofs_y = -1},
    {.bitmap_index = 10509, .adv_w = 288, .box_w = 14, .box_h = 17, .ofs_x = 2, .ofs_y = -2},
    {.bitmap_index = 10594, .adv_w = 288, .box_w = 17, .box_h = 17, .ofs_x = 0, .ofs_y = -1},
    {.bitmap_index = 10681, .adv_w = 288, .box_w = 16, .box_h = 16, .ofs_x = 1, .ofs_y = -1},
    {.bitmap_index = 10777, .adv_w = 288, .box_w = 17, .box_h = 16, .ofs_x = 0, .ofs_y = -1},
    {.bitmap_index = 10881, .adv_w = 288, .box_w = 18, .box_h = 18, .ofs_x = 0, .ofs_y = -2},
    {.bitmap_index = 11002, .adv_w = 288, .box_w = 16, .box_h = 18, .ofs_x = 1, .ofs_y = -2},
    {.bitmap_index = 11097, .adv_w = 288, .box_w = 17, .box_h = 17, .ofs_x = 0, .ofs_y = -2},
    {.bitmap_index = 11208, .adv_w = 288, .box_w = 17, .box_h = 16, .ofs_x = 0, .ofs_y = -1},
    {.bitmap_index = 11316, .adv_w = 288, .box_w = 18, .box_h = 17, .ofs_x = 0, .ofs_y = -1},
    {.bitmap_index = 11426, .adv_w = 288, .box_w = 16, .box_h = 18, .ofs_x = 1, .ofs_y = -2},
    {.bitmap_index = 11543, .adv_w = 288, .box_w = 17, .box_h = 16, .ofs_x = 1, .ofs_y = -2},
    {.bitmap_index = 11638, .adv_w = 288, .box_w = 16, .box_h = 18, .ofs_x = 1, .ofs_y = -2},
    {.bitmap_index = 11748, .adv_w = 288, .box_w = 17, .box_h = 17, .ofs_x = 1, .ofs_y = -2},
    {.bitmap_index = 11875, .adv_w = 288, .box_w = 16, .box_h = 16, .ofs_x = 1, .ofs_y = -1},
    {.bitmap_index = 11951, .adv_w = 288, .box_w = 17, .box_h = 16, .ofs_x = 0, .ofs_y = -1},
    {.bitmap_index = 12043, .adv_w = 288, .box_w = 17, .box_h = 18, .ofs_x = 1, .ofs_y = -2},
    {.bitmap_index = 12147, .adv_w = 288, .box_w = 16, .box_h = 18, .ofs_x = 1, .ofs_y = -2},
    {.bitmap_index = 12256, .adv_w = 288, .box_w = 16, .box_h = 16, .ofs_x = 1, .ofs_y = -1},
    {.bitmap_index = 12354, .adv_w = 288, .box_w = 17, .box_h = 16, .ofs_x = 1, .ofs_y = -1},
    {.bitmap_index = 12468, .adv_w = 288, .box_w = 18, .box_h = 18, .ofs_x = 0, .ofs_y = -2},
    {.bitmap_index = 12584, .adv_w = 288, .box_w = 17, .box_h = 16, .ofs_x = 0, .ofs_y = -1},
    {.bitmap_index = 12684, .adv_w = 288, .box_w = 16, .box_h = 17, .ofs_x = 1, .ofs_y = -2},
    {.bitmap_index = 12758, .adv_w = 288, .box_w = 18, .box_h = 16, .ofs_x = 0, .ofs_y = -1},
    {.bitmap_index = 12878, .adv_w = 288, .box_w = 16, .box_h = 17, .ofs_x = 1, .ofs_y = -2},
    {.bitmap_index = 12979, .adv_w = 288, .box_w = 17, .box_h = 17, .ofs_x = 0, .ofs_y = -2},
    {.bitmap_index = 13090, .adv_w = 288, .box_w = 17, .box_h = 17, .ofs_x = 0, .ofs_y = -2},
    {.bitmap_index = 13207, .adv_w = 288, .box_w = 17, .box_h = 17, .ofs_x = 1, .ofs_y = -1},
    {.bitmap_index = 13322, .adv_w = 288, .box_w = 15, .box_h = 15, .ofs_x = 2, .ofs_y = -1},
    {.bitmap_index = 13382, .adv_w = 288, .box_w = 16, .box_h = 17, .ofs_x = 1, .ofs_y = -1},
    {.bitmap_index = 13474, .adv_w = 288, .box_w = 16, .box_h = 17, .ofs_x = 1, .ofs_y = -1},
    {.bitmap_index = 13576, .adv_w = 288, .box_w = 17, .box_h = 17, .ofs_x = 1, .ofs_y = -1},
    {.bitmap_index = 13686, .adv_w = 288, .box_w = 18, .box_h = 17, .ofs_x = 0, .ofs_y = -2},
    {.bitmap_index = 13809, .adv_w = 288, .box_w = 18, .box_h = 16, .ofs_x = 0, .ofs_y = -1},
    {.bitmap_index = 13936, .adv_w = 288, .box_w = 17, .box_h = 16, .ofs_x = 0, .ofs_y = -1},
    {.bitmap_index = 14020, .adv_w = 288, .box_w = 18, .box_h = 16, .ofs_x = 0, .ofs_y = -1},
    {.bitmap_index = 14114, .adv_w = 288, .box_w = 14, .box_h = 17, .ofs_x = 2, .ofs_y = -1},
    {.bitmap_index = 14195, .adv_w = 288, .box_w = 17, .box_h = 17, .ofs_x = 1, .ofs_y = -2},
    {.bitmap_index = 14308, .adv_w = 288, .box_w = 18, .box_h = 17, .ofs_x = 0, .ofs_y = -1},
    {.bitmap_index = 14420, .adv_w = 288, .box_w = 17, .box_h = 18, .ofs_x = 0, .ofs_y = -2},
    {.bitmap_index = 14551, .adv_w = 288, .box_w = 18, .box_h = 16, .ofs_x = 0, .ofs_y = -1},
    {.bitmap_index = 14651, .adv_w = 288, .box_w = 17, .box_h = 16, .ofs_x = 0, .ofs_y = -1},
    {.bitmap_index = 14754, .adv_w = 288, .box_w = 17, .box_h = 17, .ofs_x = 0, .ofs_y = -1},
    {.bitmap_index = 14822, .adv_w = 288, .box_w = 17, .box_h = 16, .ofs_x = 0, .ofs_y = -1},
    {.bitmap_index = 14934, .adv_w = 288, .box_w = 16, .box_h = 16, .ofs_x = 1, .ofs_y = -1},
    {.bitmap_index = 15025, .adv_w = 288, .box_w = 17, .box_h = 16, .ofs_x = 0, .ofs_y = -1},
    {.bitmap_index = 15123, .adv_w = 288, .box_w = 18, .box_h = 17, .ofs_x = 0, .ofs_y = -2},
    {.bitmap_index = 15248, .adv_w = 288, .box_w = 16, .box_h = 18, .ofs_x = 0, .ofs_y = -2},
    {.bitmap_index = 15372, .adv_w = 288, .box_w = 18, .box_h = 17, .ofs_x = 0, .ofs_y = -2},
    {.bitmap_index = 15493, .adv_w = 288, .box_w = 17, .box_h = 17, .ofs_x = 1, .ofs_y = -2},
    {.bitmap_index = 15619, .adv_w = 288, .box_w = 17, .box_h = 18, .ofs_x = 0, .ofs_y = -2},
    {.bitmap_index = 15741, .adv_w = 288, .box_w = 18, .box_h = 18, .ofs_x = 0, .ofs_y = -2},
    {.bitmap_index = 15872, .adv_w = 288, .box_w = 18, .box_h = 17, .ofs_x = 0, .ofs_y = -2},
    {.bitmap_index = 16007, .adv_w = 288, .box_w = 18, .box_h = 16, .ofs_x = 0, .ofs_y = -1},
    {.bitmap_index = 16115, .adv_w = 288, .box_w = 18, .box_h = 18, .ofs_x = 0, .ofs_y = -2},
    {.bitmap_index = 16238, .adv_w = 288, .box_w = 18, .box_h = 17, .ofs_x = 0, .ofs_y = -2},
    {.bitmap_index = 16374, .adv_w = 288, .box_w = 18, .box_h = 18, .ofs_x = 0, .ofs_y = -2},
    {.bitmap_index = 16508, .adv_w = 288, .box_w = 17, .box_h = 18, .ofs_x = 1, .ofs_y = -2},
    {.bitmap_index = 16638, .adv_w = 288, .box_w = 17, .box_h = 18, .ofs_x = 1, .ofs_y = -2},
    {.bitmap_index = 16772, .adv_w = 288, .box_w = 18, .box_h = 17, .ofs_x = 0, .ofs_y = -2},
    {.bitmap_index = 16918, .adv_w = 288, .box_w = 17, .box_h = 16, .ofs_x = 1, .ofs_y = -1},
    {.bitmap_index = 17028, .adv_w = 288, .box_w = 17, .box_h = 17, .ofs_x = 0, .ofs_y = -2},
    {.bitmap_index = 17150, .adv_w = 288, .box_w = 17, .box_h = 16, .ofs_x = 0, .ofs_y = -1},
    {.bitmap_index = 17265, .adv_w = 288, .box_w = 16, .box_h = 17, .ofs_x = 1, .ofs_y = -2},
    {.bitmap_index = 17357, .adv_w = 288, .box_w = 16, .box_h = 17, .ofs_x = 1, .ofs_y = -2},
    {.bitmap_index = 17450, .adv_w = 288, .box_w = 10, .box_h = 15, .ofs_x = 4, .ofs_y = -1},
    {.bitmap_index = 17492, .adv_w = 288, .box_w = 14, .box_h = 15, .ofs_x = 2, .ofs_y = -1},
    {.bitmap_index = 17533, .adv_w = 288, .box_w = 16, .box_h = 16, .ofs_x = 1, .ofs_y = -1},
    {.bitmap_index = 17625, .adv_w = 288, .box_w = 15, .box_h = 17, .ofs_x = 1, .ofs_y = -2},
    {.bitmap_index = 17729, .adv_w = 288, .box_w = 17, .box_h = 17, .ofs_x = 1, .ofs_y = -2},
    {.bitmap_index = 17827, .adv_w = 288, .box_w = 17, .box_h = 16, .ofs_x = 0, .ofs_y = -1},
    {.bitmap_index = 17918, .adv_w = 288, .box_w = 16, .box_h = 17, .ofs_x = 1, .ofs_y = -1},
    {.bitmap_index = 18027, .adv_w = 288, .box_w = 16, .box_h = 16, .ofs_x = 1, .ofs_y = -1},
    {.bitmap_index = 18130, .adv_w = 288, .box_w = 17, .box_h = 16, .ofs_x = 1, .ofs_y = -2},
    {.bitmap_index = 18232, .adv_w = 288, .box_w = 17, .box_h = 17, .ofs_x = 0, .ofs_y = -2},
    {.bitmap_index = 18341, .adv_w = 288, .box_w = 17, .box_h = 16, .ofs_x = 0, .ofs_y = -1},
    {.bitmap_index = 18431, .adv_w = 288, .box_w = 17, .box_h = 17, .ofs_x = 1, .ofs_y = -2},
    {.bitmap_index = 18552, .adv_w = 288, .box_w = 16, .box_h = 18, .ofs_x = 1, .ofs_y = -2},
    {.bitmap_index = 18649, .adv_w = 288, .box_w = 18, .box_h = 17, .ofs_x = 0, .ofs_y = -1},
    {.bitmap_index = 18748, .adv_w = 288, .box_w = 18, .box_h = 18, .ofs_x = 0, .ofs_y = -2},
    {.bitmap_index = 18860, .adv_w = 288, .box_w = 18, .box_h = 16, .ofs_x = 0, .ofs_y = -1},
    {.bitmap_index = 18982, .adv_w = 288, .box_w = 18, .box_h = 16, .ofs_x = 0, .ofs_y = -1},
    {.bitmap_index = 19090, .adv_w = 288, .box_w = 18, .box_h = 18, .ofs_x = 0, .ofs_y = -2},
    {.bitmap_index = 19221, .adv_w = 288, .box_w = 17, .box_h = 17, .ofs_x = 1, .ofs_y = -1},
    {.bitmap_index = 19347, .adv_w = 288, .box_w = 17, .box_h = 17, .ofs_x = 1, .ofs_y = -1},
    {.bitmap_index = 19446, .adv_w = 288, .box_w = 17, .box_h = 17, .ofs_x = 0, .ofs_y = -2},
    {.bitmap_index = 19558, .adv_w = 288, .box_w = 18, .box_h = 18, .ofs_x = 0, .ofs_y = -2},
    {.bitmap_index = 19695, .adv_w = 288, .box_w = 18, .box_h = 17, .ofs_x = 0, .ofs_y = -1},
    {.bitmap_index = 19828, .adv_w = 288, .box_w = 18, .box_h = 17, .ofs_x = 0, .ofs_y = -2},
    {.bitmap_index = 19952, .adv_w = 288, .box_w = 16, .box_h = 16, .ofs_x = 1, .ofs_y = -1},
    {.bitmap_index = 20002, .adv_w = 288, .box_w = 16, .box_h = 15, .ofs_x = 1, .ofs_y = -1},
    {.bitmap_index = 20061, .adv_w = 288, .box_w = 16, .box_h = 17, .ofs_x = 1, .ofs_y = -1},
    {.bitmap_index = 20165, .adv_w = 288, .box_w = 16, .box_h = 16, .ofs_x = 1, .ofs_y = -1},
    {.bitmap_index = 20275, .adv_w = 288, .box_w = 18, .box_h = 17, .ofs_x = 0, .ofs_y = -1},
    {.bitmap_index = 20366, .adv_w = 288, .box_w = 18, .box_h = 17, .ofs_x = 0, .ofs_y = -1},
    {.bitmap_index = 20461, .adv_w = 288, .box_w = 16, .box_h = 16, .ofs_x = 1, .ofs_y = -1},
    {.bitmap_index = 20560, .adv_w = 288, .box_w = 17, .box_h = 17, .ofs_x = 1, .ofs_y = -2},
    {.bitmap_index = 20680, .adv_w = 288, .box_w = 16, .box_h = 17, .ofs_x = 1, .ofs_y = -1},
    {.bitmap_index = 20783, .adv_w = 288, .box_w = 16, .box_h = 17, .ofs_x = 0, .ofs_y = -2},
    {.bitmap_index = 20886, .adv_w = 288, .box_w = 17, .box_h = 17, .ofs_x = 0, .ofs_y = -2},
    {.bitmap_index = 20993, .adv_w = 288, .box_w = 17, .box_h = 17, .ofs_x = 1, .ofs_y = -1},
    {.bitmap_index = 21099, .adv_w = 288, .box_w = 16, .box_h = 16, .ofs_x = 1, .ofs_y = -1},
    {.bitmap_index = 21206, .adv_w = 288, .box_w = 17, .box_h = 17, .ofs_x = 0, .ofs_y = -2},
    {.bitmap_index = 21333, .adv_w = 288, .box_w = 18, .box_h = 16, .ofs_x = 0, .ofs_y = -2},
    {.bitmap_index = 21438, .adv_w = 288, .box_w = 18, .box_h = 17, .ofs_x = 0, .ofs_y = -2},
    {.bitmap_index = 21540, .adv_w = 288, .box_w = 18, .box_h = 17, .ofs_x = 0, .ofs_y = -2},
    {.bitmap_index = 21666, .adv_w = 288, .box_w = 17, .box_h = 17, .ofs_x = 1, .ofs_y = -2},
    {.bitmap_index = 21783, .adv_w = 288, .box_w = 16, .box_h = 17, .ofs_x = 1, .ofs_y = -1},
    {.bitmap_index = 21885, .adv_w = 288, .box_w = 18, .box_h = 16, .ofs_x = 0, .ofs_y = -1},
    {.bitmap_index = 21986, .adv_w = 288, .box_w = 17, .box_h = 15, .ofs_x = 0, .ofs_y = -1},
    {.bitmap_index = 22089, .adv_w = 288, .box_w = 18, .box_h = 15, .ofs_x = 0, .ofs_y = -1},
    {.bitmap_index = 22198, .adv_w = 288, .box_w = 15, .box_h = 17, .ofs_x = 1, .ofs_y = -2},
    {.bitmap_index = 22295, .adv_w = 288, .box_w = 14, .box_h = 17, .ofs_x = 2, .ofs_y = -2},
    {.bitmap_index = 22369, .adv_w = 288, .box_w = 18, .box_h = 17, .ofs_x = 0, .ofs_y = -2},
    {.bitmap_index = 22473, .adv_w = 288, .box_w = 15, .box_h = 17, .ofs_x = 1, .ofs_y = -1},
    {.bitmap_index = 22581, .adv_w = 288, .box_w = 11, .box_h = 15, .ofs_x = 3, .ofs_y = -1},
    {.bitmap_index = 22637, .adv_w = 288, .box_w = 16, .box_h = 17, .ofs_x = 0, .ofs_y = -1},
    {.bitmap_index = 22735, .adv_w = 288, .box_w = 16, .box_h = 17, .ofs_x = 1, .ofs_y = -2},
    {.bitmap_index = 22840, .adv_w = 288, .box_w = 16, .box_h = 18, .ofs_x = 1, .ofs_y = -2},
    {.bitmap_index = 22946, .adv_w = 288, .box_w = 18, .box_h = 17, .ofs_x = 0, .ofs_y = -2},
    {.bitmap_index = 23076, .adv_w = 288, .box_w = 17, .box_h = 18, .ofs_x = 0, .ofs_y = -2},
    {.bitmap_index = 23205, .adv_w = 288, .box_w = 16, .box_h = 16, .ofs_x = 1, .ofs_y = -2},
    {.bitmap_index = 23294, .adv_w = 288, .box_w = 16, .box_h = 17, .ofs_x = 1, .ofs_y = -1},
    {.bitmap_index = 23401, .adv_w = 288, .box_w = 16, .box_h = 16, .ofs_x = 1, .ofs_y = -1},
    {.bitmap_index = 23481, .adv_w = 288, .box_w = 17, .box_h = 17, .ofs_x = 0, .ofs_y = -2},
    {.bitmap_index = 23593, .adv_w = 288, .box_w = 17, .box_h = 17, .ofs_x = 1, .ofs_y = -1},
    {.bitmap_index = 23718, .adv_w = 288, .box_w = 18, .box_h = 17, .ofs_x = 0, .ofs_y = -1},
    {.bitmap_index = 23846, .adv_w = 288, .box_w = 17, .box_h = 17, .ofs_x = 0, .ofs_y = -1},
    {.bitmap_index = 23978, .adv_w = 288, .box_w = 16, .box_h = 16, .ofs_x = 1, .ofs_y = -1},
    {.bitmap_index = 24085, .adv_w = 288, .box_w = 16, .box_h = 16, .ofs_x = 1, .ofs_y = -1},
    {.bitmap_index = 24190, .adv_w = 288, .box_w = 17, .box_h = 17, .ofs_x = 1, .ofs_y = -1},
    {.bitmap_index = 24316, .adv_w = 288, .box_w = 17, .box_h = 16, .ofs_x = 0, .ofs_y = -1},
    {.bitmap_index = 24440, .adv_w = 288, .box_w = 17, .box_h = 17, .ofs_x = 0, .ofs_y = -2},
    {.bitmap_index = 24576, .adv_w = 288, .box_w = 17, .box_h = 18, .ofs_x = 1, .ofs_y = -2},
    {.bitmap_index = 24717, .adv_w = 288, .box_w = 17, .box_h = 17, .ofs_x = 0, .ofs_y = -2},
    {.bitmap_index = 24845, .adv_w = 288, .box_w = 14, .box_h = 17, .ofs_x = 2, .ofs_y = -2},
    {.bitmap_index = 24941, .adv_w = 288, .box_w = 16, .box_h = 16, .ofs_x = 1, .ofs_y = -1},
    {.bitmap_index = 25036, .adv_w = 288, .box_w = 16, .box_h = 17, .ofs_x = 1, .ofs_y = -2},
    {.bitmap_index = 25141, .adv_w = 288, .box_w = 17, .box_h = 18, .ofs_x = 1, .ofs_y = -2},
    {.bitmap_index = 25274, .adv_w = 288, .box_w = 12, .box_h = 18, .ofs_x = 3, .ofs_y = -2},
    {.bitmap_index = 25341, .adv_w = 288, .box_w = 17, .box_h = 17, .ofs_x = 1, .ofs_y = -2},
    {.bitmap_index = 25441, .adv_w = 288, .box_w = 16, .box_h = 16, .ofs_x = 1, .ofs_y = -1},
    {.bitmap_index = 25528, .adv_w = 288, .box_w = 17, .box_h = 18, .ofs_x = 1, .ofs_y = -2},
    {.bitmap_index = 25663, .adv_w = 288, .box_w = 17, .box_h = 17, .ofs_x = 0, .ofs_y = -1},
    {.bitmap_index = 25746, .adv_w = 288, .box_w = 17, .box_h = 18, .ofs_x = 1, .ofs_y = -2},
    {.bitmap_index = 25866, .adv_w = 288, .box_w = 17, .box_h = 18, .ofs_x = 0, .ofs_y = -2},
    {.bitmap_index = 25982, .adv_w = 288, .box_w = 15, .box_h = 18, .ofs_x = 1, .ofs_y = -2},
    {.bitmap_index = 26086, .adv_w = 288, .box_w = 18, .box_h = 18, .ofs_x = 0, .ofs_y = -2},
    {.bitmap_index = 26219, .adv_w = 288, .box_w = 17, .box_h = 17, .ofs_x = 1, .ofs_y = -2},
    {.bitmap_index = 26323, .adv_w = 288, .box_w = 17, .box_h = 17, .ofs_x = 1, .ofs_y = -2},
    {.bitmap_index = 26437, .adv_w = 288, .box_w = 16, .box_h = 16, .ofs_x = 1, .ofs_y = -1},
    {.bitmap_index = 26523, .adv_w = 288, .box_w = 17, .box_h = 18, .ofs_x = 1, .ofs_y = -2},
    {.bitmap_index = 26643, .adv_w = 288, .box_w = 17, .box_h = 16, .ofs_x = 1, .ofs_y = -1},
    {.bitmap_index = 26750, .adv_w = 288, .box_w = 16, .box_h = 16, .ofs_x = 1, .ofs_y = -1},
    {.bitmap_index = 26846, .adv_w = 288, .box_w = 16, .box_h = 17, .ofs_x = 1, .ofs_y = -1},
    {.bitmap_index = 26955, .adv_w = 288, .box_w = 17, .box_h = 16, .ofs_x = 0, .ofs_y = -1},
    {.bitmap_index = 27067, .adv_w = 288, .box_w = 17, .box_h = 17, .ofs_x = 1, .ofs_y = -2},
    {.bitmap_index = 27185, .adv_w = 288, .box_w = 16, .box_h = 16, .ofs_x = 1, .ofs_y = -1},
    {.bitmap_index = 27285, .adv_w = 288, .box_w = 16, .box_h = 17, .ofs_x = 1, .ofs_y = -2},
    {.bitmap_index = 27395, .adv_w = 288, .box_w = 17, .box_h = 17, .ofs_x = 1, .ofs_y = -2},
    {.bitmap_index = 27503, .adv_w = 288, .box_w = 16, .box_h = 17, .ofs_x = 1, .ofs_y = -2},
    {.bitmap_index = 27604, .adv_w = 288, .box_w = 17, .box_h = 18, .ofs_x = 0, .ofs_y = -2},
    {.bitmap_index = 27720, .adv_w = 288, .box_w = 17, .box_h = 17, .ofs_x = 0, .ofs_y = -2},
    {.bitmap_index = 27835, .adv_w = 288, .box_w = 17, .box_h = 18, .ofs_x = 0, .ofs_y = -2},
    {.bitmap_index = 27958, .adv_w = 288, .box_w = 18, .box_h = 18, .ofs_x = 0, .ofs_y = -2},
    {.bitmap_index = 28088, .adv_w = 288, .box_w = 17, .box_h = 18, .ofs_x = 0, .ofs_y = -2},
    {.bitmap_index = 28211, .adv_w = 288, .box_w = 17, .box_h = 17, .ofs_x = 0, .ofs_y = -1},
    {.bitmap_index = 28341, .adv_w = 288, .box_w = 16, .box_h = 17, .ofs_x = 1, .ofs_y = -1},
    {.bitmap_index = 28455, .adv_w = 288, .box_w = 17, .box_h = 16, .ofs_x = 0, .ofs_y = -1},
    {.bitmap_index = 28557, .adv_w = 288, .box_w = 17, .box_h = 16, .ofs_x = 0, .ofs_y = -1},
    {.bitmap_index = 28663, .adv_w = 288, .box_w = 18, .box_h = 16, .ofs_x = 0, .ofs_y = -1},
    {.bitmap_index = 28775, .adv_w = 288, .box_w = 16, .box_h = 16, .ofs_x = 1, .ofs_y = -1},
    {.bitmap_index = 28874, .adv_w = 288, .box_w = 18, .box_h = 16, .ofs_x = 0, .ofs_y = -1},
    {.bitmap_index = 28994, .adv_w = 288, .box_w = 17, .box_h = 16, .ofs_x = 1, .ofs_y = -1},
    {.bitmap_index = 29100, .adv_w = 288, .box_w = 18, .box_h = 16, .ofs_x = 0, .ofs_y = -1},
    {.bitmap_index = 29193, .adv_w = 288, .box_w = 18, .box_h = 16, .ofs_x = 0, .ofs_y = -1},
    {.bitmap_index = 29317, .adv_w = 288, .box_w = 17, .box_h = 17, .ofs_x = 0, .ofs_y = -2},
    {.bitmap_index = 29450, .adv_w = 288, .box_w = 15, .box_h = 16, .ofs_x = 1, .ofs_y = -1},
    {.bitmap_index = 29538, .adv_w = 288, .box_w = 15, .box_h = 17, .ofs_x = 1, .ofs_y = -2},
    {.bitmap_index = 29622, .adv_w = 288, .box_w = 17, .box_h = 17, .ofs_x = 1, .ofs_y = -2},
    {.bitmap_index = 29731, .adv_w = 288, .box_w = 17, .box_h = 18, .ofs_x = 1, .ofs_y = -2},
    {.bitmap_index = 29850, .adv_w = 288, .box_w = 17, .box_h = 16, .ofs_x = 1, .ofs_y = -1},
    {.bitmap_index = 29965, .adv_w = 288, .box_w = 16, .box_h = 15, .ofs_x = 1, .ofs_y = -1},
    {.bitmap_index = 30059, .adv_w = 288, .box_w = 16, .box_h = 16, .ofs_x = 1, .ofs_y = -1},
    {.bitmap_index = 30152, .adv_w = 288, .box_w = 16, .box_h = 17, .ofs_x = 1, .ofs_y = -2},
    {.bitmap_index = 30258, .adv_w = 288, .box_w = 18, .box_h = 17, .ofs_x = 0, .ofs_y = -2},
    {.bitmap_index = 30389, .adv_w = 288, .box_w = 17, .box_h = 18, .ofs_x = 0, .ofs_y = -2},
    {.bitmap_index = 30516, .adv_w = 288, .box_w = 16, .box_h = 17, .ofs_x = 1, .ofs_y = -2},
    {.bitmap_index = 30612, .adv_w = 288, .box_w = 16, .box_h = 18, .ofs_x = 1, .ofs_y = -2},
    {.bitmap_index = 30707, .adv_w = 288, .box_w = 16, .box_h = 16, .ofs_x = 1, .ofs_y = -2},
    {.bitmap_index = 30800, .adv_w = 288, .box_w = 18, .box_h = 17, .ofs_x = 0, .ofs_y = -2},
    {.bitmap_index = 30935, .adv_w = 288, .box_w = 17, .box_h = 16, .ofs_x = 0, .ofs_y = -1},
    {.bitmap_index = 31053, .adv_w = 288, .box_w = 18, .box_h = 17, .ofs_x = 0, .ofs_y = -2},
    {.bitmap_index = 31163, .adv_w = 288, .box_w = 17, .box_h = 18, .ofs_x = 0, .ofs_y = -2},
    {.bitmap_index = 31277, .adv_w = 288, .box_w = 16, .box_h = 17, .ofs_x = 1, .ofs_y = -2},
    {.bitmap_index = 31369, .adv_w = 288, .box_w = 17, .box_h = 17, .ofs_x = 0, .ofs_y = -1},
    {.bitmap_index = 31497, .adv_w = 288, .box_w = 16, .box_h = 17, .ofs_x = 1, .ofs_y = -2},
    {.bitmap_index = 31578, .adv_w = 288, .box_w = 18, .box_h = 17, .ofs_x = 0, .ofs_y = -2},
    {.bitmap_index = 31696, .adv_w = 288, .box_w = 18, .box_h = 17, .ofs_x = 0, .ofs_y = -2},
    {.bitmap_index = 31838, .adv_w = 288, .box_w = 2, .box_h = 5, .ofs_x = 8, .ofs_y = -3},
    {.bitmap_index = 31843, .adv_w = 288, .box_w = 2, .box_h = 10, .ofs_x = 8, .ofs_y = 0}
};

/*---------------------
 *  CHARACTER MAPPING
 *--------------------*/

static const uint16_t unicode_list_1[] = {
    0x0, 0x2053, 0x219b, 0x2550, 0x2551, 0x2694, 0x2f51, 0x2f52,
    0x4d50, 0x4d59, 0x4d5a, 0x4d5b, 0x4d5d, 0x4d5e, 0x4d7a, 0x4d7d,
    0x4d82, 0x4d8b, 0x4ddb, 0x4dde, 0x4de1, 0x4dfe, 0x4e15, 0x4e1a,
    0x4e33, 0x4e34, 0x4e35, 0x4e3a, 0x4e46, 0x4e4b, 0x4e68, 0x4e9d,
    0x4e9e, 0x4ea3, 0x4ecf, 0x4f2d, 0x4f8c, 0x4fac, 0x5099, 0x509b,
    0x50b5, 0x50c3, 0x50c7, 0x50d5, 0x50dc, 0x5102, 0x514b, 0x5156,
    0x516b, 0x516d, 0x5180, 0x5187, 0x519d, 0x51eb, 0x51f0, 0x51f1,
    0x51f8, 0x5222, 0x5266, 0x52b0, 0x52b1, 0x52ef, 0x531a, 0x5321,
    0x5333, 0x533f, 0x5347, 0x535c, 0x535e, 0x5361, 0x5376, 0x537c,
    0x537f, 0x53dc, 0x55b8, 0x562e, 0x5630, 0x5678, 0x5680, 0x5697,
    0x56a7, 0x5840, 0x5854, 0x5857, 0x5866, 0x586a, 0x5879, 0x5881,
    0x591b, 0x5aa7, 0x5aa8, 0x5adc, 0x5aee, 0x5af4, 0x5b06, 0x5b09,
    0x5b49, 0x5b5f, 0x5b81, 0x5b95, 0x5b9f, 0x5ba5, 0x5c40, 0x5d42,
    0x5d77, 0x5d88, 0x5da5, 0x5df6, 0x5e4a, 0x5e50, 0x5e52, 0x5ea3,
    0x5ea5, 0x5ed5, 0x5efa, 0x5f13, 0x5f27, 0x5f29, 0x5f51, 0x5f8b,
    0x6015, 0x6160, 0x61bc, 0x6257, 0x6259, 0x62be, 0x62e2, 0x62f5,
    0x62f7, 0x6320, 0x63c8, 0x63fd, 0x648e, 0x6498, 0x64c0, 0x64fd,
    0x64ff, 0x6500, 0x6509, 0x6530, 0x6535, 0x6537, 0x6546, 0x655e,
    0x657f, 0x658e, 0x65c4, 0x65d2, 0x6644, 0x6650, 0x6659, 0x665d,
    0x667a, 0x667c, 0x668a, 0x66b1, 0x66b5, 0x66cf, 0x6723, 0x6735,
    0x6757, 0x68d2, 0x6971, 0x6a71, 0x6ab2, 0x6ab3, 0x6ab5, 0x6b1f,
    0x6b64, 0x6b84, 0x6bb1, 0x6c25, 0x6c38, 0x6c9b, 0x6d79, 0x6d82,
    0x6dcf, 0x6de0, 0x6fbd, 0x7009, 0x7198, 0x7206, 0x72d7, 0x72ff,
    0x7300, 0x7356, 0x7478, 0x7481, 0x749c, 0x75d4, 0x763e, 0x7648,
    0x765b, 0x7735, 0x77bc, 0x77be, 0x788a, 0x790b, 0x79ca, 0x7a99,
    0x7b01, 0x7be2, 0x7e0f, 0x7e14, 0x7e16, 0x7e2c, 0x7e3a, 0x7e3d,
    0x7e63, 0x7e66, 0x7ea1, 0x7ebe, 0x801c, 0x804d, 0x813a, 0x81bf,
    0x81d2, 0x838d, 0x879c, 0x87b8, 0x8918, 0x8922, 0x8936, 0x8af4,
    0x8b0e, 0x8b11, 0x8b1a, 0x8b25, 0x8b2d, 0x8b36, 0x8b3d, 0x8b44,
    0x8b47, 0x8b53, 0x8c6f, 0x8c73, 0x8c75, 0x8c78, 0x8cc7, 0x8d3f,
    0x8ecb, 0x8ecd, 0x8ee3, 0x8f20, 0x8f21, 0x8f2e, 0x8ffe, 0x9117,
    0x911d, 0x911f, 0x93fe, 0x944e, 0x9542, 0x9544, 0x956f, 0x959d,
    0x9616, 0x9638, 0x963a, 0x9647, 0x964e, 0x96b0, 0x96b2, 0x9743,
    0x97c5, 0x97e1, 0x97e7, 0x981e, 0x982f, 0x98e6, 0x99dc, 0x9a28,
    0x9df6, 0x9e28, 0xfe5c, 0xfe6a
};

/*Collect the unicode lists and glyph_id offsets*/
static const lv_font_fmt_txt_cmap_t cmaps[] =
{
    {
        .range_start = 32, .range_length = 95, .glyph_id_start = 1,
        .unicode_list = NULL, .glyph_id_ofs_list = NULL, .list_length = 0, .type = LV_FONT_FMT_TXT_CMAP_FORMAT0_TINY
    },
    {
        .range_start = 176, .range_length = 65131, .glyph_id_start = 96,
        .unicode_list = unicode_list_1, .glyph_id_ofs_list = NULL, .list_length = 276, .type = LV_FONT_FMT_TXT_CMAP_SPARSE_TINY
    }
};



/*--------------------
 *  ALL CUSTOM DATA
 *--------------------*/

#if LVGL_VERSION_MAJOR == 8
/*Store all the custom data of the font*/
static  lv_font_fmt_txt_glyph_cache_t cache;
#endif

#if LVGL_VERSION_MAJOR >= 8
static const lv_font_fmt_txt_dsc_t font_dsc = {
#else
static lv_font_fmt_txt_dsc_t font_dsc = {
#endif
    .glyph_bitmap = glyph_bitmap,
    .glyph_dsc = glyph_dsc,
    .cmaps = cmaps,
    .kern_dsc = NULL,
    .kern_scale = 0,
    .cmap_num = 2,
    .bpp = 4,
    .kern_classes = 0,
    .bitmap_format = 1,
#if LVGL_VERSION_MAJOR == 8
    .cache = &cache
#endif
};



/*-----------------
 *  PUBLIC FONT
 *----------------*/

/*Initialize a public general font descriptor*/
#if LVGL_VERSION_MAJOR >= 8
const lv_font_t ui_font_p4home_zh_18 = {
#else
lv_font_t ui_font_p4home_zh_18 = {
#endif
    .get_glyph_dsc = lv_font_get_glyph_dsc_fmt_txt,    /*Function pointer to get glyph's data*/
    .get_glyph_bitmap = lv_font_get_bitmap_fmt_txt,    /*Function pointer to get glyph's bitmap*/
    .line_height = 20,          /*The maximum line height required by the font*/
    .base_line = 4,             /*Baseline measured from the bottom of the line*/
#if !(LVGL_VERSION_MAJOR == 6 && LVGL_VERSION_MINOR == 0)
    .subpx = LV_FONT_SUBPX_NONE,
#endif
#if LV_VERSION_CHECK(7, 4, 0) || LVGL_VERSION_MAJOR >= 8
    .underline_position = -2,
    .underline_thickness = 1,
#endif
    .dsc = &font_dsc,          /*The custom font data. Will be accessed by `get_glyph_bitmap/dsc` */
#if LV_VERSION_CHECK(8, 2, 0) || LVGL_VERSION_MAJOR >= 9
    .fallback = NULL,
#endif
    .user_data = NULL,
};



#endif /*#if UI_FONT_P4HOME_ZH_18*/

